{"type":"FeatureCollection",
"source":"Bureau of Meteorology spatial data, ftp://ftp.bom.gov.au/anon/home/adfd/spatial/: IDM00001 public weather forecast districts, IDM00007 fire weather districts, IDM00003 marine zones (IDM00001 of 2016-11-23, IDM00007 of 2026-06-18, IDM00003 of 2024-01-05); South Australia and Tasmania, simplified to 0.005 degrees as coverages, 4 decimal places. Written by tools/WarningAreasGen.java (W-50).",
"features":[
{"type":"Feature","id":"SA_FW001","properties":{"aac":"SA_FW001","name":"Adelaide Metropolitan","state":"sa","type":"fire weather district","source":"IDM00007"},"geometry":{"type":"Polygon","coordinates":[[[138.467,-35.2189],[138.4683,-35.2335],[138.4934,-35.2324],[138.4901,-35.188],[138.5019,-35.1716],[138.5176,-35.1613],[138.5251,-35.147],[138.5381,-35.1465],[138.5357,-35.115],[138.5482,-35.1145],[138.5476,-35.104],[138.5602,-35.1034],[138.5587,-35.0827],[138.5639,-35.0823],[138.56,-35.061],[138.5605,-35.0371],[138.5586,-35.0266],[138.5761,-35.0112],[138.5854,-35.0107],[138.593,-34.9963],[138.602,-34.9959],[138.6116,-34.9838],[138.6211,-34.9825],[138.6333,-34.9741],[138.6355,-34.9641],[138.6443,-34.9636],[138.6438,-34.9576],[138.6528,-34.957],[138.6523,-34.951],[138.6611,-34.9506],[138.6602,-34.9383],[138.6776,-34.9349],[138.6765,-34.9193],[138.6851,-34.9145],[138.6842,-34.9004],[138.6987,-34.8937],[138.7001,-34.875],[138.7097,-34.8746],[138.7092,-34.8649],[138.7218,-34.8593],[138.7161,-34.7871],[138.727,-34.7738],[138.7141,-34.7663],[138.707,-34.7714],[138.6824,-34.7612],[138.683,-34.7474],[138.6791,-34.739],[138.6917,-34.7256],[138.6836,-34.7216],[138.6874,-34.7156],[138.703,-34.7143],[138.7154,-34.6875],[138.6964,-34.6789],[138.7064,-34.6612],[138.702,-34.6594],[138.6915,-34.6769],[138.6623,-34.6646],[138.6564,-34.6739],[138.6676,-34.6788],[138.6498,-34.7068],[138.6161,-34.6924],[138.6045,-34.7108],[138.6211,-34.7295],[138.6108,-34.7435],[138.5928,-34.7328],[138.5829,-34.7328],[138.5942,-34.7672],[138.5961,-34.7875],[138.5903,-34.784],[138.5828,-34.7925],[138.5494,-34.807],[138.5347,-34.815],[138.5146,-34.8099],[138.5087,-34.798],[138.5152,-34.771],[138.5067,-34.7636],[138.4966,-34.764],[138.4783,-34.7823],[138.4896,-34.7978],[138.4905,-34.8133],[138.478,-34.8411],[138.476,-34.8556],[138.5103,-34.9704],[138.5097,-34.9957],[138.5175,-35.0324],[138.5045,-35.0515],[138.494,-35.0845],[138.4766,-35.1016],[138.4682,-35.1198],[138.4692,-35.1398],[138.4663,-35.1468],[138.4693,-35.1643],[138.4653,-35.1745],[138.47,-35.1995],[138.467,-35.2189]]]}},
{"type":"Feature","id":"SA_FW002","properties":{"aac":"SA_FW002","name":"Yorke Peninsula","state":"sa","type":"fire weather district","source":"IDM00007"},"geometry":{"type":"Polygon","coordinates":[[[138.078,-34.1324],[138.0943,-34.1334],[138.0957,-34.1318],[138.1272,-34.1319],[138.1282,-34.1172],[138.1184,-34.1094],[138.1184,-34.0929],[138.1448,-34.0928],[138.1447,-33.9912],[138.0844,-33.9911],[138.085,-33.7014],[138.0849,-33.6088],[138.0853,-33.5184],[138.0681,-33.5148],[138.0683,-33.4704],[137.922,-33.4681],[137.9289,-33.4806],[137.9316,-33.4985],[137.947,-33.5155],[137.9417,-33.5177],[137.9367,-33.5437],[137.9394,-33.5491],[137.9692,-33.5511],[137.9772,-33.5589],[137.9646,-33.5726],[137.9537,-33.5727],[137.9469,-33.5551],[137.9353,-33.5536],[137.9353,-33.579],[137.9288,-33.5921],[137.9259,-33.6178],[137.9096,-33.6311],[137.9012,-33.6311],[137.8948,-33.6223],[137.8995,-33.6115],[137.9065,-33.6175],[137.9135,-33.614],[137.9235,-33.5984],[137.9218,-33.59],[137.894,-33.5879],[137.8768,-33.5991],[137.8576,-33.6306],[137.8453,-33.6399],[137.8354,-33.6419],[137.8244,-33.6563],[137.8067,-33.6724],[137.8022,-33.6826],[137.7749,-33.6953],[137.7541,-33.7147],[137.7352,-33.7395],[137.7246,-33.7697],[137.641,-33.8322],[137.6147,-33.8659],[137.5998,-33.8766],[137.6007,-33.8804],[137.6249,-33.8967],[137.6299,-33.9109],[137.6287,-33.9221],[137.5986,-33.9366],[137.5786,-33.957],[137.5752,-33.9662],[137.5628,-33.9719],[137.5543,-33.9907],[137.5421,-33.99],[137.5283,-34.0039],[137.544,-34.0077],[137.5547,-34.0149],[137.5658,-34.0305],[137.5683,-34.0432],[137.5528,-34.0729],[137.5452,-34.0752],[137.5406,-34.0948],[137.5276,-34.1053],[137.5232,-34.1281],[137.5075,-34.1371],[137.4937,-34.1339],[137.4758,-34.1377],[137.4601,-34.1322],[137.4503,-34.1374],[137.4659,-34.1711],[137.4854,-34.193],[137.5012,-34.2252],[137.4998,-34.2514],[137.5027,-34.2585],[137.4975,-34.2644],[137.5005,-34.3079],[137.499,-34.3182],[137.4846,-34.3409],[137.4817,-34.3755],[137.4762,-34.3927],[137.4652,-34.401],[137.4463,-34.3984],[137.4381,-34.4282],[137.4282,-34.4413],[137.4174,-34.4449],[137.4167,-34.4617],[137.4266,-34.4726],[137.44,-34.4581],[137.4437,-34.4415],[137.4538,-34.4305],[137.4733,-34.4307],[137.4834,-34.4385],[137.4866,-34.4487],[137.4828,-34.4565],[137.4865,-34.4844],[137.4805,-34.5071],[137.4749,-34.5104],[137.5075,-34.5822],[137.5104,-34.6257],[137.5066,-34.6498],[137.5028,-34.6585],[137.4932,-34.6661],[137.4876,-34.7126],[137.4784,-34.7315],[137.4775,-34.76],[137.4601,-34.8053],[137.4589,-34.8799],[137.45,-34.9093],[137.4165,-34.9382],[137.374,-34.9534],[137.3552,-34.9447],[137.3474,-34.9287],[137.3219,-34.9304],[137.3103,-34.9275],[137.2974,-34.9151],[137.291,-34.8993],[137.2765,-34.8929],[137.2582,-34.8969],[137.2508,-34.8939],[137.2365,-34.9016],[137.2227,-34.9036],[137.198,-34.8992],[137.1482,-34.9167],[137.0971,-34.9187],[137.0765,-34.9174],[137.0589,-34.9109],[137.0489,-34.9024],[137.0214,-34.8988],[137.0151,-34.8923],[137.0095,-34.8946],[137.0124,-34.9197],[136.9968,-34.9331],[136.9768,-34.9418],[136.9696,-34.9724],[136.9724,-34.9857],[136.9684,-35.0012],[136.958,-35.0102],[136.9504,-35.0098],[136.9464,-35.0201],[136.9317,-35.0275],[136.9549,-35.0638],[136.9616,-35.0875],[136.9444,-35.1059],[136.9414,-35.1272],[136.9323,-35.1401],[136.9223,-35.1416],[136.9138,-35.1527],[136.9043,-35.1534],[136.8938,-35.1604],[136.8946,-35.1774],[136.8878,-35.1848],[136.8669,-35.1932],[136.8463,-35.1893],[136.8445,-35.192],[136.8467,-35.2282],[136.8278,-35.2483],[136.8444,-35.27],[136.8477,-35.2816],[136.8605,-35.2882],[136.8709,-35.2875],[136.8825,-35.3009],[136.891,-35.2979],[136.9018,-35.2861],[136.9142,-35.2882],[136.9417,-35.2839],[136.9452,-35.269],[136.968,-35.2667],[136.9705,-35.2523],[136.9824,-35.2498],[136.9825,-35.2356],[137.0028,-35.2231],[137.0402,-35.2212],[137.0682,-35.2286],[137.0805,-35.227],[137.111,-35.2429],[137.1178,-35.2377],[137.1406,-35.2438],[137.1737,-35.2376],[137.1902,-35.2298],[137.1933,-35.213],[137.1906,-35.2082],[137.2105,-35.1835],[137.2374,-35.1645],[137.2653,-35.159],[137.2976,-35.1682],[137.3061,-35.1649],[137.3334,-35.1684],[137.3449,-35.1631],[137.3402,-35.1506],[137.3485,-35.1369],[137.3714,-35.1222],[137.4227,-35.0982],[137.4657,-35.0998],[137.5114,-35.1195],[137.5225,-35.1137],[137.5497,-35.1154],[137.6099,-35.1452],[137.6368,-35.1675],[137.6796,-35.1686],[137.6845,-35.1645],[137.6873,-35.1514],[137.6975,-35.142],[137.7353,-35.1303],[137.7613,-35.1134],[137.7439,-35.1004],[137.7504,-35.0818],[137.7472,-35.0739],[137.7363,-35.0653],[137.7283,-35.0481],[137.742,-35.0417],[137.7547,-35.0447],[137.7655,-35.0407],[137.7597,-34.9986],[137.7643,-34.9808],[137.7849,-34.9464],[137.7901,-34.9252],[137.8055,-34.9124],[137.797,-34.9063],[137.7963,-34.8955],[137.8088,-34.8599],[137.8242,-34.8376],[137.8325,-34.8137],[137.8644,-34.7777],[137.8578,-34.7702],[137.8803,-34.6933],[137.8772,-34.6667],[137.8866,-34.6452],[137.901,-34.6339],[137.9013,-34.6226],[137.9075,-34.6152],[137.8851,-34.6077],[137.8759,-34.5958],[137.876,-34.5806],[137.8839,-34.5667],[137.8857,-34.5144],[137.8977,-34.4936],[137.8973,-34.48],[137.9099,-34.4592],[137.9182,-34.4272],[137.9479,-34.3966],[137.9932,-34.3637],[138.0066,-34.3485],[138.0166,-34.3244],[138.0233,-34.2757],[138.0053,-34.2626],[138.0103,-34.2331],[138.0312,-34.2175],[138.0341,-34.1955],[138.0402,-34.1833],[138.0676,-34.1471],[138.0705,-34.1372],[138.078,-34.1324]]]}},
{"type":"Feature","id":"SA_FW003","properties":{"aac":"SA_FW003","name":"Kangaroo Island","state":"sa","type":"fire weather district","source":"IDM00007"},"geometry":{"type":"Polygon","coordinates":[[[137.6126,-35.9114],[137.6599,-35.885],[137.7006,-35.8773],[137.7262,-35.877],[137.7362,-35.8651],[137.7391,-35.8543],[137.8124,-35.8518],[137.8514,-35.8585],[137.8675,-35.8637],[137.8742,-35.8707],[137.9111,-35.8601],[137.9368,-35.8651],[137.9738,-35.8802],[137.9773,-35.8862],[138.0039,-35.8919],[138.0204,-35.9018],[138.0419,-35.9034],[138.0559,-35.8956],[138.0654,-35.8801],[138.0752,-35.8762],[138.1106,-35.848],[138.1303,-35.8456],[138.1347,-35.8405],[138.1233,-35.8336],[138.1195,-35.82],[138.1254,-35.8015],[138.1184,-35.808],[138.1053,-35.809],[138.0812,-35.7985],[138.0674,-35.7814],[138.067,-35.7587],[138.046,-35.7425],[138.0342,-35.7417],[138.0057,-35.7258],[137.9948,-35.7268],[137.9736,-35.7205],[137.946,-35.7216],[137.941,-35.7167],[137.9181,-35.7206],[137.9048,-35.7176],[137.8929,-35.73],[137.892,-35.7583],[137.866,-35.7771],[137.8523,-35.7947],[137.8198,-35.8],[137.8015,-35.7966],[137.7729,-35.7805],[137.8033,-35.7582],[137.7802,-35.7249],[137.7687,-35.7232],[137.7332,-35.7363],[137.6924,-35.7401],[137.6577,-35.7386],[137.6271,-35.7322],[137.5973,-35.7361],[137.58,-35.7285],[137.5787,-35.7099],[137.6015,-35.6944],[137.6051,-35.6798],[137.618,-35.6683],[137.6436,-35.6542],[137.6399,-35.6413],[137.6166,-35.6368],[137.5883,-35.6432],[137.5698,-35.6324],[137.5697,-35.6192],[137.591,-35.6003],[137.6128,-35.5896],[137.6269,-35.5972],[137.6307,-35.5918],[137.6306,-35.5747],[137.6347,-35.566],[137.6223,-35.5613],[137.6044,-35.5717],[137.5921,-35.5645],[137.5855,-35.569],[137.5655,-35.5718],[137.5484,-35.5871],[137.5213,-35.5962],[137.5052,-35.5931],[137.5036,-35.5864],[137.4899,-35.5798],[137.4479,-35.5959],[137.4142,-35.5882],[137.3863,-35.5902],[137.3715,-35.5853],[137.3491,-35.5865],[137.327,-35.578],[137.3111,-35.5795],[137.3019,-35.5891],[137.27,-35.6026],[137.2613,-35.6001],[137.2389,-35.6039],[137.2228,-35.6174],[137.211,-35.6175],[137.2043,-35.6239],[137.184,-35.6218],[137.1639,-35.632],[137.1415,-35.6298],[137.1141,-35.6555],[137.1075,-35.6541],[137.0742,-35.6632],[137.0705,-35.6685],[137.0526,-35.6665],[137.0098,-35.6738],[136.9974,-35.6711],[136.9516,-35.6735],[136.892,-35.6877],[136.825,-35.6953],[136.823,-35.699],[136.7836,-35.6998],[136.7786,-35.7116],[136.7672,-35.7146],[136.7593,-35.7214],[136.7466,-35.7238],[136.721,-35.7197],[136.6974,-35.7388],[136.6317,-35.7484],[136.6162,-35.7448],[136.5868,-35.7484],[136.5737,-35.7654],[136.5777,-35.7931],[136.5654,-35.8107],[136.5666,-35.822],[136.5596,-35.828],[136.5628,-35.8493],[136.54,-35.8582],[136.532,-35.8759],[136.5342,-35.8858],[136.5497,-35.8858],[136.543,-35.8909],[136.5442,-35.8988],[136.5786,-35.9295],[136.5793,-35.9482],[136.5924,-35.9522],[136.5948,-35.9601],[136.6231,-35.9534],[136.6303,-35.9603],[136.6513,-35.9645],[136.6648,-35.9757],[136.7091,-36.0354],[136.7076,-36.0512],[136.6974,-36.0547],[136.7054,-36.0644],[136.7098,-36.0575],[136.7189,-36.0577],[136.7269,-36.0456],[136.7428,-36.0431],[136.7606,-36.0493],[136.7735,-36.0451],[136.7819,-36.0318],[136.8156,-36.0367],[136.8309,-36.021],[136.8417,-36.0176],[136.8665,-36.0186],[136.8967,-36.0328],[136.907,-36.0418],[136.9171,-36.043],[136.941,-36.0278],[136.9499,-36.029],[136.9965,-36.0169],[137.0148,-36.0179],[137.0292,-36.0261],[137.0404,-36.0263],[137.0575,-36.0201],[137.0923,-36.024],[137.1071,-36.0185],[137.1314,-36.0326],[137.1464,-36.0205],[137.1627,-36.025],[137.1624,-36.0154],[137.17,-36.0143],[137.1783,-36.0028],[137.189,-35.9968],[137.1778,-35.9894],[137.1825,-35.9799],[137.2096,-35.9725],[137.2433,-35.9819],[137.2559,-35.9805],[137.2788,-35.992],[137.301,-35.9898],[137.3245,-35.9967],[137.3315,-35.992],[137.3509,-35.992],[137.3627,-36],[137.3695,-35.9965],[137.3811,-36.013],[137.4087,-36.0364],[137.4116,-36.0347],[137.4574,-36.0663],[137.461,-36.0741],[137.4806,-36.0648],[137.4865,-36.0572],[137.5043,-36.0548],[137.5201,-36.0371],[137.5408,-36.0238],[137.5873,-36.0184],[137.6028,-36.0082],[137.616,-35.9892],[137.6183,-35.9787],[137.6047,-35.9641],[137.5972,-35.9395],[137.6126,-35.9114]]]}},
{"type":"Feature","id":"SA_FW004","properties":{"aac":"SA_FW004","name":"Upper South East","state":"sa","type":"fire weather district","source":"IDM00007"},"geometry":{"type":"MultiPolygon","coordinates":[[[[139.5012,-35.5976],[139.3702,-35.5971],[139.3777,-35.6064],[139.4036,-35.6081],[139.3881,-35.6136],[139.3765,-35.6106],[139.3555,-35.6198],[139.3465,-35.6421],[139.341,-35.6811],[139.3306,-35.6898],[139.3089,-35.6891],[139.296,-35.6845],[139.2615,-35.6996],[139.2729,-35.7097],[139.2681,-35.7164],[139.2748,-35.7212],[139.2723,-35.7325],[139.2646,-35.7349],[139.252,-35.7218],[139.2598,-35.7111],[139.2536,-35.6981],[139.2332,-35.6952],[139.2213,-35.6834],[139.2255,-35.6776],[139.216,-35.6671],[139.2151,-35.6604],[139.206,-35.6583],[139.2041,-35.6521],[139.2559,-35.6373],[139.2537,-35.6223],[139.2375,-35.6262],[139.2166,-35.6269],[139.2093,-35.6123],[139.2182,-35.6115],[139.2357,-35.6022],[139.2473,-35.5885],[139.2363,-35.5843],[139.238,-35.5762],[139.2552,-35.5534],[139.243,-35.5526],[139.2409,-35.5455],[139.2265,-35.5387],[139.222,-35.53],[139.2078,-35.5313],[139.1838,-35.5247],[139.1753,-35.5175],[139.1845,-35.5127],[139.1781,-35.5027],[139.1451,-35.498],[139.1289,-35.5048],[139.1008,-35.5205],[139.0791,-35.5549],[139.0804,-35.5664],[139.0852,-35.5681],[139.1096,-35.5898],[139.1061,-35.5978],[139.0811,-35.5971],[139.0885,-35.6048],[139.0873,-35.6104],[139.0654,-35.6],[139.0683,-35.617],[139.0554,-35.6094],[139.0625,-35.6028],[139.0489,-35.6056],[139.0451,-35.5921],[139.0317,-35.5961],[138.9969,-35.5768],[139.024,-35.5936],[139.0261,-35.5978],[139.075,-35.6229],[139.0997,-35.6452],[139.1231,-35.6566],[139.1329,-35.6693],[139.1413,-35.669],[139.1645,-35.6843],[139.1771,-35.7038],[139.1871,-35.7035],[139.1986,-35.7117],[139.2084,-35.7133],[139.2125,-35.7266],[139.2161,-35.7224],[139.2259,-35.7252],[139.2411,-35.7372],[139.2431,-35.7436],[139.2617,-35.7535],[139.2723,-35.7721],[139.2875,-35.7861],[139.3045,-35.7875],[139.3417,-35.8154],[139.3556,-35.8319],[139.3558,-35.8367],[139.3843,-35.8444],[139.3858,-35.8565],[139.3934,-35.8667],[139.3876,-35.8723],[139.3984,-35.8817],[139.397,-35.8948],[139.4059,-35.8978],[139.4123,-35.8734],[139.4261,-35.8826],[139.4292,-35.8894],[139.4167,-35.8903],[139.4119,-35.9016],[139.415,-35.9102],[139.4248,-35.9095],[139.4469,-35.9272],[139.4433,-35.9177],[139.4316,-35.9118],[139.4279,-35.9039],[139.4415,-35.8996],[139.5177,-35.9609],[139.527,-35.9704],[139.5296,-35.9797],[139.5367,-35.9842],[139.5423,-35.9973],[139.5664,-36.0209],[139.5686,-36.037],[139.5769,-36.0393],[139.579,-36.0514],[139.5874,-36.0548],[139.5895,-36.0634],[139.6002,-36.0653],[139.595,-36.0756],[139.6012,-36.0808],[139.6002,-36.0928],[139.6083,-36.1042],[139.6251,-36.1029],[139.6354,-36.114],[139.6417,-36.128],[139.6348,-36.1452],[139.6545,-36.1691],[139.6709,-36.204],[139.6989,-36.2491],[139.9277,-36.2521],[140.0465,-36.2539],[140.0463,-36.4665],[140.2269,-36.4666],[140.4318,-36.4664],[140.4316,-36.7024],[140.4869,-36.6946],[140.486,-36.6928],[140.5166,-36.6946],[140.5356,-36.6908],[140.5487,-36.6926],[140.6122,-36.6926],[140.6121,-36.6694],[140.9647,-36.669],[140.964,-35.914],[140.8747,-35.9136],[140.8747,-35.9224],[140.7499,-35.9224],[140.7499,-35.9253],[140.4548,-35.9246],[140.4548,-35.9593],[140.3357,-35.9592],[140.3355,-35.944],[140.2532,-35.9443],[140.2533,-35.649],[139.7806,-35.6497],[139.6198,-35.6491],[139.6198,-35.5969],[139.5012,-35.5976]]],[[[139.6566,-36.223],[139.6718,-36.2488],[139.6888,-36.249],[139.6877,-36.2369],[139.6711,-36.2219],[139.6667,-36.2077],[139.6382,-36.1787],[139.6245,-36.1488],[139.6172,-36.1464],[139.6084,-36.1319],[139.6,-36.1271],[139.5936,-36.1099],[139.5844,-36.1033],[139.5814,-36.0945],[139.5717,-36.0887],[139.5616,-36.0704],[139.5541,-36.0664],[139.5552,-36.0596],[139.5483,-36.0541],[139.5473,-36.044],[139.5249,-36.0352],[139.5039,-36.0044],[139.4871,-35.9914],[139.4841,-35.9778],[139.463,-35.9675],[139.4639,-35.9619],[139.4509,-35.9463],[139.4277,-35.9225],[139.3946,-35.9023],[139.3954,-35.8973],[139.3707,-35.8759],[139.3718,-35.8699],[139.3621,-35.8691],[139.3645,-35.8591],[139.3476,-35.8553],[139.3545,-35.852],[139.3362,-35.8475],[139.3336,-35.8399],[139.3046,-35.8211],[139.2917,-35.8054],[139.2783,-35.7956],[139.2801,-35.79],[139.2709,-35.7886],[139.2614,-35.7777],[139.2459,-35.7724],[139.2416,-35.7634],[139.2251,-35.7551],[139.2058,-35.7365],[139.2054,-35.7288],[139.195,-35.7282],[139.1729,-35.7098],[139.154,-35.7015],[139.1393,-35.6909],[139.1387,-35.6815],[139.1254,-35.6819],[139.1129,-35.6665],[139.075,-35.6474],[139.0601,-35.631],[139.0408,-35.6268],[139.0356,-35.6176],[139.0188,-35.6088],[139.016,-35.601],[139.0058,-35.6005],[139.0111,-35.5939],[138.9972,-35.591],[138.988,-35.5948],[138.9884,-35.5804],[138.9795,-35.5767],[138.9644,-35.5814],[138.9583,-35.5733],[138.9463,-35.5735],[138.9379,-35.5664],[138.9245,-35.5703],[138.9125,-35.5683],[138.8994,-35.5595],[138.8955,-35.5653],[139.0008,-35.6176],[139.1468,-35.7085],[139.2808,-35.8087],[139.3772,-35.8929],[139.4871,-36.0028],[139.5391,-36.0619],[139.5989,-36.1392],[139.6566,-36.223]]],[[[138.9357,-35.5555],[138.9327,-35.5618],[138.9399,-35.5578],[138.9565,-35.5577],[138.9839,-35.5753],[138.9969,-35.5768],[138.9621,-35.557],[138.9781,-35.5466],[138.9928,-35.541],[139.0028,-35.5407],[139.0073,-35.5354],[138.9824,-35.5279],[138.9662,-35.5287],[138.9663,-35.5413],[138.954,-35.5511],[138.9357,-35.5555]]]]}},
{"type":"Feature","id":"SA_FW005","properties":{"aac":"SA_FW005","name":"Lower South East","state":"sa","type":"fire weather district","source":"IDM00007"},"geometry":{"type":"Polygon","coordinates":[[[139.7015,-36.2619],[139.6888,-36.249],[139.6718,-36.2488],[139.6938,-36.286],[139.7755,-36.4434],[139.8077,-36.5171],[139.8462,-36.6274],[139.8627,-36.6887],[139.8638,-36.7423],[139.8601,-36.7869],[139.8511,-36.8237],[139.8438,-36.8395],[139.8199,-36.869],[139.7826,-36.8986],[139.7478,-36.9102],[139.7024,-36.9384],[139.6761,-36.9428],[139.6717,-36.9598],[139.6921,-36.9802],[139.7191,-36.9986],[139.7411,-37.0233],[139.7439,-37.0319],[139.7392,-37.0557],[139.744,-37.0753],[139.7615,-37.0787],[139.7734,-37.0866],[139.7928,-37.1161],[139.7966,-37.1385],[139.7869,-37.1618],[139.7778,-37.1666],[139.7512,-37.1639],[139.7434,-37.1569],[139.7442,-37.1759],[139.7398,-37.1835],[139.7606,-37.199],[139.8215,-37.2949],[139.8513,-37.3251],[139.8469,-37.3283],[139.866,-37.3362],[139.8907,-37.3773],[139.9138,-37.3931],[139.931,-37.4191],[139.9484,-37.4315],[139.9516,-37.4427],[139.9598,-37.4437],[139.974,-37.4602],[139.9974,-37.4773],[139.9999,-37.4875],[140.0159,-37.4913],[140.021,-37.4772],[140.0351,-37.4753],[140.0587,-37.4836],[140.0786,-37.5046],[140.1074,-37.52],[140.1241,-37.5344],[140.1306,-37.5443],[140.1318,-37.559],[140.121,-37.5711],[140.1086,-37.5669],[140.1138,-37.5789],[140.1212,-37.5802],[140.1736,-37.6136],[140.23,-37.6662],[140.2554,-37.695],[140.2773,-37.7224],[140.3203,-37.7918],[140.3288,-37.8071],[140.328,-37.8156],[140.3349,-37.8205],[140.356,-37.8533],[140.3757,-37.899],[140.3905,-37.9034],[140.3969,-37.9182],[140.4059,-37.9178],[140.4216,-37.9312],[140.4413,-37.9321],[140.4542,-37.9371],[140.4679,-37.9511],[140.4953,-37.9643],[140.5172,-37.9901],[140.5435,-38.0035],[140.5667,-38.0073],[140.5713,-38.0217],[140.5792,-38.0299],[140.5908,-38.024],[140.6087,-38.0279],[140.6193,-38.0333],[140.623,-38.0411],[140.6298,-38.0382],[140.6434,-38.0414],[140.6628,-38.0612],[140.7164,-38.0505],[140.7473,-38.0586],[140.7691,-38.057],[140.7835,-38.0453],[140.8079,-38.0485],[140.8198,-38.0419],[140.8399,-38.0405],[140.8742,-38.0509],[140.9022,-38.0469],[140.919,-38.052],[140.9658,-38.0563],[140.9651,-37.1303],[140.9647,-36.669],[140.6121,-36.6694],[140.6122,-36.6926],[140.5487,-36.6926],[140.5356,-36.6908],[140.5166,-36.6946],[140.486,-36.6928],[140.4869,-36.6946],[140.4316,-36.7024],[140.4318,-36.4664],[140.2269,-36.4666],[140.0463,-36.4665],[140.0465,-36.2539],[139.9277,-36.2521],[139.6989,-36.2491],[139.7127,-36.2713],[139.7209,-36.2786],[139.7151,-36.2847],[139.7015,-36.2717],[139.7015,-36.2619]]]}},
{"type":"Feature","id":"SA_FW006","properties":{"aac":"SA_FW006","name":"Riverland","state":"sa","type":"fire weather district","source":"IDM00007"},"geometry":{"type":"Polygon","coordinates":[[[141,-34.0227],[140.9999,-33.8005],[139.7006,-33.8006],[139.3559,-33.8031],[139.3567,-34.111],[139.3581,-34.1754],[139.3512,-34.2092],[139.3508,-34.3194],[139.6261,-34.3191],[139.617,-34.3348],[139.6177,-34.3531],[139.63,-34.3638],[139.6171,-34.3963],[139.6153,-34.417],[139.611,-34.4266],[139.611,-34.4448],[139.608,-34.4657],[139.601,-34.4764],[139.7583,-34.4763],[139.7585,-34.6068],[139.8001,-34.611],[139.8411,-34.6127],[139.8836,-34.6078],[139.9143,-34.6147],[139.9251,-34.6138],[139.9675,-34.6207],[140.0639,-34.6],[140.0646,-34.5752],[140.1016,-34.5752],[140.154,-34.5648],[140.1881,-34.5649],[140.188,-34.6613],[140.1773,-34.6617],[140.1771,-34.6944],[140.3676,-34.6943],[140.3678,-34.6377],[140.5013,-34.6382],[140.7657,-34.6379],[140.963,-34.6375],[140.9625,-33.9803],[140.9696,-33.9859],[140.9681,-33.9958],[140.9818,-34.0006],[140.9761,-34.0084],[140.9874,-34.0104],[140.982,-34.0151],[140.9877,-34.0289],[141,-34.0227]]]}},
{"type":"Feature","id":"SA_FW007","properties":{"aac":"SA_FW007","name":"Murraylands","state":"sa","type":"fire weather district","source":"IDM00007"},"geometry":{"type":"Polygon","coordinates":[[[140.8747,-35.9136],[140.964,-35.914],[140.9633,-34.9303],[140.963,-34.6375],[140.7657,-34.6379],[140.5013,-34.6382],[140.3678,-34.6377],[140.3676,-34.6943],[140.1771,-34.6944],[140.1773,-34.6617],[140.188,-34.6613],[140.1881,-34.5649],[140.154,-34.5648],[140.1016,-34.5752],[140.0646,-34.5752],[140.0639,-34.6],[139.9675,-34.6207],[139.9251,-34.6138],[139.9143,-34.6147],[139.8836,-34.6078],[139.8411,-34.6127],[139.8001,-34.611],[139.7585,-34.6068],[139.7583,-34.4763],[139.601,-34.4764],[139.608,-34.4657],[139.611,-34.4448],[139.611,-34.4266],[139.6153,-34.417],[139.6171,-34.3963],[139.63,-34.3638],[139.6177,-34.3531],[139.617,-34.3348],[139.6261,-34.3191],[139.3508,-34.3194],[139.2643,-34.3194],[139.2644,-34.2959],[139.2154,-34.3102],[139.1996,-34.3122],[139.1902,-34.3214],[139.1627,-34.3272],[139.1484,-34.3337],[139.1051,-34.33],[139.1104,-34.3482],[139.1168,-34.3517],[139.1122,-34.3789],[139.0983,-34.3855],[139.0938,-34.401],[139.1009,-34.4115],[139.1122,-34.4295],[139.1119,-34.4388],[139.1253,-34.4419],[139.1378,-34.4565],[139.1513,-34.4624],[139.1719,-34.4834],[139.1622,-34.4859],[139.1565,-34.4936],[139.1591,-34.501],[139.155,-34.5086],[139.1349,-34.5087],[139.1263,-34.5264],[139.1145,-34.5328],[139.1095,-34.5488],[139.1106,-34.5556],[139.1005,-34.565],[139.0963,-34.5805],[139.1062,-34.5936],[139.1027,-34.598],[139.1032,-34.6206],[139.1626,-34.6211],[139.1575,-34.6326],[139.158,-34.6475],[139.1694,-34.691],[139.1676,-34.7094],[139.1582,-34.7057],[139.1507,-34.7685],[139.1378,-34.7696],[139.1384,-34.763],[139.087,-34.7592],[139.0862,-34.7663],[139.076,-34.7733],[139.0805,-34.7768],[139.0587,-34.8002],[139.0453,-34.8079],[139.0389,-34.8224],[139.0251,-34.8233],[139.0191,-34.8293],[139.0015,-34.8345],[139.0069,-34.8413],[139.0019,-34.8509],[139.0091,-34.8637],[138.9894,-34.879],[138.9752,-34.8776],[138.9808,-34.883],[138.9752,-34.8949],[139.0349,-34.9287],[139.0194,-34.9527],[139.0288,-34.9574],[139.0293,-34.9675],[139.0413,-34.9774],[139.0313,-35.0018],[139.0375,-35.0136],[139.0327,-35.0274],[139.0291,-35.0622],[139.0363,-35.0784],[139.0334,-35.0839],[139.0369,-35.1001],[139.0435,-35.1069],[139.0426,-35.1151],[139.0273,-35.1366],[139.0241,-35.1527],[139.0184,-35.1604],[139.0156,-35.1778],[139.0038,-35.1828],[138.9653,-35.2085],[138.9457,-35.2309],[138.9291,-35.2453],[138.9146,-35.2516],[138.9214,-35.2599],[138.9155,-35.278],[138.9096,-35.2794],[138.9083,-35.29],[138.8884,-35.2889],[138.8781,-35.2749],[138.8713,-35.2872],[138.8508,-35.3021],[138.8405,-35.3231],[138.8228,-35.3401],[138.8186,-35.3547],[138.8206,-35.3665],[138.8172,-35.3732],[138.8018,-35.3795],[138.8191,-35.3929],[138.8236,-35.3899],[138.8265,-35.4051],[138.8416,-35.413],[138.8478,-35.428],[138.862,-35.4385],[138.8678,-35.447],[138.866,-35.46],[138.883,-35.469],[138.8885,-35.4774],[138.906,-35.4862],[138.9115,-35.4943],[138.9208,-35.4911],[138.9303,-35.5032],[138.931,-35.4922],[138.9435,-35.4915],[138.9677,-35.5018],[138.9705,-35.4937],[138.9834,-35.4999],[138.9778,-35.507],[138.9818,-35.5179],[139.0067,-35.5121],[139.0134,-35.5144],[139.0322,-35.5127],[139.0465,-35.4998],[139.0259,-35.4927],[139.0154,-35.4919],[139.0047,-35.4841],[138.9896,-35.4896],[138.9574,-35.4728],[138.9516,-35.4484],[138.9646,-35.4289],[138.9728,-35.4081],[138.9857,-35.4002],[139.0194,-35.393],[139.054,-35.3894],[139.075,-35.3907],[139.0946,-35.3878],[139.1005,-35.3828],[139.1247,-35.3778],[139.1345,-35.3717],[139.1346,-35.364],[139.1264,-35.362],[139.1445,-35.3489],[139.1598,-35.3436],[139.1724,-35.3333],[139.1933,-35.3296],[139.2172,-35.329],[139.2079,-35.3244],[139.1831,-35.3284],[139.1685,-35.3259],[139.1572,-35.3282],[139.1657,-35.3182],[139.1759,-35.3127],[139.1929,-35.3094],[139.2067,-35.3104],[139.2468,-35.3215],[139.2652,-35.3322],[139.2814,-35.3473],[139.2837,-35.353],[139.3055,-35.3756],[139.3178,-35.4012],[139.3396,-35.3849],[139.3481,-35.3644],[139.3645,-35.3447],[139.38,-35.3453],[139.3813,-35.3498],[139.3607,-35.3677],[139.3705,-35.3687],[139.3698,-35.3748],[139.36,-35.3862],[139.357,-35.4002],[139.3443,-35.4101],[139.3392,-35.4258],[139.346,-35.4368],[139.3508,-35.4337],[139.3625,-35.4383],[139.3708,-35.4487],[139.3744,-35.4649],[139.3481,-35.4893],[139.3226,-35.4908],[139.3098,-35.4818],[139.2797,-35.4805],[139.2522,-35.4937],[139.2372,-35.4947],[139.2099,-35.5046],[139.1907,-35.5089],[139.2039,-35.5147],[139.2266,-35.5173],[139.2607,-35.5363],[139.2787,-35.539],[139.3161,-35.5597],[139.3638,-35.5908],[139.3702,-35.5971],[139.5012,-35.5976],[139.6198,-35.5969],[139.6198,-35.6491],[139.7806,-35.6497],[140.2533,-35.649],[140.2532,-35.9443],[140.3355,-35.944],[140.3357,-35.9592],[140.4548,-35.9593],[140.4548,-35.9246],[140.7499,-35.9253],[140.7499,-35.9224],[140.8747,-35.9224],[140.8747,-35.9136]]]}},
{"type":"Feature","id":"SA_FW008","properties":{"aac":"SA_FW008","name":"Mid North","state":"sa","type":"fire weather district","source":"IDM00007"},"geometry":{"type":"Polygon","coordinates":[[[138.4306,-34.668],[138.4365,-34.6719],[138.4398,-34.6695],[138.4536,-34.6763],[138.4644,-34.6733],[138.4739,-34.6638],[138.4887,-34.6584],[138.492,-34.6474],[138.4999,-34.6473],[138.5243,-34.6367],[138.5295,-34.6414],[138.5396,-34.636],[138.5595,-34.6391],[138.5634,-34.6355],[138.591,-34.6388],[138.6,-34.6325],[138.6161,-34.633],[138.6259,-34.6274],[138.632,-34.6311],[138.6463,-34.6305],[138.6503,-34.6237],[138.6674,-34.6202],[138.6708,-34.6158],[138.6983,-34.6177],[138.7219,-34.6123],[138.7317,-34.5916],[138.7325,-34.584],[138.7465,-34.5723],[138.7483,-34.5869],[138.7583,-34.5843],[138.7515,-34.5786],[138.762,-34.5692],[138.7704,-34.5687],[138.7728,-34.561],[138.7884,-34.5626],[138.7944,-34.5515],[138.8027,-34.5509],[138.8026,-34.561],[138.8135,-34.558],[138.8286,-34.5697],[138.8315,-34.5556],[138.8493,-34.5555],[138.8609,-34.5488],[138.8671,-34.5545],[138.8685,-34.5663],[138.8739,-34.5741],[138.8905,-34.569],[138.9146,-34.5769],[138.9148,-34.5829],[138.9248,-34.5829],[138.9306,-34.561],[138.9407,-34.5547],[138.9468,-34.5432],[138.9368,-34.5388],[138.9488,-34.531],[138.952,-34.5213],[138.9633,-34.5061],[138.9702,-34.5071],[138.9702,-34.499],[138.9781,-34.4905],[138.9699,-34.4863],[138.9783,-34.4664],[138.9733,-34.45],[139.0018,-34.4585],[139.0575,-34.4243],[139.0796,-34.4198],[139.1009,-34.4115],[139.0938,-34.401],[139.0983,-34.3855],[139.1122,-34.3789],[139.1168,-34.3517],[139.1104,-34.3482],[139.1051,-34.33],[139.1484,-34.3337],[139.1627,-34.3272],[139.1902,-34.3214],[139.1996,-34.3122],[139.2154,-34.3102],[139.2644,-34.2959],[139.2643,-34.3194],[139.3508,-34.3194],[139.3512,-34.2092],[139.3581,-34.1754],[139.3567,-34.111],[139.3559,-33.8031],[139.3546,-33.3254],[139.3543,-33.0976],[139.1816,-33.0982],[138.8154,-33.101],[138.6979,-33.1017],[138.6979,-33.0945],[138.707,-33.0779],[138.7215,-33.0706],[138.7205,-32.9424],[138.4392,-32.9433],[138.4394,-33.1031],[138.213,-33.1039],[138.2106,-33.1131],[138.2003,-33.1113],[138.1961,-33.104],[138.0439,-33.104],[138.031,-33.1074],[138.0404,-33.1092],[138.0472,-33.1216],[138.0399,-33.1341],[138.0225,-33.1404],[138.0115,-33.1505],[138.0048,-33.1441],[138.0096,-33.1348],[137.9989,-33.1298],[137.9861,-33.1411],[137.9565,-33.1442],[137.9599,-33.1493],[137.9395,-33.1545],[137.921,-33.1738],[137.9138,-33.1675],[137.9035,-33.169],[137.8546,-33.1878],[137.8457,-33.2009],[137.8322,-33.2079],[137.8335,-33.2193],[137.8228,-33.2317],[137.8175,-33.2456],[137.8235,-33.2537],[137.8131,-33.2594],[137.8102,-33.2747],[137.8289,-33.2995],[137.8397,-33.3048],[137.8426,-33.3179],[137.8527,-33.3277],[137.8823,-33.3302],[137.8841,-33.3525],[137.8741,-33.3643],[137.8699,-33.3963],[137.9051,-33.4374],[137.922,-33.4681],[138.0683,-33.4704],[138.0681,-33.5148],[138.0853,-33.5184],[138.0849,-33.6088],[138.085,-33.7014],[138.0844,-33.9911],[138.1447,-33.9912],[138.1448,-34.0928],[138.1184,-34.0929],[138.1184,-34.1094],[138.1282,-34.1172],[138.1272,-34.1319],[138.0957,-34.1318],[138.0943,-34.1334],[138.1041,-34.1392],[138.1081,-34.1557],[138.1349,-34.189],[138.1434,-34.1919],[138.1558,-34.2083],[138.1626,-34.2247],[138.1633,-34.246],[138.1451,-34.2598],[138.1454,-34.2671],[138.1571,-34.271],[138.1848,-34.2681],[138.1925,-34.271],[138.2238,-34.312],[138.2302,-34.3407],[138.2251,-34.3639],[138.246,-34.3986],[138.2584,-34.4355],[138.2604,-34.4621],[138.2662,-34.4771],[138.2889,-34.4903],[138.3095,-34.5091],[138.3302,-34.5181],[138.344,-34.5372],[138.3501,-34.5521],[138.3498,-34.5659],[138.3605,-34.5806],[138.3852,-34.5925],[138.4068,-34.6128],[138.4113,-34.6223],[138.4228,-34.6201],[138.4315,-34.6279],[138.4457,-34.6536],[138.4351,-34.6546],[138.4306,-34.668]]]}},
{"type":"Feature","id":"SA_FW009","properties":{"aac":"SA_FW009","name":"Flinders","state":"sa","type":"fire weather district","source":"IDM00007"},"geometry":{"type":"Polygon","coordinates":[[[137.6955,-32.5318],[137.7588,-32.5326],[137.7555,-32.5307],[137.7638,-32.5103],[137.7551,-32.5009],[137.7544,-32.4941],[137.7668,-32.5003],[137.7729,-32.5135],[137.765,-32.5254],[137.7784,-32.5268],[137.7855,-32.5429],[137.775,-32.5587],[137.8036,-32.56],[137.8044,-32.5555],[137.8224,-32.5599],[137.8194,-32.5635],[137.8221,-32.5792],[137.809,-32.5934],[137.8031,-32.6059],[137.8211,-32.6226],[137.8258,-32.6308],[137.8413,-32.6381],[137.8574,-32.667],[137.8422,-32.6947],[137.8575,-32.7067],[137.888,-32.7149],[137.8938,-32.7253],[137.9145,-32.7356],[137.9232,-32.7484],[137.9317,-32.7525],[137.9299,-32.7609],[137.9179,-32.7573],[137.908,-32.7658],[137.8982,-32.7674],[137.8973,-32.7755],[137.9048,-32.7814],[137.9025,-32.8046],[137.9136,-32.854],[137.9253,-32.875],[137.9392,-32.9471],[137.9481,-32.9678],[137.9514,-32.9894],[137.9464,-32.9986],[137.9497,-33.0076],[137.9698,-33.0209],[137.9797,-33.023],[137.9858,-33.0192],[138.0166,-33.0346],[138.0453,-33.0883],[138.0269,-33.0957],[138.0238,-33.106],[138.031,-33.1074],[138.0439,-33.104],[138.1961,-33.104],[138.2003,-33.1113],[138.2106,-33.1131],[138.213,-33.1039],[138.4394,-33.1031],[138.4392,-32.9433],[138.7205,-32.9424],[138.7215,-33.0706],[138.707,-33.0779],[138.6979,-33.0945],[138.6979,-33.1017],[138.8154,-33.101],[139.1816,-33.0982],[139.3543,-33.0976],[139.3535,-32.594],[139.1011,-32.5946],[139.1009,-31.9742],[139.1005,-31.5014],[139.1,-30.959],[139.0252,-30.9595],[138.0764,-30.9622],[138.0438,-30.9621],[138.0313,-31.0045],[138.0347,-31.0309],[138.047,-31.0562],[138.0475,-31.0655],[138.0532,-31.0686],[138.0736,-31.097],[138.079,-31.0967],[138.0855,-31.1111],[138.1022,-31.1284],[138.1093,-31.152],[138.1059,-31.1614],[138.1116,-31.1687],[138.1028,-31.1929],[138.1129,-31.1961],[138.1184,-31.2123],[138.1155,-31.2267],[138.1023,-31.2438],[138.1075,-31.2668],[138.1159,-31.2716],[138.1285,-31.3074],[138.1228,-31.3145],[138.1271,-31.3215],[138.123,-31.3339],[138.1225,-31.3478],[138.1267,-31.3627],[138.1225,-31.3664],[138.127,-31.3803],[138.112,-31.3812],[138.0973,-31.3933],[138.087,-31.4059],[138.0908,-31.4075],[138.0806,-31.4235],[138.0844,-31.4328],[138.0767,-31.4525],[138.0663,-31.4497],[138.0605,-31.4617],[138.0478,-31.4631],[138.0386,-31.4732],[138.0362,-31.494],[138.0468,-31.4951],[138.0468,-31.5009],[138.0282,-31.4962],[138.0081,-31.51],[138.0012,-31.5316],[137.9863,-31.5335],[137.981,-31.5387],[137.9651,-31.5391],[137.951,-31.5498],[137.9471,-31.5594],[137.9358,-31.566],[137.9355,-31.5789],[137.9297,-31.5851],[137.9097,-31.5957],[137.8964,-31.5877],[137.8868,-31.5956],[137.9018,-31.6007],[137.8976,-31.6196],[137.8954,-31.6063],[137.8877,-31.6101],[137.8776,-31.6326],[137.8666,-31.6359],[137.8645,-31.6447],[137.8735,-31.6685],[137.8651,-31.6695],[137.8652,-31.6779],[137.858,-31.6785],[137.8517,-31.6908],[137.8536,-31.6732],[137.8394,-31.6669],[137.833,-31.6824],[137.8336,-31.6904],[137.8216,-31.7239],[137.8114,-31.7367],[137.7946,-31.7656],[137.7858,-31.7776],[137.7731,-31.7826],[137.7628,-31.8091],[137.7647,-31.8305],[137.7733,-31.8447],[137.7821,-31.8453],[137.795,-31.8384],[137.798,-31.8434],[137.7889,-31.8488],[137.7797,-31.8602],[137.7766,-31.8506],[137.7695,-31.8492],[137.7685,-31.8671],[137.7621,-31.8607],[137.7622,-31.8757],[137.7743,-31.8754],[137.7683,-31.8856],[137.7711,-31.904],[137.7769,-31.9132],[137.7764,-31.9324],[137.7667,-31.9418],[137.7654,-31.9761],[137.7567,-31.9847],[137.7471,-32.0136],[137.7297,-32.0861],[137.7264,-32.0878],[137.7303,-32.1232],[137.7283,-32.1433],[137.7225,-32.1508],[137.7224,-32.1618],[137.7152,-32.1768],[137.723,-32.1901],[137.717,-32.1926],[137.7175,-32.2047],[137.7245,-32.2017],[137.7258,-32.2106],[137.7203,-32.2151],[137.7297,-32.2215],[137.7283,-32.2326],[137.7484,-32.2699],[137.7685,-32.28],[137.777,-32.2906],[137.7702,-32.3143],[137.7735,-32.323],[137.769,-32.3267],[137.7715,-32.3452],[137.7638,-32.3548],[137.6204,-32.3554],[137.6201,-32.5325],[137.6793,-32.5326],[137.6794,-32.54],[137.6955,-32.5318]]]}},
{"type":"Feature","id":"SA_FW010","properties":{"aac":"SA_FW010","name":"West Coast","state":"sa","type":"fire weather district","source":"IDM00007"},"geometry":{"type":"Polygon","coordinates":[[[129.0019,-31],[129,-31],[129,-31.6878],[129.0528,-31.6742],[129.1395,-31.6679],[129.1947,-31.6587],[129.2892,-31.6518],[129.3702,-31.6403],[129.4328,-31.6372],[129.5278,-31.6227],[129.6296,-31.6157],[129.7261,-31.6141],[129.7719,-31.6079],[129.8431,-31.6078],[129.8661,-31.6041],[129.886,-31.5956],[129.9384,-31.5887],[129.9704,-31.5911],[130.0202,-31.586],[130.1204,-31.5864],[130.1522,-31.5766],[130.2222,-31.5798],[130.2474,-31.5738],[130.275,-31.5737],[130.345,-31.5836],[130.426,-31.5836],[130.5014,-31.5928],[130.5679,-31.5857],[130.7345,-31.6061],[130.8061,-31.6056],[130.8461,-31.5978],[131.0264,-31.5376],[131.0576,-31.5216],[131.0655,-31.5058],[131.0818,-31.4909],[131.1149,-31.4758],[131.1285,-31.4647],[131.1486,-31.4637],[131.1869,-31.472],[131.2775,-31.5052],[131.4995,-31.596],[131.7586,-31.7203],[131.8291,-31.7623],[131.8519,-31.7789],[131.8579,-31.7875],[131.9094,-31.8143],[132.0014,-31.8774],[132.0736,-31.9182],[132.0845,-31.9296],[132.113,-31.9466],[132.1169,-31.9609],[132.1524,-32.0025],[132.1673,-32.0046],[132.1767,-32.0175],[132.2006,-32.0265],[132.226,-32.0247],[132.2713,-32.0337],[132.2724,-32.0272],[132.2851,-32.0223],[132.3088,-32.028],[132.3256,-32.026],[132.3347,-32.029],[132.344,-32.0144],[132.3855,-32.0098],[132.395,-32.0009],[132.418,-31.9987],[132.4509,-32.0218],[132.4582,-32.0209],[132.4703,-32.0297],[132.4758,-32.0258],[132.4637,-32.016],[132.4613,-32.0098],[132.444,-32.0076],[132.4375,-31.9926],[132.4535,-31.9623],[132.4834,-31.9443],[132.523,-31.9352],[132.5582,-31.9322],[132.5937,-31.934],[132.6313,-31.9412],[132.6558,-31.9478],[132.6615,-31.9565],[132.6767,-31.9575],[132.6864,-31.9504],[132.7338,-31.9557],[132.7374,-31.9491],[132.7488,-31.9491],[132.7832,-31.9605],[132.8319,-31.9841],[132.8609,-32.002],[132.9033,-32.0358],[132.9199,-32.0418],[132.9344,-32.0537],[132.9472,-32.0547],[132.9736,-32.0717],[132.9816,-32.0841],[132.9772,-32.0909],[132.9817,-32.0972],[132.9796,-32.1061],[132.9895,-32.1016],[132.9893,-32.0931],[133.0045,-32.0827],[133.0579,-32.1047],[133.1127,-32.1465],[133.1388,-32.1754],[133.1364,-32.1844],[133.1288,-32.1888],[133.1332,-32.197],[133.1263,-32.2074],[133.1464,-32.1949],[133.1434,-32.1874],[133.1463,-32.1748],[133.1627,-32.1692],[133.185,-32.1725],[133.2289,-32.1901],[133.253,-32.2054],[133.2527,-32.2104],[133.2745,-32.1944],[133.2797,-32.1829],[133.3238,-32.1798],[133.3647,-32.1865],[133.3819,-32.1924],[133.3897,-32.1996],[133.3953,-32.195],[133.4053,-32.1996],[133.4134,-32.1945],[133.4228,-32.1978],[133.4254,-32.1847],[133.4435,-32.1778],[133.4798,-32.1925],[133.488,-32.1995],[133.491,-32.1957],[133.4746,-32.1678],[133.4645,-32.1588],[133.4294,-32.1514],[133.4193,-32.1546],[133.4108,-32.1482],[133.4211,-32.1402],[133.4004,-32.1399],[133.411,-32.1363],[133.4182,-32.1286],[133.4278,-32.1317],[133.438,-32.1247],[133.4505,-32.1364],[133.4496,-32.1159],[133.4583,-32.1053],[133.4712,-32.0998],[133.4814,-32.1058],[133.4825,-32.1258],[133.5024,-32.1293],[133.4942,-32.1464],[133.4968,-32.1516],[133.5107,-32.1535],[133.5245,-32.1429],[133.5229,-32.1554],[133.535,-32.1658],[133.5515,-32.1699],[133.5558,-32.159],[133.5665,-32.1551],[133.5841,-32.1409],[133.5729,-32.12],[133.5804,-32.1078],[133.582,-32.096],[133.5921,-32.0874],[133.6066,-32.085],[133.6206,-32.0923],[133.6283,-32.0911],[133.6305,-32.1002],[133.644,-32.0959],[133.6606,-32.1062],[133.6698,-32.106],[133.6709,-32.1336],[133.6554,-32.1439],[133.6439,-32.1424],[133.6453,-32.1511],[133.6732,-32.1425],[133.6915,-32.1538],[133.6945,-32.1611],[133.687,-32.1703],[133.6881,-32.1783],[133.6787,-32.2031],[133.7146,-32.195],[133.7327,-32.1992],[133.7379,-32.2045],[133.7456,-32.2017],[133.7584,-32.2084],[133.7616,-32.2252],[133.7546,-32.2359],[133.7638,-32.2495],[133.763,-32.2577],[133.7709,-32.2645],[133.781,-32.2548],[133.7968,-32.2533],[133.8071,-32.2433],[133.8076,-32.2325],[133.8213,-32.2344],[133.8293,-32.2548],[133.843,-32.2567],[133.8597,-32.2791],[133.8708,-32.2829],[133.8803,-32.305],[133.9019,-32.3186],[133.9233,-32.3572],[133.9308,-32.3626],[133.9324,-32.38],[133.9437,-32.382],[133.9515,-32.3916],[133.9481,-32.4094],[133.9409,-32.4169],[133.915,-32.426],[133.9016,-32.4223],[133.9002,-32.4179],[133.9121,-32.4135],[133.8993,-32.3999],[133.8667,-32.3988],[133.8664,-32.4219],[133.8512,-32.461],[133.8618,-32.4847],[133.85,-32.4939],[133.8464,-32.5069],[133.853,-32.51],[133.8563,-32.529],[133.8496,-32.5332],[133.8525,-32.5427],[133.8603,-32.5325],[133.8665,-32.538],[133.8756,-32.5333],[133.8934,-32.5418],[133.8959,-32.5243],[133.9064,-32.5183],[133.9065,-32.5104],[133.9197,-32.496],[133.947,-32.4941],[133.991,-32.5057],[133.995,-32.4993],[133.9933,-32.4866],[134.0067,-32.4754],[134.037,-32.4607],[134.0492,-32.4602],[134.0847,-32.4724],[134.0831,-32.4638],[134.0893,-32.4593],[134.1266,-32.4555],[134.1642,-32.4711],[134.1858,-32.4849],[134.2165,-32.5142],[134.2646,-32.571],[134.2779,-32.6083],[134.2791,-32.6489],[134.2905,-32.6569],[134.2943,-32.6653],[134.2838,-32.6847],[134.2898,-32.6906],[134.2873,-32.7006],[134.2722,-32.7107],[134.2584,-32.7377],[134.2404,-32.7488],[134.2404,-32.7587],[134.2304,-32.7648],[134.2309,-32.7814],[134.2136,-32.7949],[134.2025,-32.7973],[134.1932,-32.7914],[134.19,-32.7655],[134.2018,-32.7479],[134.1682,-32.7349],[134.1804,-32.7282],[134.2145,-32.7311],[134.2053,-32.7256],[134.1842,-32.7234],[134.1772,-32.7185],[134.159,-32.7219],[134.1073,-32.7213],[134.0811,-32.7101],[134.0643,-32.7159],[134.0626,-32.7266],[134.0704,-32.7318],[134.0733,-32.7401],[134.0981,-32.7574],[134.1181,-32.783],[134.1338,-32.8139],[134.1384,-32.8409],[134.132,-32.8564],[134.1166,-32.869],[134.0995,-32.8679],[134.0957,-32.8792],[134.0725,-32.8837],[134.0795,-32.8954],[134.0754,-32.9066],[134.0602,-32.9075],[134.0819,-32.9195],[134.0815,-32.9269],[134.0907,-32.9269],[134.105,-32.9136],[134.1195,-32.9153],[134.1295,-32.928],[134.125,-32.9328],[134.1409,-32.9445],[134.1451,-32.9402],[134.1403,-32.9331],[134.148,-32.9268],[134.1588,-32.9252],[134.1811,-32.9341],[134.2026,-32.9667],[134.2059,-32.9861],[134.2031,-33.0025],[134.19,-33.016],[134.1676,-33.0099],[134.1389,-33.0186],[134.1721,-33.0496],[134.1841,-33.0483],[134.1835,-33.0417],[134.1965,-33.0352],[134.2317,-33.0446],[134.2424,-33.0643],[134.2419,-33.0739],[134.2485,-33.0803],[134.2478,-33.0876],[134.2621,-33.0987],[134.2601,-33.1115],[134.2668,-33.1389],[134.261,-33.1532],[134.2724,-33.1639],[134.2836,-33.1655],[134.2916,-33.1739],[134.313,-33.1842],[134.3175,-33.1944],[134.3279,-33.1996],[134.3518,-33.1904],[134.3452,-33.1773],[134.3452,-33.1626],[134.3589,-33.1492],[134.352,-33.1394],[134.3382,-33.138],[134.3172,-33.1272],[134.3215,-33.1201],[134.313,-33.1123],[134.2932,-33.1189],[134.2793,-33.1079],[134.2795,-33.0999],[134.2632,-33.084],[134.2625,-33.0607],[134.2799,-33.0534],[134.2728,-33.0447],[134.2726,-33.0372],[134.2646,-33.0315],[134.2795,-33.0253],[134.3004,-33.0507],[134.2896,-33.0612],[134.2944,-33.0768],[134.3069,-33.0893],[134.3243,-33.0908],[134.3323,-33.0972],[134.3404,-33.1133],[134.3597,-33.1282],[134.3686,-33.1758],[134.3853,-33.1734],[134.388,-33.1776],[134.3925,-33.1659],[134.4067,-33.1599],[134.4157,-33.1487],[134.4511,-33.1449],[134.4716,-33.1556],[134.4809,-33.1543],[134.5062,-33.1614],[134.5148,-33.1702],[134.5414,-33.1811],[134.5525,-33.1912],[134.5627,-33.1947],[134.5739,-33.1927],[134.6241,-33.2338],[134.6324,-33.2429],[134.6461,-33.2229],[134.66,-33.2276],[134.6637,-33.2234],[134.6539,-33.2175],[134.6416,-33.2216],[134.6313,-33.2138],[134.6234,-33.1986],[134.6437,-33.1962],[134.6413,-33.1835],[134.627,-33.1949],[134.6139,-33.1893],[134.6078,-33.1969],[134.5997,-33.1974],[134.5776,-33.1902],[134.5591,-33.1611],[134.5959,-33.1392],[134.6331,-33.1625],[134.6671,-33.1614],[134.6847,-33.1716],[134.6999,-33.1738],[134.7074,-33.1807],[134.7176,-33.1972],[134.717,-33.2133],[134.7222,-33.219],[134.7189,-33.2298],[134.7138,-33.2312],[134.6986,-33.222],[134.6917,-33.2294],[134.6639,-33.233],[134.6876,-33.2503],[134.6951,-33.2635],[134.7188,-33.2646],[134.7345,-33.2732],[134.7478,-33.2863],[134.7607,-33.3099],[134.7799,-33.3152],[134.7894,-33.3254],[134.802,-33.3296],[134.8283,-33.3875],[134.8453,-33.4374],[134.862,-33.5131],[134.863,-33.5498],[134.8405,-33.5932],[134.8427,-33.6211],[134.83,-33.6259],[134.8606,-33.6441],[134.8712,-33.6354],[134.8832,-33.639],[134.8861,-33.6446],[134.8792,-33.6538],[134.93,-33.6838],[134.937,-33.6917],[134.98,-33.713],[135.0169,-33.7367],[135.043,-33.7574],[135.0832,-33.8046],[135.1292,-33.8367],[135.1339,-33.8474],[135.1449,-33.8516],[135.1618,-33.8778],[135.1697,-33.8731],[135.1815,-33.8768],[135.1915,-33.8976],[135.1889,-33.907],[135.1936,-33.9189],[135.2154,-33.9403],[135.4421,-33.94],[135.5932,-33.9396],[135.7775,-33.9386],[135.7775,-33.9244],[135.7775,-33.895],[135.7372,-33.8951],[135.7403,-33.8821],[135.749,-33.8809],[135.7492,-33.8694],[135.7775,-33.8694],[135.7774,-33.8501],[135.9075,-33.8502],[135.9074,-33.6617],[135.9069,-33.4878],[135.8617,-33.488],[135.8638,-33.4744],[135.8637,-33.4297],[135.7772,-33.4294],[135.7771,-33.3314],[135.8849,-33.3313],[135.8856,-33.289],[135.8846,-33.2554],[135.8868,-33.2447],[135.9122,-33.2123],[135.9255,-33.2058],[135.9356,-33.1907],[135.9464,-33.1828],[135.9629,-33.1634],[135.9612,-33.1336],[136.0013,-33.1335],[136.0013,-33.0543],[135.8256,-33.0555],[135.825,-32.7661],[135.7872,-32.7448],[135.7917,-32.7025],[135.6952,-32.6991],[135.7044,-32.6349],[135.7165,-32.6025],[135.6593,-32.5281],[135.6593,-32.5157],[135.6329,-32.5136],[135.5944,-32.5184],[135.5688,-32.4882],[135.5492,-32.4862],[135.5475,-32.4757],[135.5194,-32.4542],[135.4843,-32.4515],[135.4479,-32.4523],[135.4322,-32.4572],[135.4099,-32.4544],[135.3987,-32.4502],[135.3683,-32.3936],[135.3348,-32.4049],[135.3352,-32.3932],[135.2978,-32.3763],[135.2523,-32.3599],[135.2331,-32.3582],[135.2196,-32.3456],[135.1772,-32.3243],[135.1674,-32.3168],[135.1635,-32.3063],[135.1364,-32.2933],[135.1365,-32.3753],[132.8082,-31],[129.0019,-31]]]}},
{"type":"Feature","id":"SA_FW011","properties":{"aac":"SA_FW011","name":"Eastern Eyre Peninsula","state":"sa","type":"fire weather district","source":"IDM00007"},"geometry":{"type":"Polygon","coordinates":[[[137.6793,-32.5326],[137.6201,-32.5325],[136.8114,-32.7667],[136.541,-32.7666],[136.0013,-32.7651],[135.825,-32.7661],[135.8256,-33.0555],[136.0013,-33.0543],[136.0013,-33.1335],[135.9612,-33.1336],[135.9629,-33.1634],[135.9464,-33.1828],[135.9356,-33.1907],[135.9255,-33.2058],[135.9122,-33.2123],[135.8868,-33.2447],[135.8846,-33.2554],[135.8856,-33.289],[135.8849,-33.3313],[135.7771,-33.3314],[135.7772,-33.4294],[135.8637,-33.4297],[135.8638,-33.4744],[135.8617,-33.488],[135.9069,-33.4878],[135.9074,-33.6617],[135.9075,-33.8502],[135.7774,-33.8501],[135.7775,-33.8694],[135.7492,-33.8694],[135.749,-33.8809],[135.7403,-33.8821],[135.7372,-33.8951],[135.7775,-33.895],[135.7775,-33.9244],[135.8251,-33.9246],[135.8453,-33.9208],[135.8694,-33.9299],[135.8743,-33.9343],[135.8924,-33.935],[135.9011,-33.9292],[135.9171,-33.931],[135.9305,-33.9291],[135.9304,-33.9867],[136.2413,-33.9868],[136.4955,-33.986],[136.4956,-33.9926],[136.5014,-33.9912],[136.5504,-33.9573],[136.5551,-33.9505],[136.5765,-33.9419],[136.5776,-33.9318],[136.5733,-33.9207],[136.587,-33.9113],[136.5933,-33.8993],[136.664,-33.8804],[136.6941,-33.8644],[136.7296,-33.8359],[136.7777,-33.8306],[136.7784,-33.823],[136.7985,-33.8042],[136.855,-33.7994],[136.9503,-33.7561],[136.9689,-33.7425],[136.9655,-33.7356],[136.9455,-33.7288],[136.9264,-33.729],[136.9202,-33.736],[136.927,-33.7439],[136.9263,-33.7564],[136.913,-33.7581],[136.9019,-33.7726],[136.8793,-33.7773],[136.8729,-33.7637],[136.8762,-33.7556],[136.8697,-33.7443],[136.8751,-33.7326],[136.9029,-33.723],[136.9218,-33.7057],[136.9288,-33.6955],[136.9328,-33.6725],[136.9763,-33.6799],[136.9763,-33.6894],[136.9653,-33.696],[136.9682,-33.7016],[136.9814,-33.7041],[136.9932,-33.7011],[136.9991,-33.7058],[136.9882,-33.7204],[136.9899,-33.7261],[137.0224,-33.7215],[137.037,-33.7083],[137.0511,-33.7072],[137.0722,-33.699],[137.0919,-33.702],[137.1449,-33.6974],[137.1702,-33.6894],[137.1805,-33.6751],[137.2147,-33.6594],[137.2257,-33.6354],[137.2518,-33.6084],[137.2615,-33.5812],[137.2781,-33.5654],[137.294,-33.5092],[137.3045,-33.5005],[137.3015,-33.4945],[137.3199,-33.4649],[137.3327,-33.4588],[137.3556,-33.4407],[137.3612,-33.4127],[137.3736,-33.3984],[137.3844,-33.3762],[137.3766,-33.345],[137.3801,-33.309],[137.3859,-33.295],[137.4119,-33.2693],[137.4108,-33.2633],[137.4394,-33.2203],[137.4437,-33.1584],[137.4514,-33.1383],[137.4606,-33.1303],[137.491,-33.1233],[137.5126,-33.1108],[137.5224,-33.0995],[137.5457,-33.0862],[137.5738,-33.0451],[137.5949,-33.036],[137.5859,-33.0221],[137.5991,-33.0175],[137.5931,-33.0051],[137.5947,-32.9986],[137.6104,-32.9751],[137.6286,-32.9648],[137.6622,-32.9526],[137.694,-32.9605],[137.7001,-32.9691],[137.7127,-32.9744],[137.721,-32.9907],[137.7503,-32.9958],[137.7592,-32.9946],[137.7591,-32.9886],[137.7845,-32.9956],[137.775,-32.9689],[137.7578,-32.9439],[137.7501,-32.9195],[137.758,-32.9076],[137.7872,-32.9152],[137.7925,-32.9097],[137.7984,-32.8924],[137.7927,-32.8703],[137.8011,-32.8673],[137.7989,-32.8614],[137.8096,-32.8526],[137.8108,-32.8444],[137.8008,-32.7907],[137.8014,-32.7742],[137.8102,-32.753],[137.8044,-32.7369],[137.7806,-32.7118],[137.759,-32.713],[137.7512,-32.7069],[137.7591,-32.6954],[137.752,-32.6718],[137.7652,-32.6067],[137.7651,-32.5896],[137.7563,-32.5626],[137.7583,-32.5494],[137.7696,-32.5387],[137.7588,-32.5326],[137.6955,-32.5318],[137.6794,-32.54],[137.6793,-32.5326]]]}},
{"type":"Feature","id":"SA_FW012","properties":{"aac":"SA_FW012","name":"Lower Eyre Peninsula","state":"sa","type":"fire weather district","source":"IDM00007"},"geometry":{"type":"Polygon","coordinates":[[[136.4428,-34.0071],[136.4956,-33.9926],[136.4955,-33.986],[136.2413,-33.9868],[135.9304,-33.9867],[135.9305,-33.9291],[135.9171,-33.931],[135.9011,-33.9292],[135.8924,-33.935],[135.8743,-33.9343],[135.8694,-33.9299],[135.8453,-33.9208],[135.8251,-33.9246],[135.7775,-33.9244],[135.7775,-33.9386],[135.5932,-33.9396],[135.4421,-33.94],[135.2154,-33.9403],[135.2365,-33.961],[135.2531,-33.9828],[135.2577,-33.9986],[135.2709,-34.0148],[135.2725,-34.0239],[135.2654,-34.032],[135.2812,-34.068],[135.2726,-34.0944],[135.275,-34.1146],[135.2797,-34.1197],[135.2619,-34.1276],[135.241,-34.1494],[135.2546,-34.1543],[135.2684,-34.1697],[135.286,-34.1712],[135.3055,-34.1866],[135.3262,-34.222],[135.3489,-34.2738],[135.3496,-34.2945],[135.3598,-34.3429],[135.3565,-34.3481],[135.3568,-34.3661],[135.3512,-34.3674],[135.3648,-34.3847],[135.3627,-34.4118],[135.3582,-34.4176],[135.3696,-34.4296],[135.3768,-34.43],[135.3868,-34.4385],[135.3905,-34.464],[135.3881,-34.47],[135.3957,-34.4942],[135.3897,-34.5048],[135.3773,-34.5131],[135.3793,-34.5267],[135.387,-34.5307],[135.3987,-34.5553],[135.3991,-34.5678],[135.3893,-34.5947],[135.3942,-34.5999],[135.4219,-34.6018],[135.4677,-34.6129],[135.4522,-34.6142],[135.4517,-34.6253],[135.4452,-34.6315],[135.4118,-34.638],[135.3988,-34.6357],[135.3889,-34.6437],[135.3789,-34.6451],[135.3738,-34.6297],[135.3897,-34.6303],[135.3916,-34.636],[135.399,-34.6278],[135.391,-34.6232],[135.363,-34.6209],[135.3506,-34.6023],[135.3577,-34.5885],[135.3503,-34.5754],[135.3096,-34.5636],[135.2977,-34.5518],[135.3155,-34.5206],[135.3456,-34.5221],[135.347,-34.5188],[135.3038,-34.5154],[135.2964,-34.5079],[135.2623,-34.5092],[135.2325,-34.5027],[135.2179,-34.4953],[135.2125,-34.4634],[135.2166,-34.4557],[135.2119,-34.4412],[135.2174,-34.4336],[135.2066,-34.4288],[135.1921,-34.4392],[135.1908,-34.4537],[135.1861,-34.4604],[135.1737,-34.4643],[135.1649,-34.4822],[135.1473,-34.501],[135.1401,-34.503],[135.1449,-34.5097],[135.1443,-34.52],[135.1305,-34.5279],[135.1342,-34.5416],[135.1268,-34.5597],[135.1259,-34.5764],[135.112,-34.5815],[135.1096,-34.589],[135.1223,-34.5855],[135.1296,-34.5905],[135.1438,-34.5919],[135.1501,-34.5692],[135.1735,-34.5557],[135.201,-34.5549],[135.2099,-34.5582],[135.2094,-34.5489],[135.2238,-34.5443],[135.2512,-34.5505],[135.2788,-34.5707],[135.2988,-34.6008],[135.3218,-34.6088],[135.3412,-34.6276],[135.3492,-34.6511],[135.3477,-34.6635],[135.3408,-34.6711],[135.329,-34.6696],[135.3205,-34.6803],[135.33,-34.6897],[135.3508,-34.6816],[135.3784,-34.688],[135.4095,-34.7017],[135.4599,-34.7332],[135.4772,-34.7472],[135.4946,-34.7687],[135.4957,-34.7819],[135.5388,-34.813],[135.5932,-34.8725],[135.6041,-34.8796],[135.6055,-34.8918],[135.6133,-34.8924],[135.6188,-34.9054],[135.6244,-34.9071],[135.6196,-34.9389],[135.6241,-34.9462],[135.6399,-34.9429],[135.642,-34.9369],[135.6798,-34.946],[135.6914,-34.9384],[135.689,-34.923],[135.6815,-34.9141],[135.6923,-34.9143],[135.6972,-34.9072],[135.7066,-34.9056],[135.708,-34.8754],[135.7138,-34.8657],[135.7514,-34.8568],[135.7902,-34.8614],[135.823,-34.8702],[135.8541,-34.8873],[135.8603,-34.8998],[135.8534,-34.92],[135.8562,-34.9272],[135.8699,-34.9204],[135.8799,-34.9296],[135.9018,-34.9338],[135.9286,-34.9491],[135.9275,-34.9607],[135.9318,-34.9712],[135.9463,-34.9754],[135.9491,-34.9805],[135.9421,-34.9862],[135.9434,-35.0027],[135.9614,-35.0049],[135.9606,-34.9923],[135.9768,-34.9952],[135.9894,-34.9809],[136.0036,-34.9853],[135.999,-34.9599],[135.9879,-34.9587],[135.9932,-34.9436],[135.9859,-34.937],[135.9924,-34.9258],[135.9852,-34.9172],[135.9857,-34.9085],[135.9763,-34.9057],[135.977,-34.8951],[135.9627,-34.8753],[135.9605,-34.8494],[135.9699,-34.8384],[135.9864,-34.8275],[135.9942,-34.8273],[135.9992,-34.82],[136.0055,-34.7977],[136.0025,-34.7821],[136.0146,-34.757],[136.0068,-34.7369],[135.9989,-34.734],[135.996,-34.7259],[135.9794,-34.7306],[135.9883,-34.7385],[135.9919,-34.75],[135.9876,-34.7606],[135.9899,-34.7711],[135.9808,-34.7848],[135.9621,-34.784],[135.9624,-34.7708],[135.9558,-34.757],[135.95,-34.7653],[135.9295,-34.7686],[135.9221,-34.7821],[135.9119,-34.7867],[135.8961,-34.8049],[135.8617,-34.8075],[135.8394,-34.8183],[135.7875,-34.8092],[135.8094,-34.7824],[135.8493,-34.7513],[135.864,-34.7552],[135.8642,-34.7695],[135.8789,-34.7605],[135.8827,-34.7538],[135.893,-34.7518],[135.8928,-34.7447],[135.8781,-34.746],[135.8758,-34.7408],[135.885,-34.7325],[135.8802,-34.7208],[135.8614,-34.7215],[135.8544,-34.7157],[135.8552,-34.6661],[135.8622,-34.6342],[135.89,-34.6162],[135.9125,-34.6197],[135.9125,-34.6311],[135.9238,-34.6363],[135.9269,-34.6468],[135.9376,-34.6496],[135.9313,-34.6329],[135.9351,-34.6237],[135.9341,-34.6108],[135.9125,-34.6105],[135.9045,-34.6026],[135.902,-34.5929],[135.9247,-34.5489],[135.9366,-34.5409],[135.9307,-34.5322],[135.9433,-34.5196],[135.9746,-34.5046],[135.982,-34.5061],[135.9834,-34.5133],[135.9944,-34.5177],[136.0012,-34.51],[136.0166,-34.5065],[136.0172,-34.4969],[136.03,-34.4818],[136.0569,-34.4791],[136.0771,-34.4866],[136.0849,-34.4975],[136.077,-34.5074],[136.0925,-34.5248],[136.0846,-34.5326],[136.0903,-34.5442],[136.0996,-34.5326],[136.0971,-34.5251],[136.1126,-34.5168],[136.1124,-34.5038],[136.1182,-34.4892],[136.1105,-34.4793],[136.1221,-34.4674],[136.1155,-34.4591],[136.1147,-34.4491],[136.1202,-34.4335],[136.117,-34.426],[136.1098,-34.4254],[136.1052,-34.4329],[136.0928,-34.4301],[136.1001,-34.4195],[136.1076,-34.4224],[136.1174,-34.4089],[136.1308,-34.4074],[136.1174,-34.4006],[136.1137,-34.3893],[136.1048,-34.3825],[136.1061,-34.3714],[136.1141,-34.357],[136.1272,-34.3459],[136.1406,-34.3406],[136.179,-34.3389],[136.2209,-34.3084],[136.2611,-34.2679],[136.2702,-34.2447],[136.2676,-34.24],[136.279,-34.2209],[136.2936,-34.2107],[136.3019,-34.1957],[136.3253,-34.1818],[136.3229,-34.1744],[136.3321,-34.1485],[136.3437,-34.1418],[136.3472,-34.1288],[136.3569,-34.1224],[136.3486,-34.1141],[136.3515,-34.1033],[136.3473,-34.1011],[136.3634,-34.0698],[136.4428,-34.0071]]]}},
{"type":"Feature","id":"SA_FW013","properties":{"aac":"SA_FW013","name":"North West Pastoral","state":"sa","type":"fire weather district","source":"IDM00007"},"geometry":{"type":"Polygon","coordinates":[[[138.0313,-31.0045],[138.0438,-30.9621],[135.0013,-27.9985],[135.0013,-25.9975],[134.4769,-25.9976],[133.9769,-25.9976],[133.4519,-25.9978],[132.9519,-25.9978],[132.9269,-25.9979],[132.4269,-25.9979],[131.9019,-25.9981],[131.4019,-25.9981],[131.3769,-25.9982],[130.8769,-25.9982],[130.3519,-25.9984],[129.8519,-25.9984],[129.8269,-25.9985],[129.3269,-25.9985],[129,-25.9986],[129,-31],[129.0019,-31],[132.8082,-31],[135.1365,-32.3753],[135.1364,-32.2933],[135.1635,-32.3063],[135.1674,-32.3168],[135.1772,-32.3243],[135.2196,-32.3456],[135.2331,-32.3582],[135.2523,-32.3599],[135.2978,-32.3763],[135.3352,-32.3932],[135.3348,-32.4049],[135.3683,-32.3936],[135.3987,-32.4502],[135.4099,-32.4544],[135.4322,-32.4572],[135.4479,-32.4523],[135.4843,-32.4515],[135.5194,-32.4542],[135.5475,-32.4757],[135.5492,-32.4862],[135.5688,-32.4882],[135.5944,-32.5184],[135.6329,-32.5136],[135.6593,-32.5157],[135.6593,-32.5281],[135.7165,-32.6025],[135.7044,-32.6349],[135.6952,-32.6991],[135.7917,-32.7025],[135.7872,-32.7448],[135.825,-32.7661],[136.0013,-32.7651],[136.541,-32.7666],[136.8114,-32.7667],[137.6201,-32.5325],[137.6204,-32.3554],[137.7638,-32.3548],[137.7715,-32.3452],[137.769,-32.3267],[137.7735,-32.323],[137.7702,-32.3143],[137.777,-32.2906],[137.7685,-32.28],[137.7484,-32.2699],[137.7283,-32.2326],[137.7297,-32.2215],[137.7203,-32.2151],[137.7258,-32.2106],[137.7245,-32.2017],[137.7175,-32.2047],[137.717,-32.1926],[137.723,-32.1901],[137.7152,-32.1768],[137.7224,-32.1618],[137.7225,-32.1508],[137.7283,-32.1433],[137.7303,-32.1232],[137.7264,-32.0878],[137.7297,-32.0861],[137.7471,-32.0136],[137.7567,-31.9847],[137.7654,-31.9761],[137.7667,-31.9418],[137.7764,-31.9324],[137.7769,-31.9132],[137.7711,-31.904],[137.7683,-31.8856],[137.7743,-31.8754],[137.7622,-31.8757],[137.7621,-31.8607],[137.7685,-31.8671],[137.7695,-31.8492],[137.7766,-31.8506],[137.7797,-31.8602],[137.7889,-31.8488],[137.798,-31.8434],[137.795,-31.8384],[137.7821,-31.8453],[137.7733,-31.8447],[137.7647,-31.8305],[137.7628,-31.8091],[137.7731,-31.7826],[137.7858,-31.7776],[137.7946,-31.7656],[137.8114,-31.7367],[137.8216,-31.7239],[137.8336,-31.6904],[137.833,-31.6824],[137.8394,-31.6669],[137.8536,-31.6732],[137.8517,-31.6908],[137.858,-31.6785],[137.8652,-31.6779],[137.8651,-31.6695],[137.8735,-31.6685],[137.8645,-31.6447],[137.8666,-31.6359],[137.8776,-31.6326],[137.8877,-31.6101],[137.8954,-31.6063],[137.8976,-31.6196],[137.9018,-31.6007],[137.8868,-31.5956],[137.8964,-31.5877],[137.9097,-31.5957],[137.9297,-31.5851],[137.9355,-31.5789],[137.9358,-31.566],[137.9471,-31.5594],[137.951,-31.5498],[137.9651,-31.5391],[137.981,-31.5387],[137.9863,-31.5335],[138.0012,-31.5316],[138.0081,-31.51],[138.0282,-31.4962],[138.0468,-31.5009],[138.0468,-31.4951],[138.0362,-31.494],[138.0386,-31.4732],[138.0478,-31.4631],[138.0605,-31.4617],[138.0663,-31.4497],[138.0767,-31.4525],[138.0844,-31.4328],[138.0806,-31.4235],[138.0908,-31.4075],[138.087,-31.4059],[138.0973,-31.3933],[138.112,-31.3812],[138.127,-31.3803],[138.1225,-31.3664],[138.1267,-31.3627],[138.1225,-31.3478],[138.123,-31.3339],[138.1271,-31.3215],[138.1228,-31.3145],[138.1285,-31.3074],[138.1159,-31.2716],[138.1075,-31.2668],[138.1023,-31.2438],[138.1155,-31.2267],[138.1184,-31.2123],[138.1129,-31.1961],[138.1028,-31.1929],[138.1116,-31.1687],[138.1059,-31.1614],[138.1093,-31.152],[138.1022,-31.1284],[138.0855,-31.1111],[138.079,-31.0967],[138.0736,-31.097],[138.0532,-31.0686],[138.0475,-31.0655],[138.047,-31.0562],[138.0347,-31.0309],[138.0313,-31.0045]]]}},
{"type":"Feature","id":"SA_FW014","properties":{"aac":"SA_FW014","name":"North East Pastoral","state":"sa","type":"fire weather district","source":"IDM00007"},"geometry":{"type":"Polygon","coordinates":[[[135.5269,-25.9973],[135.0013,-25.9975],[135.0013,-27.9985],[138.0438,-30.9621],[138.0764,-30.9622],[139.0252,-30.9595],[139.1,-30.959],[139.1005,-31.5014],[139.1009,-31.9742],[139.1011,-32.5946],[139.3535,-32.594],[139.3543,-33.0976],[139.3546,-33.3254],[139.3559,-33.8031],[139.7006,-33.8006],[140.9999,-33.8005],[140.9998,-33.3287],[141.0023,-33.3289],[141.0018,-32.5491],[141.0016,-32.3991],[141.0012,-31.8241],[141.001,-31.3991],[141.0008,-31.2491],[141.0006,-30.8241],[141.0005,-30.7991],[141.0001,-30.1241],[140.9993,-28.9964],[140.9994,-28.2214],[140.9995,-28.0054],[140.9996,-27.2198],[140.9995,-27.0714],[140.9994,-25.9964],[139.9491,-25.9965],[138.1491,-25.9968],[137.5769,-25.997],[137.0769,-25.997],[136.5519,-25.9972],[136.0519,-25.9972],[136.0269,-25.9973],[135.5269,-25.9973]]]}},
{"type":"Feature","id":"SA_FW015","properties":{"aac":"SA_FW015","name":"Mount Lofty Ranges","state":"sa","type":"fire weather district","source":"IDM00007"},"geometry":{"type":"MultiPolygon","coordinates":[[[[138.9246,-35.5663],[138.9327,-35.5618],[138.9357,-35.5555],[138.954,-35.5511],[138.9663,-35.5413],[138.9662,-35.5287],[138.9539,-35.5276],[138.9328,-35.5379],[138.9229,-35.5307],[138.9327,-35.5225],[138.9455,-35.5219],[138.938,-35.5107],[138.9196,-35.4993],[138.9081,-35.4996],[138.8874,-35.493],[138.8646,-35.4935],[138.8408,-35.5028],[138.8178,-35.5019],[138.8105,-35.4995],[138.7963,-35.5018],[138.7928,-35.5095],[138.8099,-35.5224],[138.8216,-35.5199],[138.8431,-35.5274],[138.8591,-35.5387],[138.8601,-35.5432],[138.8813,-35.5496],[138.8992,-35.5494],[138.9246,-35.5663]]],[[[138.4398,-34.6695],[138.4365,-34.6719],[138.4515,-34.682],[138.4594,-34.697],[138.4751,-34.6986],[138.4936,-34.7207],[138.5221,-34.7354],[138.5321,-34.7427],[138.5448,-34.7616],[138.5434,-34.7746],[138.553,-34.7895],[138.5494,-34.807],[138.5828,-34.7925],[138.5903,-34.784],[138.5961,-34.7875],[138.5942,-34.7672],[138.5829,-34.7328],[138.5928,-34.7328],[138.6108,-34.7435],[138.6211,-34.7295],[138.6045,-34.7108],[138.6161,-34.6924],[138.6498,-34.7068],[138.6676,-34.6788],[138.6564,-34.6739],[138.6623,-34.6646],[138.6915,-34.6769],[138.702,-34.6594],[138.7064,-34.6612],[138.6964,-34.6789],[138.7154,-34.6875],[138.703,-34.7143],[138.6874,-34.7156],[138.6836,-34.7216],[138.6917,-34.7256],[138.6791,-34.739],[138.683,-34.7474],[138.6824,-34.7612],[138.707,-34.7714],[138.7141,-34.7663],[138.727,-34.7738],[138.7161,-34.7871],[138.7218,-34.8593],[138.7092,-34.8649],[138.7097,-34.8746],[138.7001,-34.875],[138.6987,-34.8937],[138.6842,-34.9004],[138.6851,-34.9145],[138.6765,-34.9193],[138.6776,-34.9349],[138.6602,-34.9383],[138.6611,-34.9506],[138.6523,-34.951],[138.6528,-34.957],[138.6438,-34.9576],[138.6443,-34.9636],[138.6355,-34.9641],[138.6333,-34.9741],[138.6211,-34.9825],[138.6116,-34.9838],[138.602,-34.9959],[138.593,-34.9963],[138.5854,-35.0107],[138.5761,-35.0112],[138.5586,-35.0266],[138.5605,-35.0371],[138.56,-35.061],[138.5639,-35.0823],[138.5587,-35.0827],[138.5602,-35.1034],[138.5476,-35.104],[138.5482,-35.1145],[138.5357,-35.115],[138.5381,-35.1465],[138.5251,-35.147],[138.5176,-35.1613],[138.5019,-35.1716],[138.4901,-35.188],[138.4934,-35.2324],[138.4683,-35.2335],[138.469,-35.2411],[138.4618,-35.2462],[138.4574,-35.2628],[138.4441,-35.2703],[138.4414,-35.2767],[138.4469,-35.3184],[138.4403,-35.3499],[138.4112,-35.3655],[138.3728,-35.3733],[138.3408,-35.3927],[138.3299,-35.4052],[138.2938,-35.468],[138.2454,-35.5001],[138.2143,-35.5111],[138.1939,-35.5236],[138.1662,-35.5193],[138.1272,-35.5557],[138.108,-35.5931],[138.0954,-35.6005],[138.0953,-35.6239],[138.1036,-35.6315],[138.1152,-35.6326],[138.1282,-35.6448],[138.1629,-35.6606],[138.1948,-35.6648],[138.2326,-35.6589],[138.2558,-35.6494],[138.2635,-35.6423],[138.2841,-35.6388],[138.4078,-35.6401],[138.4331,-35.6296],[138.4947,-35.6338],[138.522,-35.6428],[138.5545,-35.6203],[138.5631,-35.6103],[138.5799,-35.6052],[138.5919,-35.5947],[138.6037,-35.594],[138.5992,-35.5786],[138.6157,-35.5603],[138.626,-35.558],[138.6256,-35.551],[138.6328,-35.5432],[138.6639,-35.5362],[138.6841,-35.5378],[138.6953,-35.5287],[138.6936,-35.5219],[138.7099,-35.5133],[138.7398,-35.5158],[138.7902,-35.527],[138.8863,-35.5595],[138.8444,-35.537],[138.7884,-35.5222],[138.7841,-35.5089],[138.7888,-35.4999],[138.8005,-35.4945],[138.819,-35.4944],[138.8176,-35.4836],[138.8364,-35.4727],[138.8482,-35.4776],[138.8754,-35.4818],[138.8885,-35.4774],[138.883,-35.469],[138.866,-35.46],[138.8678,-35.447],[138.862,-35.4385],[138.8478,-35.428],[138.8416,-35.413],[138.8265,-35.4051],[138.8236,-35.3899],[138.8191,-35.3929],[138.8018,-35.3795],[138.8172,-35.3732],[138.8206,-35.3665],[138.8186,-35.3547],[138.8228,-35.3401],[138.8405,-35.3231],[138.8508,-35.3021],[138.8713,-35.2872],[138.8781,-35.2749],[138.8884,-35.2889],[138.9083,-35.29],[138.9096,-35.2794],[138.9155,-35.278],[138.9214,-35.2599],[138.9146,-35.2516],[138.9291,-35.2453],[138.9457,-35.2309],[138.9653,-35.2085],[139.0038,-35.1828],[139.0156,-35.1778],[139.0184,-35.1604],[139.0241,-35.1527],[139.0273,-35.1366],[139.0426,-35.1151],[139.0435,-35.1069],[139.0369,-35.1001],[139.0334,-35.0839],[139.0363,-35.0784],[139.0291,-35.0622],[139.0327,-35.0274],[139.0375,-35.0136],[139.0313,-35.0018],[139.0413,-34.9774],[139.0293,-34.9675],[139.0288,-34.9574],[139.0194,-34.9527],[139.0349,-34.9287],[138.9752,-34.8949],[138.9808,-34.883],[138.9752,-34.8776],[138.9894,-34.879],[139.0091,-34.8637],[139.0019,-34.8509],[139.0069,-34.8413],[139.0015,-34.8345],[139.0191,-34.8293],[139.0251,-34.8233],[139.0389,-34.8224],[139.0453,-34.8079],[139.0587,-34.8002],[139.0805,-34.7768],[139.076,-34.7733],[139.0862,-34.7663],[139.087,-34.7592],[139.1384,-34.763],[139.1378,-34.7696],[139.1507,-34.7685],[139.1582,-34.7057],[139.1676,-34.7094],[139.1694,-34.691],[139.158,-34.6475],[139.1575,-34.6326],[139.1626,-34.6211],[139.1032,-34.6206],[139.1027,-34.598],[139.1062,-34.5936],[139.0963,-34.5805],[139.1005,-34.565],[139.1106,-34.5556],[139.1095,-34.5488],[139.1145,-34.5328],[139.1263,-34.5264],[139.1349,-34.5087],[139.155,-34.5086],[139.1591,-34.501],[139.1565,-34.4936],[139.1622,-34.4859],[139.1719,-34.4834],[139.1513,-34.4624],[139.1378,-34.4565],[139.1253,-34.4419],[139.1119,-34.4388],[139.1122,-34.4295],[139.1009,-34.4115],[139.0796,-34.4198],[139.0575,-34.4243],[139.0018,-34.4585],[138.9733,-34.45],[138.9783,-34.4664],[138.9699,-34.4863],[138.9781,-34.4905],[138.9702,-34.499],[138.9702,-34.5071],[138.9633,-34.5061],[138.952,-34.5213],[138.9488,-34.531],[138.9368,-34.5388],[138.9468,-34.5432],[138.9407,-34.5547],[138.9306,-34.561],[138.9248,-34.5829],[138.9148,-34.5829],[138.9146,-34.5769],[138.8905,-34.569],[138.8739,-34.5741],[138.8685,-34.5663],[138.8671,-34.5545],[138.8609,-34.5488],[138.8493,-34.5555],[138.8315,-34.5556],[138.8286,-34.5697],[138.8135,-34.558],[138.8026,-34.561],[138.8027,-34.5509],[138.7944,-34.5515],[138.7884,-34.5626],[138.7728,-34.561],[138.7704,-34.5687],[138.762,-34.5692],[138.7515,-34.5786],[138.7583,-34.5843],[138.7483,-34.5869],[138.7465,-34.5723],[138.7325,-34.584],[138.7317,-34.5916],[138.7219,-34.6123],[138.6983,-34.6177],[138.6708,-34.6158],[138.6674,-34.6202],[138.6503,-34.6237],[138.6463,-34.6305],[138.632,-34.6311],[138.6259,-34.6274],[138.6161,-34.633],[138.6,-34.6325],[138.591,-34.6388],[138.5634,-34.6355],[138.5595,-34.6391],[138.5396,-34.636],[138.5295,-34.6414],[138.5243,-34.6367],[138.4999,-34.6473],[138.492,-34.6474],[138.4887,-34.6584],[138.4739,-34.6638],[138.4644,-34.6733],[138.4536,-34.6763],[138.4398,-34.6695]]]]}},
{"type":"Feature","id":"SA_MW001","properties":{"aac":"SA_MW001","name":"Far West Coast","state":"sa","type":"coastal waters","source":"IDM00003"},"geometry":{"type":"Polygon","coordinates":[[[132.4379,-33.0077],[132.4379,-32.0127],[132.418,-31.9987],[132.395,-32.0009],[132.3855,-32.0098],[132.344,-32.0144],[132.3347,-32.029],[132.3256,-32.026],[132.3088,-32.028],[132.2851,-32.0223],[132.2724,-32.0272],[132.2713,-32.0337],[132.226,-32.0247],[132.2006,-32.0265],[132.1767,-32.0175],[132.1673,-32.0046],[132.1524,-32.0025],[132.1168,-31.9608],[132.113,-31.9466],[132.0845,-31.9296],[132.0736,-31.9182],[132.0014,-31.8774],[131.9094,-31.8143],[131.8579,-31.7875],[131.8519,-31.7789],[131.8291,-31.7623],[131.7586,-31.7203],[131.4995,-31.596],[131.2775,-31.5052],[131.1869,-31.472],[131.1486,-31.4637],[131.1285,-31.4647],[131.1149,-31.4758],[131.0818,-31.4909],[131.0655,-31.5058],[131.0576,-31.5216],[131.0264,-31.5376],[130.8461,-31.5978],[130.8061,-31.6056],[130.7345,-31.6061],[130.5679,-31.5857],[130.5014,-31.5928],[130.426,-31.5836],[130.345,-31.5836],[130.275,-31.5737],[130.2474,-31.5738],[130.2222,-31.5798],[130.1522,-31.5766],[130.1204,-31.5864],[130.0202,-31.586],[129.9704,-31.5911],[129.9384,-31.5887],[129.886,-31.5956],[129.8661,-31.6041],[129.8431,-31.6078],[129.7719,-31.6079],[129.7261,-31.6141],[129.6296,-31.6157],[129.5278,-31.6227],[129.4328,-31.6372],[129.3702,-31.6403],[129.2892,-31.6518],[129.1947,-31.6587],[129.1395,-31.6679],[129.0528,-31.6742],[129.0013,-31.6876],[129.0013,-32.7404],[129.242,-32.6597],[131.1668,-32.5444],[131.861,-32.9661],[132.4379,-33.0077]]]}},
{"type":"Feature","id":"SA_MW002","properties":{"aac":"SA_MW002","name":"Upper West Coast","state":"sa","type":"coastal waters","source":"IDM00003"},"geometry":{"type":"Polygon","coordinates":[[[133.3711,-33.6492],[134.8822,-33.6498],[134.8832,-33.639],[134.8712,-33.6354],[134.8606,-33.6441],[134.83,-33.6259],[134.8427,-33.6211],[134.8405,-33.5932],[134.863,-33.5498],[134.862,-33.5131],[134.8453,-33.4374],[134.8283,-33.3875],[134.802,-33.3296],[134.7894,-33.3254],[134.7799,-33.3152],[134.7607,-33.3099],[134.7478,-33.2863],[134.7345,-33.2732],[134.7188,-33.2646],[134.6951,-33.2635],[134.6876,-33.2503],[134.6639,-33.233],[134.6917,-33.2294],[134.6986,-33.222],[134.7138,-33.2312],[134.7189,-33.2298],[134.7222,-33.219],[134.717,-33.2133],[134.7176,-33.1972],[134.7074,-33.1807],[134.6999,-33.1738],[134.6847,-33.1716],[134.6671,-33.1614],[134.6331,-33.1625],[134.5959,-33.1392],[134.5591,-33.1611],[134.5776,-33.1902],[134.5997,-33.1974],[134.6078,-33.1969],[134.6139,-33.1893],[134.627,-33.1949],[134.6413,-33.1835],[134.6437,-33.1962],[134.6233,-33.1986],[134.6313,-33.2138],[134.6416,-33.2216],[134.6539,-33.2175],[134.6637,-33.2234],[134.66,-33.2276],[134.6461,-33.2229],[134.6324,-33.243],[134.6241,-33.2338],[134.574,-33.1927],[134.5627,-33.1947],[134.5525,-33.1912],[134.5414,-33.1811],[134.5148,-33.1702],[134.5062,-33.1614],[134.4809,-33.1543],[134.4716,-33.1556],[134.4511,-33.1449],[134.4157,-33.1487],[134.4067,-33.1599],[134.3925,-33.1658],[134.3881,-33.1777],[134.3852,-33.1733],[134.3686,-33.1758],[134.3597,-33.1282],[134.3404,-33.1133],[134.3323,-33.0972],[134.3243,-33.0908],[134.3069,-33.0893],[134.2944,-33.0768],[134.2896,-33.0612],[134.3004,-33.0507],[134.2796,-33.0253],[134.2646,-33.0315],[134.2726,-33.0372],[134.2728,-33.0447],[134.2799,-33.0534],[134.2625,-33.0607],[134.2632,-33.084],[134.2795,-33.0999],[134.2793,-33.1079],[134.2932,-33.1189],[134.313,-33.1123],[134.3216,-33.1202],[134.3172,-33.1272],[134.3382,-33.138],[134.352,-33.1394],[134.3589,-33.1492],[134.3452,-33.1626],[134.3452,-33.1773],[134.3518,-33.1904],[134.328,-33.1996],[134.3175,-33.1944],[134.313,-33.1842],[134.2916,-33.1739],[134.2836,-33.1655],[134.2725,-33.1639],[134.261,-33.1532],[134.2668,-33.1389],[134.2601,-33.1115],[134.2621,-33.0987],[134.2478,-33.0876],[134.2485,-33.0803],[134.2419,-33.0739],[134.2424,-33.0643],[134.2317,-33.0446],[134.1965,-33.0352],[134.1835,-33.0417],[134.1841,-33.0483],[134.1721,-33.0496],[134.1389,-33.0186],[134.1676,-33.0099],[134.19,-33.016],[134.2031,-33.0025],[134.2059,-32.9861],[134.2026,-32.9667],[134.1811,-32.9341],[134.1588,-32.9252],[134.148,-32.9268],[134.1403,-32.9331],[134.1451,-32.9402],[134.1409,-32.9445],[134.125,-32.9328],[134.1295,-32.928],[134.1195,-32.9153],[134.105,-32.9136],[134.0907,-32.9269],[134.0815,-32.9269],[134.0819,-32.9195],[134.0602,-32.9075],[134.0754,-32.9066],[134.0795,-32.8954],[134.0725,-32.8837],[134.0957,-32.8792],[134.0995,-32.8679],[134.1166,-32.869],[134.132,-32.8564],[134.1384,-32.8409],[134.1338,-32.8139],[134.1181,-32.783],[134.0981,-32.7574],[134.0733,-32.7401],[134.0704,-32.7318],[134.0625,-32.7266],[134.0643,-32.7159],[134.0811,-32.7101],[134.1073,-32.7213],[134.159,-32.7219],[134.1772,-32.7185],[134.1842,-32.7234],[134.2052,-32.7256],[134.2145,-32.7311],[134.1804,-32.7282],[134.1682,-32.7349],[134.2018,-32.7479],[134.19,-32.7655],[134.1932,-32.7914],[134.2025,-32.7973],[134.2136,-32.7949],[134.2309,-32.7814],[134.2304,-32.7648],[134.2404,-32.7587],[134.2403,-32.7489],[134.2584,-32.7377],[134.2722,-32.7107],[134.2873,-32.7006],[134.2898,-32.6906],[134.2837,-32.6848],[134.2943,-32.6653],[134.2905,-32.6569],[134.2791,-32.6489],[134.2779,-32.6083],[134.2646,-32.571],[134.2165,-32.5142],[134.1858,-32.4849],[134.1642,-32.4711],[134.1266,-32.4555],[134.0893,-32.4593],[134.0831,-32.4638],[134.0847,-32.4724],[134.0492,-32.4602],[134.037,-32.4607],[134.0067,-32.4754],[133.9933,-32.4866],[133.995,-32.4993],[133.991,-32.5057],[133.947,-32.4941],[133.9197,-32.496],[133.9065,-32.5104],[133.9064,-32.5183],[133.8959,-32.5243],[133.8934,-32.5418],[133.8756,-32.5333],[133.8665,-32.538],[133.8603,-32.5325],[133.8525,-32.5427],[133.8496,-32.5332],[133.8563,-32.529],[133.853,-32.51],[133.8464,-32.5069],[133.85,-32.4939],[133.8618,-32.4847],[133.8512,-32.461],[133.8664,-32.4219],[133.8667,-32.3988],[133.8993,-32.3999],[133.9121,-32.4135],[133.9002,-32.4179],[133.9016,-32.4223],[133.915,-32.426],[133.9409,-32.4169],[133.9481,-32.4094],[133.9515,-32.3916],[133.9437,-32.382],[133.9324,-32.38],[133.9308,-32.3626],[133.9233,-32.3572],[133.9019,-32.3186],[133.8803,-32.305],[133.8708,-32.2829],[133.8597,-32.2791],[133.843,-32.2567],[133.8293,-32.2548],[133.8213,-32.2344],[133.8076,-32.2325],[133.8071,-32.2434],[133.7968,-32.2533],[133.781,-32.2548],[133.7709,-32.2645],[133.763,-32.2577],[133.7638,-32.2495],[133.7546,-32.2359],[133.7616,-32.2252],[133.7584,-32.2084],[133.7456,-32.2017],[133.738,-32.2046],[133.7327,-32.1992],[133.7146,-32.195],[133.6787,-32.2031],[133.6881,-32.1783],[133.687,-32.1703],[133.6945,-32.1611],[133.6915,-32.1538],[133.6732,-32.1425],[133.6453,-32.1511],[133.6439,-32.1424],[133.6554,-32.1439],[133.6709,-32.1336],[133.6698,-32.106],[133.6606,-32.1062],[133.644,-32.0959],[133.6305,-32.1002],[133.6283,-32.0911],[133.6206,-32.0923],[133.6066,-32.085],[133.5921,-32.0874],[133.582,-32.096],[133.5804,-32.1078],[133.5729,-32.12],[133.5841,-32.1409],[133.5665,-32.1551],[133.5558,-32.159],[133.5515,-32.1699],[133.535,-32.1658],[133.5229,-32.1554],[133.5245,-32.1429],[133.5107,-32.1535],[133.4968,-32.1516],[133.4942,-32.1464],[133.5024,-32.1293],[133.4825,-32.1258],[133.4814,-32.1058],[133.4712,-32.0998],[133.4583,-32.1053],[133.4496,-32.1159],[133.4505,-32.1364],[133.438,-32.1247],[133.4278,-32.1317],[133.4182,-32.1286],[133.411,-32.1363],[133.4004,-32.1399],[133.4211,-32.1402],[133.4108,-32.1482],[133.4193,-32.1546],[133.4294,-32.1514],[133.4645,-32.1588],[133.4747,-32.1679],[133.491,-32.1957],[133.488,-32.1995],[133.4798,-32.1925],[133.4435,-32.1778],[133.4254,-32.1847],[133.4228,-32.1978],[133.4134,-32.1945],[133.4053,-32.1996],[133.3953,-32.195],[133.3897,-32.1996],[133.3819,-32.1924],[133.3647,-32.1865],[133.3238,-32.1798],[133.2797,-32.1829],[133.2745,-32.1945],[133.2527,-32.2104],[133.253,-32.2053],[133.2289,-32.1901],[133.185,-32.1725],[133.1627,-32.1692],[133.1463,-32.1748],[133.1434,-32.1874],[133.1464,-32.1949],[133.1263,-32.2074],[133.1332,-32.197],[133.1288,-32.1888],[133.1364,-32.1844],[133.1388,-32.1753],[133.1127,-32.1465],[133.0579,-32.1047],[133.0045,-32.0827],[132.9893,-32.0931],[132.9895,-32.1016],[132.9795,-32.1061],[132.9817,-32.0972],[132.9772,-32.0909],[132.9816,-32.0841],[132.9736,-32.0717],[132.9472,-32.0547],[132.9344,-32.0537],[132.9199,-32.0418],[132.9033,-32.0358],[132.8609,-32.002],[132.8319,-31.9841],[132.7832,-31.9605],[132.7488,-31.9491],[132.7375,-31.949],[132.7338,-31.9557],[132.6864,-31.9504],[132.6767,-31.9575],[132.6615,-31.9565],[132.6558,-31.9478],[132.6313,-31.9412],[132.5937,-31.934],[132.5582,-31.9322],[132.523,-31.9352],[132.4834,-31.9443],[132.4535,-31.9623],[132.4375,-31.9926],[132.444,-32.0076],[132.4613,-32.0098],[132.4637,-32.016],[132.4758,-32.0258],[132.4703,-32.0297],[132.4582,-32.0209],[132.4509,-32.0218],[132.4379,-32.0127],[132.4379,-33.0077],[132.6062,-33.0198],[133.1088,-33.1942],[133.3711,-33.6492]]]}},
{"type":"Feature","id":"SA_MW003","properties":{"aac":"SA_MW003","name":"Lower West Coast","state":"sa","type":"coastal waters","source":"IDM00003"},"geometry":{"type":"Polygon","coordinates":[[[134.8792,-33.6538],[134.8822,-33.6498],[133.3711,-33.6492],[133.3877,-33.6779],[134.1402,-34.3468],[134.1447,-34.8476],[134.197,-34.9455],[135.6241,-34.9462],[135.6196,-34.9389],[135.6244,-34.9071],[135.6188,-34.9054],[135.6133,-34.8924],[135.6055,-34.8918],[135.6041,-34.8796],[135.5932,-34.8725],[135.5388,-34.813],[135.4957,-34.7819],[135.4946,-34.7687],[135.4772,-34.7472],[135.4599,-34.7332],[135.4095,-34.7017],[135.3784,-34.688],[135.3508,-34.6816],[135.33,-34.6897],[135.3205,-34.6803],[135.329,-34.6696],[135.3408,-34.6711],[135.3477,-34.6635],[135.3492,-34.6511],[135.3412,-34.6276],[135.3218,-34.6088],[135.2988,-34.6008],[135.2788,-34.5707],[135.2512,-34.5505],[135.2238,-34.5443],[135.2094,-34.5489],[135.2099,-34.5582],[135.201,-34.5549],[135.1735,-34.5557],[135.1501,-34.5692],[135.1438,-34.5919],[135.1296,-34.5905],[135.1223,-34.5855],[135.1096,-34.589],[135.112,-34.5815],[135.1259,-34.5765],[135.1268,-34.5597],[135.1342,-34.5416],[135.1305,-34.5279],[135.1443,-34.52],[135.1449,-34.5097],[135.1401,-34.503],[135.1473,-34.501],[135.1649,-34.4822],[135.1737,-34.4643],[135.1861,-34.4604],[135.1908,-34.4537],[135.1921,-34.4392],[135.2066,-34.4288],[135.2174,-34.4336],[135.2119,-34.4412],[135.2166,-34.4557],[135.2125,-34.4634],[135.2179,-34.4953],[135.2325,-34.5027],[135.2623,-34.5092],[135.2964,-34.5079],[135.3038,-34.5154],[135.347,-34.5188],[135.3456,-34.5221],[135.3155,-34.5206],[135.2977,-34.5518],[135.3096,-34.5636],[135.3503,-34.5754],[135.3577,-34.5886],[135.3506,-34.6023],[135.3629,-34.6209],[135.391,-34.6232],[135.3991,-34.6277],[135.3916,-34.636],[135.3897,-34.6303],[135.3738,-34.6297],[135.3789,-34.6451],[135.3889,-34.6437],[135.3988,-34.6357],[135.4118,-34.638],[135.4452,-34.6315],[135.4517,-34.6253],[135.4522,-34.6142],[135.4677,-34.6129],[135.4219,-34.6018],[135.3942,-34.5999],[135.3893,-34.5947],[135.3991,-34.5677],[135.3987,-34.5553],[135.3871,-34.5307],[135.3793,-34.5267],[135.3773,-34.5131],[135.3897,-34.5048],[135.3957,-34.4942],[135.3881,-34.4699],[135.3905,-34.4639],[135.3868,-34.4385],[135.3768,-34.43],[135.3696,-34.4296],[135.3582,-34.4176],[135.3627,-34.4118],[135.3649,-34.3848],[135.3512,-34.3674],[135.3568,-34.3661],[135.3565,-34.3481],[135.3598,-34.3429],[135.3496,-34.2945],[135.3489,-34.2738],[135.3262,-34.222],[135.3055,-34.1866],[135.286,-34.1712],[135.2684,-34.1697],[135.2546,-34.1543],[135.241,-34.1494],[135.2619,-34.1276],[135.2797,-34.1197],[135.275,-34.1146],[135.2726,-34.0944],[135.2812,-34.068],[135.2654,-34.032],[135.2725,-34.0239],[135.2709,-34.0148],[135.2577,-33.9986],[135.2531,-33.9828],[135.2365,-33.961],[135.1936,-33.9189],[135.1889,-33.907],[135.1915,-33.8976],[135.1815,-33.8768],[135.1697,-33.8731],[135.1618,-33.8778],[135.1449,-33.8516],[135.1339,-33.8474],[135.1292,-33.8367],[135.0832,-33.8046],[135.043,-33.7574],[135.0169,-33.7367],[134.98,-33.713],[134.937,-33.6918],[134.93,-33.6838],[134.8792,-33.6538]]]}},
{"type":"Feature","id":"SA_MW004","properties":{"aac":"SA_MW004","name":"Central Coast","state":"sa","type":"coastal waters","source":"IDM00003"},"geometry":{"type":"Polygon","coordinates":[[[136.0039,-34.9857],[136.0036,-34.9853],[135.9893,-34.9809],[135.9768,-34.9952],[135.9606,-34.9923],[135.9614,-35.0049],[135.9434,-35.0027],[135.9421,-34.9862],[135.9491,-34.9805],[135.9463,-34.9754],[135.9318,-34.9712],[135.9275,-34.9607],[135.9286,-34.9491],[135.9018,-34.9338],[135.8799,-34.9296],[135.8699,-34.9204],[135.8562,-34.9272],[135.8534,-34.92],[135.8603,-34.8998],[135.8541,-34.8873],[135.823,-34.8702],[135.7902,-34.8614],[135.7514,-34.8568],[135.7138,-34.8657],[135.708,-34.8754],[135.7066,-34.9056],[135.6972,-34.9072],[135.6923,-34.9143],[135.6815,-34.9141],[135.689,-34.923],[135.6914,-34.9384],[135.6798,-34.946],[135.642,-34.9369],[135.6399,-34.9429],[135.6241,-34.9462],[134.197,-34.9455],[134.3587,-35.2479],[135.0404,-35.7496],[136.5856,-35.7499],[136.5888,-35.7481],[136.9306,-35.2856],[136.9142,-35.2882],[136.9018,-35.2861],[136.891,-35.2979],[136.8825,-35.3009],[136.8709,-35.2875],[136.8605,-35.2882],[136.8477,-35.2816],[136.8444,-35.27],[136.8278,-35.2483],[136.8467,-35.2282],[136.8445,-35.192],[136.8463,-35.1893],[136.8669,-35.1932],[136.8878,-35.1848],[136.8946,-35.1774],[136.8938,-35.1604],[136.9043,-35.1534],[136.9138,-35.1527],[136.9223,-35.1416],[136.9323,-35.1401],[136.9414,-35.1272],[136.9444,-35.1059],[136.9616,-35.0875],[136.9549,-35.0638],[136.9317,-35.0275],[136.9464,-35.0201],[136.9504,-35.0098],[136.958,-35.0102],[136.9684,-35.0012],[136.9724,-34.9857],[136.9696,-34.9724],[136.9768,-34.9418],[136.9968,-34.9331],[137.0124,-34.9197],[137.0097,-34.8967],[136.0039,-34.9857]]]}},
{"type":"Feature","id":"SA_MW005","properties":{"aac":"SA_MW005","name":"Spencer Gulf","state":"sa","type":"coastal waters","source":"IDM00003"},"geometry":{"type":"Polygon","coordinates":[[[136.0039,-34.9857],[137.0097,-34.8967],[137.0151,-34.8923],[137.0214,-34.8988],[137.0489,-34.9024],[137.0589,-34.9109],[137.0765,-34.9174],[137.0971,-34.9187],[137.1482,-34.9167],[137.198,-34.8992],[137.2227,-34.9036],[137.2365,-34.9016],[137.2508,-34.8939],[137.2582,-34.8969],[137.2765,-34.8929],[137.291,-34.8993],[137.2974,-34.9151],[137.3103,-34.9275],[137.3219,-34.9304],[137.3474,-34.9287],[137.3552,-34.9447],[137.374,-34.9534],[137.4165,-34.9382],[137.45,-34.9093],[137.4589,-34.8799],[137.4601,-34.8053],[137.4775,-34.76],[137.4784,-34.7315],[137.4876,-34.7126],[137.4932,-34.6661],[137.5028,-34.6585],[137.5066,-34.6498],[137.5104,-34.6257],[137.5075,-34.5822],[137.4749,-34.5104],[137.4805,-34.5071],[137.4865,-34.4844],[137.4828,-34.4565],[137.4866,-34.4487],[137.4834,-34.4385],[137.4733,-34.4307],[137.4538,-34.4305],[137.4437,-34.4415],[137.44,-34.4581],[137.4266,-34.4726],[137.4167,-34.4617],[137.4174,-34.4449],[137.4282,-34.4413],[137.4381,-34.4282],[137.4463,-34.3984],[137.4652,-34.401],[137.4762,-34.3927],[137.4817,-34.3755],[137.4846,-34.3409],[137.499,-34.3182],[137.5005,-34.3079],[137.4975,-34.2644],[137.5027,-34.2585],[137.4998,-34.2514],[137.5012,-34.2252],[137.4854,-34.193],[137.4659,-34.1711],[137.4503,-34.1374],[137.4601,-34.1322],[137.4758,-34.1377],[137.4937,-34.1339],[137.5075,-34.1371],[137.5232,-34.1281],[137.5276,-34.1053],[137.5406,-34.0948],[137.5452,-34.0752],[137.5528,-34.0729],[137.5683,-34.0432],[137.5658,-34.0305],[137.5547,-34.0149],[137.544,-34.0077],[137.5283,-34.0039],[137.5421,-33.99],[137.5543,-33.9907],[137.5628,-33.9719],[137.5752,-33.9662],[137.5786,-33.957],[137.5986,-33.9366],[137.6287,-33.9221],[137.6299,-33.9109],[137.6249,-33.8967],[137.6007,-33.8804],[137.5998,-33.8766],[137.6147,-33.8659],[137.641,-33.8322],[137.7246,-33.7697],[137.7352,-33.7395],[137.7541,-33.7147],[137.7749,-33.6953],[137.8022,-33.6826],[137.8067,-33.6724],[137.8188,-33.6623],[137.8354,-33.6419],[137.8453,-33.6399],[137.8576,-33.6306],[137.8768,-33.5991],[137.894,-33.5879],[137.9218,-33.59],[137.9235,-33.5984],[137.9135,-33.614],[137.9065,-33.6175],[137.8995,-33.6115],[137.8948,-33.6223],[137.9012,-33.6311],[137.9096,-33.6311],[137.9259,-33.6178],[137.9288,-33.5921],[137.9353,-33.579],[137.9353,-33.5536],[137.9469,-33.5551],[137.9537,-33.5727],[137.9646,-33.5726],[137.9772,-33.5589],[137.9691,-33.551],[137.9394,-33.5491],[137.9367,-33.5437],[137.9417,-33.5177],[137.947,-33.5155],[137.9316,-33.4985],[137.9289,-33.4806],[137.9051,-33.4374],[137.8699,-33.3963],[137.8741,-33.3643],[137.8841,-33.3525],[137.8823,-33.3302],[137.8527,-33.3277],[137.8426,-33.3179],[137.8397,-33.3048],[137.8289,-33.2995],[137.8102,-33.2747],[137.8131,-33.2594],[137.8235,-33.2537],[137.8175,-33.2456],[137.8228,-33.2317],[137.8335,-33.2193],[137.8322,-33.2079],[137.8457,-33.2009],[137.8546,-33.1878],[137.9035,-33.169],[137.9138,-33.1675],[137.921,-33.1738],[137.9395,-33.1545],[137.9599,-33.1494],[137.9565,-33.1442],[137.9861,-33.1411],[137.9989,-33.1298],[138.0096,-33.1348],[138.0048,-33.1441],[138.0115,-33.1505],[138.0225,-33.1404],[138.0399,-33.1341],[138.0472,-33.1216],[138.0404,-33.1092],[138.0238,-33.106],[138.0269,-33.0957],[138.0453,-33.0883],[138.0166,-33.0346],[137.9858,-33.0192],[137.9797,-33.023],[137.9698,-33.0209],[137.9497,-33.0076],[137.9464,-32.9986],[137.9514,-32.9894],[137.9482,-32.9679],[137.9392,-32.9471],[137.9253,-32.875],[137.9136,-32.854],[137.9025,-32.8046],[137.9048,-32.7814],[137.8973,-32.7755],[137.8982,-32.7674],[137.908,-32.7658],[137.9179,-32.7573],[137.9299,-32.7609],[137.9317,-32.7525],[137.9232,-32.7484],[137.9145,-32.7356],[137.8938,-32.7253],[137.888,-32.7149],[137.8575,-32.7067],[137.8422,-32.6947],[137.8574,-32.667],[137.8413,-32.6381],[137.8257,-32.6308],[137.803,-32.6058],[137.809,-32.5934],[137.8221,-32.5792],[137.8194,-32.5635],[137.8227,-32.56],[137.8044,-32.5555],[137.8036,-32.56],[137.775,-32.5587],[137.7855,-32.5429],[137.7784,-32.5268],[137.765,-32.5254],[137.7729,-32.5135],[137.7668,-32.5003],[137.7544,-32.4941],[137.7551,-32.5009],[137.7638,-32.5103],[137.7555,-32.5307],[137.7696,-32.5387],[137.7583,-32.5494],[137.7563,-32.5626],[137.7651,-32.5896],[137.7652,-32.6067],[137.752,-32.6718],[137.7591,-32.6954],[137.7512,-32.7069],[137.759,-32.713],[137.7806,-32.7118],[137.8044,-32.7369],[137.8102,-32.753],[137.8014,-32.7742],[137.8008,-32.7907],[137.8108,-32.8444],[137.8096,-32.8526],[137.7989,-32.8614],[137.8011,-32.8673],[137.7927,-32.8703],[137.7984,-32.8924],[137.7925,-32.9097],[137.7872,-32.9152],[137.758,-32.9076],[137.7501,-32.9195],[137.7578,-32.9439],[137.775,-32.9689],[137.7845,-32.9956],[137.7591,-32.9886],[137.7592,-32.9946],[137.7503,-32.9958],[137.721,-32.9907],[137.7127,-32.9744],[137.7001,-32.9691],[137.694,-32.9605],[137.6622,-32.9526],[137.6286,-32.9648],[137.6104,-32.9751],[137.5947,-32.9986],[137.5931,-33.0051],[137.5991,-33.0175],[137.5859,-33.0221],[137.5949,-33.036],[137.5738,-33.0451],[137.5457,-33.0862],[137.5224,-33.0995],[137.5126,-33.1108],[137.491,-33.1233],[137.4606,-33.1303],[137.4514,-33.1383],[137.4437,-33.1584],[137.4394,-33.2203],[137.4108,-33.2633],[137.4119,-33.2693],[137.3859,-33.295],[137.3801,-33.309],[137.3766,-33.345],[137.3844,-33.3762],[137.3736,-33.3984],[137.3612,-33.4127],[137.3556,-33.4407],[137.3327,-33.4588],[137.3199,-33.4649],[137.3015,-33.4945],[137.3045,-33.5005],[137.294,-33.5092],[137.2781,-33.5654],[137.2615,-33.5812],[137.2518,-33.6084],[137.2257,-33.6354],[137.2147,-33.6594],[137.1805,-33.6751],[137.1702,-33.6895],[137.1449,-33.6974],[137.0919,-33.702],[137.0722,-33.699],[137.0511,-33.7072],[137.037,-33.7083],[137.0224,-33.7215],[136.9899,-33.7261],[136.9882,-33.7204],[136.9991,-33.7058],[136.9932,-33.7011],[136.9814,-33.7041],[136.9682,-33.7016],[136.9652,-33.696],[136.9763,-33.6894],[136.9763,-33.6799],[136.9328,-33.6725],[136.9288,-33.6956],[136.9218,-33.7057],[136.9029,-33.723],[136.8751,-33.7326],[136.8697,-33.7443],[136.8762,-33.7556],[136.8729,-33.7637],[136.8793,-33.7773],[136.9019,-33.7726],[136.913,-33.7581],[136.9263,-33.7564],[136.927,-33.7439],[136.9202,-33.736],[136.9264,-33.729],[136.9455,-33.7288],[136.9655,-33.7356],[136.9689,-33.7425],[136.9503,-33.7561],[136.855,-33.7994],[136.7985,-33.8042],[136.7784,-33.823],[136.7777,-33.8306],[136.7296,-33.8359],[136.6941,-33.8644],[136.664,-33.8804],[136.5933,-33.8993],[136.587,-33.9113],[136.5733,-33.9207],[136.5776,-33.9318],[136.5765,-33.9419],[136.5551,-33.9505],[136.5504,-33.9573],[136.5014,-33.9912],[136.4428,-34.0071],[136.3634,-34.0698],[136.3473,-34.1011],[136.3515,-34.1033],[136.3486,-34.1141],[136.3569,-34.1224],[136.3472,-34.1288],[136.3437,-34.1418],[136.3321,-34.1485],[136.3229,-34.1744],[136.3253,-34.1818],[136.3019,-34.1957],[136.2936,-34.2107],[136.279,-34.2209],[136.2676,-34.24],[136.2702,-34.2447],[136.2611,-34.2679],[136.2209,-34.3084],[136.179,-34.3389],[136.1406,-34.3406],[136.1272,-34.3459],[136.1141,-34.357],[136.1061,-34.3714],[136.1048,-34.3825],[136.1137,-34.3893],[136.1174,-34.4006],[136.1308,-34.4074],[136.1174,-34.4089],[136.1076,-34.4224],[136.1001,-34.4195],[136.0928,-34.4301],[136.1052,-34.4329],[136.1098,-34.4254],[136.117,-34.426],[136.1202,-34.4334],[136.1147,-34.4491],[136.1155,-34.4591],[136.1221,-34.4674],[136.1105,-34.4793],[136.1182,-34.4892],[136.1124,-34.5038],[136.1126,-34.5168],[136.0971,-34.5251],[136.0996,-34.5326],[136.0903,-34.5442],[136.0846,-34.5326],[136.0925,-34.5248],[136.077,-34.5074],[136.0849,-34.4975],[136.0771,-34.4866],[136.0569,-34.4791],[136.03,-34.4818],[136.0172,-34.4969],[136.0166,-34.5065],[136.0012,-34.51],[135.9944,-34.5178],[135.9834,-34.5133],[135.982,-34.5061],[135.9746,-34.5046],[135.9433,-34.5196],[135.9307,-34.5322],[135.9293,-34.5387],[135.9366,-34.5409],[135.9247,-34.5489],[135.9019,-34.593],[135.9045,-34.6027],[135.9125,-34.6105],[135.9341,-34.6108],[135.9351,-34.6237],[135.9313,-34.6328],[135.9376,-34.6496],[135.9269,-34.6468],[135.9238,-34.6363],[135.9125,-34.6311],[135.9125,-34.6197],[135.89,-34.6162],[135.8622,-34.6342],[135.8552,-34.6661],[135.8544,-34.7157],[135.8614,-34.7215],[135.8802,-34.7208],[135.885,-34.7325],[135.8758,-34.7408],[135.8781,-34.746],[135.8928,-34.7446],[135.893,-34.7518],[135.8827,-34.7538],[135.8789,-34.7605],[135.8642,-34.7695],[135.864,-34.7552],[135.8493,-34.7513],[135.8094,-34.7824],[135.7875,-34.8092],[135.8394,-34.8183],[135.8617,-34.8075],[135.8961,-34.8049],[135.9119,-34.7867],[135.9221,-34.7821],[135.9295,-34.7686],[135.95,-34.7653],[135.9558,-34.757],[135.9624,-34.7708],[135.9621,-34.784],[135.9808,-34.7848],[135.9899,-34.7712],[135.9876,-34.7606],[135.9919,-34.75],[135.9883,-34.7385],[135.9794,-34.7306],[135.996,-34.7259],[135.9989,-34.7341],[136.0068,-34.7369],[136.0146,-34.757],[136.0025,-34.7821],[136.0055,-34.7977],[135.9992,-34.82],[135.9942,-34.8273],[135.9864,-34.8275],[135.9699,-34.8384],[135.9605,-34.8494],[135.9627,-34.8753],[135.977,-34.8951],[135.9762,-34.9057],[135.9857,-34.9085],[135.9852,-34.9172],[135.9924,-34.9258],[135.9859,-34.937],[135.9932,-34.9436],[135.9878,-34.9586],[135.999,-34.9599],[136.0036,-34.9853],[136.0039,-34.9857]]]}},
{"type":"Feature","id":"SA_MW006","properties":{"aac":"SA_MW006","name":"Gulf St Vincent","state":"sa","type":"coastal waters","source":"IDM00003"},"geometry":{"type":"Polygon","coordinates":[[[138.5448,-34.7616],[138.5314,-34.7422],[138.5221,-34.7354],[138.4936,-34.7207],[138.4751,-34.6986],[138.4594,-34.697],[138.4515,-34.682],[138.4306,-34.668],[138.4351,-34.6546],[138.4457,-34.6536],[138.4315,-34.6279],[138.4228,-34.6201],[138.4113,-34.6223],[138.4068,-34.6128],[138.3852,-34.5925],[138.3605,-34.5806],[138.3498,-34.5659],[138.3501,-34.5521],[138.344,-34.5372],[138.3302,-34.5181],[138.3095,-34.5091],[138.2889,-34.4903],[138.2662,-34.4771],[138.2604,-34.4621],[138.2584,-34.4355],[138.246,-34.3986],[138.2251,-34.3639],[138.2302,-34.3407],[138.2238,-34.312],[138.1925,-34.271],[138.1848,-34.2681],[138.1571,-34.271],[138.1454,-34.2671],[138.1451,-34.2598],[138.1633,-34.246],[138.1626,-34.2247],[138.1558,-34.2083],[138.1434,-34.1919],[138.1349,-34.189],[138.1081,-34.1557],[138.1041,-34.1392],[138.0906,-34.1313],[138.078,-34.1324],[138.0705,-34.1372],[138.0676,-34.1471],[138.0402,-34.1833],[138.0341,-34.1955],[138.0312,-34.2175],[138.0103,-34.2331],[138.0053,-34.2626],[138.0233,-34.2757],[138.0166,-34.3244],[138.0066,-34.3485],[137.9932,-34.3637],[137.9479,-34.3966],[137.9182,-34.4272],[137.9099,-34.4592],[137.8973,-34.48],[137.8977,-34.4936],[137.8857,-34.5144],[137.8839,-34.5667],[137.876,-34.5806],[137.8759,-34.5958],[137.885,-34.6077],[137.9075,-34.6152],[137.9013,-34.6226],[137.901,-34.6339],[137.8866,-34.6452],[137.8772,-34.6667],[137.8803,-34.6933],[137.8578,-34.7702],[137.8644,-34.7777],[137.8325,-34.8137],[137.8242,-34.8376],[137.8088,-34.8599],[137.7963,-34.8955],[137.797,-34.9063],[137.8055,-34.9124],[137.7901,-34.9252],[137.7849,-34.9464],[137.7643,-34.9808],[137.7597,-34.9986],[137.7655,-35.0407],[137.7547,-35.0447],[137.7421,-35.0417],[137.7283,-35.0481],[137.7363,-35.0653],[137.7472,-35.0739],[137.7504,-35.0818],[137.7439,-35.1004],[137.7613,-35.1134],[137.7353,-35.1303],[137.6975,-35.142],[137.6873,-35.1514],[137.6811,-35.1674],[138.3736,-35.3169],[138.3756,-35.3173],[138.3929,-35.3211],[138.4333,-35.3298],[138.444,-35.3321],[138.4469,-35.3184],[138.4414,-35.2767],[138.4441,-35.2703],[138.4574,-35.2629],[138.4618,-35.2462],[138.469,-35.2411],[138.467,-35.2189],[138.47,-35.1995],[138.4653,-35.1745],[138.4693,-35.1643],[138.4663,-35.1468],[138.4692,-35.1398],[138.4682,-35.1198],[138.4766,-35.1015],[138.494,-35.0845],[138.5045,-35.0515],[138.5175,-35.0324],[138.5097,-34.9957],[138.5103,-34.9704],[138.476,-34.8556],[138.478,-34.8411],[138.4905,-34.8133],[138.4896,-34.7978],[138.4783,-34.7823],[138.4966,-34.764],[138.5067,-34.7636],[138.5153,-34.771],[138.5087,-34.798],[138.5146,-34.8099],[138.5348,-34.815],[138.5479,-34.8092],[138.5526,-34.8022],[138.553,-34.7895],[138.5434,-34.7746],[138.5448,-34.7616]]]}},
{"type":"Feature","id":"SA_MW007","properties":{"aac":"SA_MW007","name":"Investigator Strait","state":"sa","type":"coastal waters","source":"IDM00003"},"geometry":{"type":"Polygon","coordinates":[[[138.3736,-35.3169],[137.6811,-35.1674],[137.6796,-35.1686],[137.6368,-35.1675],[137.6099,-35.1452],[137.5497,-35.1154],[137.5225,-35.1137],[137.5114,-35.1195],[137.4657,-35.0998],[137.4227,-35.0982],[137.3714,-35.1222],[137.3485,-35.1369],[137.3402,-35.1506],[137.3449,-35.1631],[137.3334,-35.1684],[137.3061,-35.1649],[137.2976,-35.1682],[137.2653,-35.159],[137.2374,-35.1645],[137.2105,-35.1835],[137.1906,-35.2082],[137.1933,-35.213],[137.1902,-35.2298],[137.1737,-35.2376],[137.1406,-35.2438],[137.1178,-35.2377],[137.111,-35.2429],[137.0805,-35.227],[137.0683,-35.2286],[137.0402,-35.2212],[137.0028,-35.2231],[136.9825,-35.2356],[136.9824,-35.2498],[136.9705,-35.2523],[136.968,-35.2667],[136.9452,-35.269],[136.9417,-35.2839],[136.9306,-35.2856],[136.5888,-35.7481],[136.6162,-35.7448],[136.6317,-35.7484],[136.6974,-35.7388],[136.721,-35.7197],[136.7466,-35.7238],[136.7593,-35.7214],[136.7672,-35.7146],[136.7786,-35.7116],[136.7836,-35.6998],[136.823,-35.699],[136.825,-35.6953],[136.892,-35.6877],[136.9516,-35.6735],[136.9974,-35.6711],[137.0098,-35.6738],[137.0526,-35.6665],[137.0705,-35.6685],[137.0742,-35.6632],[137.1075,-35.6541],[137.1141,-35.6555],[137.1415,-35.6298],[137.1639,-35.632],[137.184,-35.6218],[137.2043,-35.6239],[137.211,-35.6175],[137.2228,-35.6174],[137.2389,-35.6039],[137.2613,-35.6001],[137.27,-35.6026],[137.3019,-35.5891],[137.3111,-35.5795],[137.327,-35.578],[137.3491,-35.5865],[137.3715,-35.5853],[137.3863,-35.5902],[137.4142,-35.5882],[137.4479,-35.5959],[137.4899,-35.5798],[137.5036,-35.5864],[137.5052,-35.5931],[137.5213,-35.5962],[137.5484,-35.5871],[137.5655,-35.5718],[137.5855,-35.569],[137.5921,-35.5645],[137.6045,-35.5718],[137.6224,-35.5613],[137.6347,-35.566],[137.6306,-35.5747],[137.6307,-35.5918],[137.6269,-35.5972],[137.6128,-35.5896],[137.591,-35.6003],[137.5697,-35.6192],[137.5698,-35.6324],[137.5883,-35.6432],[137.6166,-35.6368],[137.6399,-35.6413],[137.6436,-35.6542],[137.618,-35.6683],[137.6051,-35.6798],[137.6015,-35.6944],[137.5787,-35.7099],[137.58,-35.7285],[137.5973,-35.7361],[137.6271,-35.7322],[137.6577,-35.7386],[137.6924,-35.7401],[137.7332,-35.7363],[137.7687,-35.7232],[137.7802,-35.7249],[137.8033,-35.7582],[137.7729,-35.7804],[137.8015,-35.7966],[137.8198,-35.8],[137.8522,-35.7948],[137.866,-35.7771],[137.892,-35.7583],[137.8929,-35.73],[137.9048,-35.7176],[137.9181,-35.7206],[137.941,-35.7167],[137.946,-35.7216],[137.9736,-35.7205],[137.9948,-35.7268],[138.0057,-35.7258],[138.0342,-35.7417],[138.0461,-35.7425],[138.067,-35.7587],[138.0674,-35.7814],[138.0812,-35.7985],[138.1053,-35.809],[138.1184,-35.808],[138.1254,-35.8015],[138.1195,-35.82],[138.1233,-35.8336],[138.1347,-35.8405],[138.2832,-35.639],[138.2634,-35.6423],[138.2558,-35.6494],[138.2326,-35.6589],[138.1948,-35.6648],[138.1629,-35.6606],[138.1282,-35.6448],[138.1152,-35.6326],[138.1036,-35.6315],[138.0953,-35.6239],[138.0954,-35.6005],[138.108,-35.5931],[138.1272,-35.5557],[138.1661,-35.5193],[138.1939,-35.5236],[138.2142,-35.5111],[138.2455,-35.5001],[138.2938,-35.468],[138.3299,-35.4052],[138.3408,-35.3927],[138.3728,-35.3733],[138.4113,-35.3655],[138.4403,-35.3499],[138.444,-35.3321],[138.4333,-35.3298],[138.3929,-35.3211],[138.3756,-35.3173],[138.3736,-35.3169]]]}},
{"type":"Feature","id":"SA_MW008","properties":{"aac":"SA_MW008","name":"South Central Coast","state":"sa","type":"coastal waters","source":"IDM00003"},"geometry":{"type":"Polygon","coordinates":[[[138.3465,-36.8537],[138.883,-35.5584],[138.7902,-35.527],[138.7398,-35.5158],[138.7099,-35.5133],[138.6936,-35.5219],[138.6953,-35.5288],[138.6841,-35.5378],[138.6639,-35.5362],[138.6325,-35.5433],[138.6256,-35.551],[138.626,-35.558],[138.6157,-35.5603],[138.5992,-35.5786],[138.6037,-35.5941],[138.5919,-35.5947],[138.58,-35.6052],[138.5631,-35.6103],[138.5545,-35.6203],[138.5221,-35.6428],[138.4948,-35.6338],[138.4332,-35.6296],[138.4078,-35.6401],[138.2832,-35.639],[138.1347,-35.8405],[138.1303,-35.8456],[138.1106,-35.848],[138.0752,-35.8762],[138.0654,-35.8801],[138.0559,-35.8956],[138.0419,-35.9034],[138.0204,-35.9018],[138.0039,-35.8919],[137.9773,-35.8862],[137.9738,-35.8802],[137.9368,-35.8651],[137.9111,-35.8601],[137.8742,-35.8707],[137.8675,-35.8637],[137.8514,-35.8585],[137.8124,-35.8518],[137.7391,-35.8543],[137.7362,-35.8651],[137.7262,-35.877],[137.7006,-35.8773],[137.6599,-35.885],[137.6126,-35.9114],[137.5972,-35.9395],[137.6047,-35.9641],[137.6183,-35.9787],[137.616,-35.9892],[137.6028,-36.0082],[137.5873,-36.0184],[137.5408,-36.0238],[137.5201,-36.0371],[137.5043,-36.0548],[137.4865,-36.0572],[137.4806,-36.0648],[137.461,-36.0741],[137.4574,-36.0663],[137.4116,-36.0347],[137.4087,-36.0364],[137.3811,-36.013],[137.3695,-35.9965],[137.3627,-36],[137.3509,-35.992],[137.3315,-35.992],[137.3245,-35.9967],[137.301,-35.9898],[137.2788,-35.992],[137.2559,-35.9805],[137.2433,-35.9819],[137.2096,-35.9725],[137.1825,-35.9799],[137.1778,-35.9894],[137.189,-35.9968],[137.1783,-36.0028],[137.17,-36.0143],[137.1624,-36.0154],[137.1627,-36.025],[137.1464,-36.0205],[137.1314,-36.0326],[137.1071,-36.0185],[137.0923,-36.024],[137.0575,-36.0201],[137.0404,-36.0263],[137.0292,-36.0261],[137.0148,-36.0179],[136.9965,-36.0169],[136.9499,-36.029],[136.941,-36.0278],[136.9171,-36.043],[136.907,-36.0418],[136.8967,-36.0328],[136.8665,-36.0186],[136.8417,-36.0176],[136.8309,-36.021],[136.8156,-36.0367],[136.7819,-36.0318],[136.7735,-36.0451],[136.7606,-36.0493],[136.7428,-36.0431],[136.7269,-36.0456],[136.7189,-36.0577],[136.7098,-36.0575],[136.7054,-36.0644],[136.6974,-36.0547],[136.7076,-36.0512],[136.7091,-36.0354],[136.6648,-35.9757],[136.6513,-35.9645],[136.6303,-35.9603],[136.6231,-35.9534],[136.5948,-35.9601],[136.5924,-35.9522],[136.5793,-35.9482],[136.5786,-35.9295],[136.5442,-35.8988],[136.543,-35.8909],[136.5497,-35.8858],[136.5341,-35.8858],[136.532,-35.8759],[136.54,-35.8582],[136.5628,-35.8493],[136.5596,-35.828],[136.5666,-35.822],[136.5654,-35.8107],[136.5777,-35.7931],[136.5737,-35.7654],[136.5856,-35.7499],[135.0404,-35.7496],[135.1243,-35.8114],[135.5348,-35.9408],[135.7131,-36.4542],[136.2103,-36.9234],[136.5796,-37.0488],[137.5264,-37.0712],[138.3465,-36.8537]]]}},
{"type":"Feature","id":"SA_MW009","properties":{"aac":"SA_MW009","name":"Upper South East Coast","state":"sa","type":"coastal waters","source":"IDM00003"},"geometry":{"type":"Polygon","coordinates":[[[138.5475,-36.9534],[139.6733,-36.9534],[139.6761,-36.9428],[139.7024,-36.9384],[139.7478,-36.9102],[139.7826,-36.8986],[139.8199,-36.869],[139.8438,-36.8395],[139.8511,-36.8237],[139.8601,-36.7869],[139.8638,-36.7423],[139.8627,-36.6887],[139.8462,-36.6274],[139.8077,-36.5171],[139.7755,-36.4434],[139.6938,-36.286],[139.6566,-36.223],[139.5989,-36.1392],[139.5391,-36.0619],[139.4871,-36.0028],[139.3772,-35.8929],[139.2808,-35.8087],[139.1468,-35.7085],[139.0008,-35.6176],[138.8955,-35.5653],[138.8994,-35.5595],[138.9125,-35.5683],[138.9245,-35.5703],[138.9379,-35.5664],[138.9463,-35.5735],[138.9583,-35.5733],[138.9644,-35.5814],[138.9795,-35.5767],[138.9884,-35.5804],[138.988,-35.5948],[138.9972,-35.591],[139.0111,-35.5939],[139.0058,-35.6005],[139.016,-35.601],[139.0188,-35.6088],[139.0356,-35.6176],[139.0408,-35.6268],[139.0601,-35.631],[139.075,-35.6474],[139.1129,-35.6665],[139.1254,-35.6819],[139.1387,-35.6815],[139.1393,-35.6909],[139.154,-35.7015],[139.1729,-35.7098],[139.195,-35.7282],[139.2054,-35.7288],[139.2058,-35.7365],[139.2251,-35.7551],[139.2416,-35.7634],[139.2459,-35.7724],[139.2614,-35.7777],[139.2709,-35.7886],[139.2801,-35.79],[139.2783,-35.7956],[139.2917,-35.8054],[139.3046,-35.8211],[139.3336,-35.8399],[139.3362,-35.8475],[139.3545,-35.852],[139.3476,-35.8553],[139.3645,-35.8591],[139.3621,-35.8691],[139.3718,-35.8699],[139.3707,-35.8759],[139.3954,-35.8973],[139.3946,-35.9023],[139.4277,-35.9225],[139.4509,-35.9463],[139.4639,-35.9619],[139.4629,-35.9675],[139.4841,-35.9778],[139.4871,-35.9914],[139.5039,-36.0044],[139.5249,-36.0352],[139.5473,-36.044],[139.5483,-36.0541],[139.5552,-36.0596],[139.5541,-36.0664],[139.5616,-36.0704],[139.5717,-36.0887],[139.5814,-36.0945],[139.5844,-36.1033],[139.5936,-36.1099],[139.6,-36.1271],[139.6084,-36.1319],[139.6172,-36.1464],[139.6245,-36.1488],[139.6382,-36.1787],[139.6667,-36.2077],[139.6711,-36.2219],[139.6877,-36.2369],[139.689,-36.2516],[139.7015,-36.2619],[139.7015,-36.2717],[139.7151,-36.2847],[139.7209,-36.2786],[139.7127,-36.2713],[139.6709,-36.204],[139.6545,-36.1691],[139.6348,-36.1452],[139.6417,-36.128],[139.6354,-36.114],[139.6251,-36.1029],[139.6083,-36.1042],[139.6002,-36.0928],[139.6012,-36.0808],[139.595,-36.0756],[139.6002,-36.0653],[139.5895,-36.0634],[139.5874,-36.0548],[139.579,-36.0514],[139.5769,-36.0393],[139.5686,-36.037],[139.5664,-36.0209],[139.5423,-35.9973],[139.5367,-35.9842],[139.5296,-35.9797],[139.527,-35.9704],[139.5177,-35.9609],[139.4415,-35.8996],[139.4279,-35.9039],[139.4316,-35.9118],[139.4433,-35.9177],[139.4469,-35.9272],[139.4248,-35.9095],[139.415,-35.9102],[139.4119,-35.9016],[139.4167,-35.8903],[139.4292,-35.8894],[139.4261,-35.8826],[139.4123,-35.8734],[139.4059,-35.8978],[139.397,-35.8948],[139.3984,-35.8817],[139.3876,-35.8723],[139.3934,-35.8667],[139.3858,-35.8565],[139.3843,-35.8444],[139.3558,-35.8367],[139.3556,-35.8319],[139.3417,-35.8154],[139.3045,-35.7875],[139.2875,-35.7861],[139.2723,-35.7721],[139.2617,-35.7535],[139.2431,-35.7436],[139.2411,-35.7372],[139.2259,-35.7252],[139.2161,-35.7224],[139.2125,-35.7266],[139.2084,-35.7133],[139.1986,-35.7117],[139.1871,-35.7035],[139.1771,-35.7038],[139.1645,-35.6843],[139.1413,-35.669],[139.1329,-35.6693],[139.1231,-35.6566],[139.0997,-35.6452],[139.075,-35.6229],[139.0261,-35.5978],[139.024,-35.5936],[138.9968,-35.5768],[138.9839,-35.5753],[138.9565,-35.5577],[138.9399,-35.5578],[138.9246,-35.5663],[138.8992,-35.5494],[138.8813,-35.5496],[138.8601,-35.5432],[138.8591,-35.5387],[138.8431,-35.5274],[138.8216,-35.5199],[138.8099,-35.5224],[138.8094,-35.5283],[138.8444,-35.537],[138.883,-35.5584],[138.3465,-36.8537],[138.3632,-36.8493],[138.5475,-36.9534]]]}},
{"type":"Feature","id":"SA_MW010","properties":{"aac":"SA_MW010","name":"Lower South East Coast","state":"sa","type":"coastal waters","source":"IDM00003"},"geometry":{"type":"Polygon","coordinates":[[[139.6717,-36.9598],[139.6733,-36.9534],[138.5475,-36.9534],[138.6748,-37.0254],[138.9091,-37.7382],[139.8668,-38.7619],[140.9658,-39.2861],[140.9658,-38.0563],[140.919,-38.052],[140.9022,-38.0469],[140.8742,-38.0509],[140.8399,-38.0405],[140.8198,-38.0419],[140.8079,-38.0485],[140.7835,-38.0453],[140.7691,-38.057],[140.7473,-38.0586],[140.7164,-38.0505],[140.6627,-38.0612],[140.6434,-38.0414],[140.6298,-38.0382],[140.623,-38.0411],[140.6193,-38.0333],[140.6087,-38.0279],[140.5908,-38.024],[140.5792,-38.0299],[140.5713,-38.0217],[140.5667,-38.0073],[140.5435,-38.0035],[140.5172,-37.9901],[140.4953,-37.9643],[140.4679,-37.9511],[140.4542,-37.9371],[140.4413,-37.9321],[140.4216,-37.9312],[140.4059,-37.9178],[140.3969,-37.9182],[140.3905,-37.9034],[140.3757,-37.899],[140.356,-37.8533],[140.3349,-37.8205],[140.328,-37.8156],[140.3288,-37.8071],[140.3203,-37.7918],[140.2773,-37.7224],[140.2554,-37.695],[140.23,-37.6662],[140.1736,-37.6136],[140.1213,-37.5802],[140.1138,-37.5789],[140.1086,-37.5669],[140.1211,-37.5711],[140.1318,-37.559],[140.1306,-37.5443],[140.1241,-37.5344],[140.1074,-37.52],[140.0786,-37.5046],[140.0587,-37.4836],[140.0351,-37.4753],[140.021,-37.4772],[140.0159,-37.4913],[139.9999,-37.4875],[139.9974,-37.4773],[139.974,-37.4602],[139.9598,-37.4437],[139.9516,-37.4427],[139.9484,-37.4315],[139.931,-37.4191],[139.9138,-37.3931],[139.8907,-37.3773],[139.866,-37.3362],[139.8469,-37.3283],[139.8513,-37.3251],[139.8215,-37.2949],[139.7606,-37.199],[139.7398,-37.1835],[139.7442,-37.1759],[139.7434,-37.1569],[139.7512,-37.1639],[139.7778,-37.1666],[139.7869,-37.1618],[139.7966,-37.1385],[139.7928,-37.1161],[139.7734,-37.0866],[139.7614,-37.0786],[139.744,-37.0753],[139.7392,-37.0557],[139.7439,-37.0319],[139.7411,-37.0233],[139.7191,-36.9986],[139.6921,-36.9802],[139.6717,-36.9598]]]}},
{"type":"Feature","id":"SA_MW011","properties":{"aac":"SA_MW011","name":"Adelaide Metropolitan Waters","state":"sa","type":"local waters","source":"IDM00003"},"geometry":{"type":"Polygon","coordinates":[[[138.4333,-35.3298],[138.444,-35.3321],[138.4469,-35.3184],[138.4414,-35.2767],[138.4441,-35.2703],[138.4574,-35.2629],[138.4618,-35.2462],[138.469,-35.2411],[138.467,-35.2189],[138.47,-35.1995],[138.4653,-35.1745],[138.4693,-35.1643],[138.4663,-35.1468],[138.4692,-35.1398],[138.4682,-35.1198],[138.4766,-35.1015],[138.494,-35.0845],[138.5045,-35.0515],[138.5175,-35.0324],[138.5097,-34.9957],[138.5103,-34.9704],[138.476,-34.8556],[138.478,-34.8411],[138.4905,-34.8133],[138.4896,-34.7978],[138.4783,-34.7823],[138.4966,-34.764],[138.5067,-34.7636],[138.5153,-34.771],[138.5087,-34.798],[138.5146,-34.8099],[138.5348,-34.815],[138.5479,-34.8092],[138.5526,-34.8022],[138.553,-34.7895],[138.5434,-34.7746],[138.5448,-34.7616],[138.5314,-34.7422],[138.418,-34.7422],[138.4098,-34.7588],[138.4066,-34.7726],[138.4066,-34.7914],[138.4114,-34.8147],[138.4046,-34.8466],[138.407,-34.8765],[138.438,-34.9805],[138.4386,-35.0054],[138.4413,-35.0186],[138.431,-35.0459],[138.4126,-35.0698],[138.4015,-35.0924],[138.3966,-35.1106],[138.3967,-35.1512],[138.3936,-35.1646],[138.3936,-35.1834],[138.3976,-35.2139],[138.3842,-35.23],[138.3728,-35.2538],[138.3696,-35.2676],[138.3698,-35.2874],[138.3736,-35.3169],[138.3756,-35.3173],[138.3929,-35.3211],[138.4333,-35.3298]]]}},
{"type":"Feature","id":"SA_MW017","properties":{"aac":"SA_MW017","name":"Murray Lakes","state":"sa","type":"local waters","source":"IDM00003"},"geometry":{"type":"Polygon","coordinates":[[[138.7884,-35.5222],[138.8094,-35.5283],[138.8099,-35.5224],[138.7928,-35.5095],[138.7963,-35.5018],[138.8105,-35.4995],[138.8178,-35.5019],[138.8408,-35.5028],[138.8646,-35.4935],[138.8874,-35.493],[138.9081,-35.4996],[138.9196,-35.4993],[138.938,-35.5107],[138.9455,-35.5219],[138.9327,-35.5225],[138.9229,-35.5307],[138.9328,-35.5379],[138.9539,-35.5276],[138.9824,-35.5279],[139.0073,-35.5354],[139.0028,-35.5407],[138.9928,-35.541],[138.9781,-35.5466],[138.9621,-35.557],[139.0317,-35.5961],[139.0451,-35.5921],[139.0489,-35.6056],[139.0625,-35.6028],[139.0554,-35.6094],[139.0683,-35.617],[139.0654,-35.6],[139.0873,-35.6104],[139.0885,-35.6048],[139.0811,-35.5971],[139.1061,-35.5978],[139.1096,-35.5898],[139.0852,-35.5681],[139.0804,-35.5664],[139.0791,-35.5549],[139.1008,-35.5205],[139.1289,-35.5048],[139.1451,-35.498],[139.1781,-35.5027],[139.1845,-35.5127],[139.1753,-35.5175],[139.1838,-35.5247],[139.2078,-35.5313],[139.222,-35.53],[139.2265,-35.5387],[139.2409,-35.5455],[139.243,-35.5526],[139.2552,-35.5534],[139.238,-35.5762],[139.2363,-35.5843],[139.2473,-35.5885],[139.2357,-35.6022],[139.2182,-35.6115],[139.2093,-35.6123],[139.2166,-35.6269],[139.2375,-35.6262],[139.2537,-35.6223],[139.2559,-35.6373],[139.2041,-35.6521],[139.206,-35.6583],[139.2151,-35.6604],[139.216,-35.6671],[139.2255,-35.6776],[139.2213,-35.6834],[139.2332,-35.6952],[139.2536,-35.6981],[139.2598,-35.7111],[139.252,-35.7218],[139.2646,-35.7349],[139.2723,-35.7325],[139.2748,-35.7212],[139.2681,-35.7164],[139.2729,-35.7097],[139.2615,-35.6996],[139.296,-35.6845],[139.3089,-35.6891],[139.3306,-35.6898],[139.341,-35.6811],[139.3465,-35.6421],[139.3555,-35.6198],[139.3765,-35.6106],[139.3881,-35.6136],[139.4036,-35.6081],[139.3777,-35.6064],[139.3638,-35.5908],[139.3161,-35.5597],[139.2787,-35.539],[139.2607,-35.5363],[139.2266,-35.5173],[139.2039,-35.5147],[139.1907,-35.5089],[139.2099,-35.5046],[139.2372,-35.4947],[139.2522,-35.4937],[139.2797,-35.4805],[139.3098,-35.4818],[139.3226,-35.4908],[139.3481,-35.4893],[139.3744,-35.4649],[139.3708,-35.4487],[139.3625,-35.4383],[139.3508,-35.4337],[139.346,-35.4368],[139.3392,-35.4258],[139.3443,-35.4101],[139.357,-35.4002],[139.36,-35.3862],[139.3698,-35.3748],[139.3705,-35.3687],[139.3607,-35.3677],[139.3813,-35.3498],[139.38,-35.3453],[139.3645,-35.3447],[139.3481,-35.3644],[139.3396,-35.3849],[139.3178,-35.4012],[139.3055,-35.3756],[139.2837,-35.353],[139.2814,-35.3473],[139.2652,-35.3322],[139.2468,-35.3215],[139.2067,-35.3104],[139.1929,-35.3094],[139.1759,-35.3127],[139.1657,-35.3182],[139.1572,-35.3282],[139.1685,-35.3259],[139.1831,-35.3284],[139.2079,-35.3244],[139.2172,-35.329],[139.1933,-35.3296],[139.1724,-35.3333],[139.1598,-35.3436],[139.1445,-35.3489],[139.1264,-35.362],[139.1346,-35.364],[139.1345,-35.3717],[139.1247,-35.3778],[139.1005,-35.3828],[139.0946,-35.3878],[139.075,-35.3907],[139.054,-35.3894],[139.0194,-35.393],[138.9857,-35.4002],[138.9728,-35.4081],[138.9646,-35.4289],[138.9516,-35.4484],[138.9574,-35.4728],[138.9896,-35.4896],[139.0047,-35.4841],[139.0154,-35.4919],[139.0259,-35.4927],[139.0465,-35.4998],[139.0322,-35.5127],[139.0134,-35.5144],[139.0067,-35.5121],[138.9818,-35.5179],[138.9778,-35.507],[138.9834,-35.4999],[138.9705,-35.4937],[138.9677,-35.5018],[138.9435,-35.4915],[138.931,-35.4922],[138.9303,-35.5032],[138.9208,-35.4911],[138.9115,-35.4943],[138.906,-35.4862],[138.8901,-35.4771],[138.8754,-35.4818],[138.8482,-35.4776],[138.8364,-35.4727],[138.8176,-35.4836],[138.819,-35.4944],[138.8005,-35.4945],[138.7888,-35.4999],[138.7841,-35.5089],[138.7884,-35.5222]]]}},
{"type":"Feature","id":"SA_PW001","properties":{"aac":"SA_PW001","name":"Adelaide Metropolitan","state":"sa","type":"forecast district","source":"IDM00001"},"geometry":{"type":"Polygon","coordinates":[[[138.467,-35.2189],[138.4683,-35.2335],[138.4934,-35.2324],[138.4901,-35.188],[138.5019,-35.1716],[138.5176,-35.1613],[138.5251,-35.147],[138.5381,-35.1465],[138.5357,-35.115],[138.5482,-35.1145],[138.5476,-35.104],[138.5602,-35.1034],[138.5587,-35.0827],[138.5639,-35.0823],[138.56,-35.061],[138.5586,-35.0266],[138.5762,-35.0112],[138.5854,-35.0107],[138.593,-34.9963],[138.602,-34.9959],[138.6116,-34.9838],[138.6211,-34.9825],[138.6333,-34.9741],[138.6355,-34.9641],[138.6442,-34.9637],[138.6438,-34.9576],[138.6528,-34.9571],[138.6523,-34.951],[138.6611,-34.9506],[138.6602,-34.9383],[138.6776,-34.9349],[138.6765,-34.9193],[138.6851,-34.9145],[138.6842,-34.9004],[138.6987,-34.8937],[138.7001,-34.875],[138.7097,-34.8746],[138.7092,-34.8649],[138.7216,-34.8593],[138.7161,-34.787],[138.727,-34.7738],[138.7111,-34.766],[138.707,-34.7714],[138.6824,-34.7612],[138.683,-34.7474],[138.6791,-34.7389],[138.6915,-34.7262],[138.6836,-34.7216],[138.6874,-34.7156],[138.703,-34.7143],[138.7154,-34.6875],[138.6963,-34.6789],[138.7064,-34.6612],[138.702,-34.6594],[138.6915,-34.6769],[138.6623,-34.6646],[138.6564,-34.6739],[138.6676,-34.6788],[138.6499,-34.7069],[138.6161,-34.6923],[138.6045,-34.7108],[138.6211,-34.7295],[138.6108,-34.7435],[138.5947,-34.7337],[138.5829,-34.7328],[138.5942,-34.7671],[138.5961,-34.7875],[138.5904,-34.784],[138.5828,-34.7925],[138.5493,-34.8071],[138.5348,-34.815],[138.5146,-34.8099],[138.5087,-34.798],[138.5153,-34.771],[138.5067,-34.7636],[138.4966,-34.764],[138.4783,-34.7823],[138.4896,-34.7978],[138.4905,-34.8133],[138.478,-34.8411],[138.476,-34.8556],[138.5103,-34.9704],[138.5097,-34.9957],[138.5175,-35.0324],[138.5045,-35.0515],[138.494,-35.0845],[138.4766,-35.1015],[138.4682,-35.1198],[138.4692,-35.1398],[138.4663,-35.1468],[138.4693,-35.1643],[138.4653,-35.1745],[138.47,-35.1995],[138.467,-35.2189]]]}},
{"type":"Feature","id":"SA_PW002","properties":{"aac":"SA_PW002","name":"Yorke Peninsula","state":"sa","type":"forecast district","source":"IDM00001"},"geometry":{"type":"Polygon","coordinates":[[[138.078,-34.1324],[138.0943,-34.1334],[138.0958,-34.1318],[138.1272,-34.1319],[138.1283,-34.1172],[138.1183,-34.1094],[138.1183,-34.0929],[138.1449,-34.0928],[138.1447,-33.9912],[138.0844,-33.9911],[138.085,-33.7036],[138.0849,-33.6088],[138.0853,-33.5184],[138.0681,-33.5148],[138.0683,-33.4703],[137.922,-33.4681],[137.9289,-33.4806],[137.9316,-33.4985],[137.947,-33.5155],[137.9417,-33.5177],[137.9367,-33.5437],[137.9394,-33.5491],[137.9691,-33.551],[137.9772,-33.5589],[137.9646,-33.5726],[137.9537,-33.5727],[137.9469,-33.5551],[137.9353,-33.5536],[137.9353,-33.579],[137.9288,-33.5921],[137.9259,-33.6178],[137.9096,-33.6311],[137.9012,-33.6311],[137.8948,-33.6223],[137.8995,-33.6115],[137.9065,-33.6175],[137.9135,-33.614],[137.9235,-33.5984],[137.9218,-33.59],[137.894,-33.5879],[137.8768,-33.5991],[137.8576,-33.6306],[137.8453,-33.6399],[137.8354,-33.6419],[137.8188,-33.6623],[137.8067,-33.6724],[137.8022,-33.6826],[137.7749,-33.6953],[137.7541,-33.7147],[137.7352,-33.7395],[137.7246,-33.7697],[137.641,-33.8322],[137.6147,-33.8659],[137.5998,-33.8766],[137.6007,-33.8804],[137.6249,-33.8967],[137.6299,-33.9109],[137.6287,-33.9221],[137.5986,-33.9366],[137.5786,-33.957],[137.5752,-33.9662],[137.5628,-33.9719],[137.5543,-33.9907],[137.5421,-33.99],[137.5283,-34.0039],[137.544,-34.0077],[137.5547,-34.0149],[137.5658,-34.0305],[137.5683,-34.0432],[137.5528,-34.0729],[137.5452,-34.0752],[137.5406,-34.0948],[137.5276,-34.1053],[137.5232,-34.1281],[137.5075,-34.1371],[137.4937,-34.1339],[137.4758,-34.1377],[137.4601,-34.1322],[137.4503,-34.1374],[137.4659,-34.1711],[137.4854,-34.193],[137.5012,-34.2252],[137.4998,-34.2514],[137.5027,-34.2585],[137.4975,-34.2644],[137.5005,-34.3079],[137.499,-34.3182],[137.4846,-34.3409],[137.4817,-34.3755],[137.4762,-34.3927],[137.4652,-34.401],[137.4463,-34.3984],[137.4381,-34.4282],[137.4282,-34.4413],[137.4174,-34.4449],[137.4167,-34.4617],[137.4266,-34.4726],[137.44,-34.4581],[137.4437,-34.4415],[137.4538,-34.4305],[137.4733,-34.4307],[137.4834,-34.4385],[137.4866,-34.4487],[137.4828,-34.4565],[137.4865,-34.4844],[137.4805,-34.5071],[137.4749,-34.5104],[137.5075,-34.5822],[137.5104,-34.6257],[137.5066,-34.6498],[137.5028,-34.6585],[137.4932,-34.6661],[137.4876,-34.7126],[137.4784,-34.7315],[137.4775,-34.76],[137.4601,-34.8053],[137.4589,-34.8799],[137.45,-34.9093],[137.4165,-34.9382],[137.374,-34.9534],[137.3552,-34.9447],[137.3474,-34.9287],[137.3219,-34.9304],[137.3103,-34.9275],[137.2974,-34.9151],[137.291,-34.8993],[137.2765,-34.8929],[137.2582,-34.8969],[137.2508,-34.8939],[137.2365,-34.9016],[137.2227,-34.9036],[137.198,-34.8992],[137.1482,-34.9167],[137.0971,-34.9187],[137.0765,-34.9174],[137.0589,-34.9109],[137.0489,-34.9024],[137.0214,-34.8988],[137.0151,-34.8923],[137.0095,-34.8946],[137.0124,-34.9197],[136.9968,-34.9331],[136.9768,-34.9418],[136.9696,-34.9724],[136.9724,-34.9857],[136.9684,-35.0012],[136.958,-35.0102],[136.9504,-35.0098],[136.9464,-35.0201],[136.9317,-35.0275],[136.9549,-35.0638],[136.9616,-35.0875],[136.9444,-35.1059],[136.9414,-35.1272],[136.9323,-35.1401],[136.9223,-35.1416],[136.9138,-35.1527],[136.9043,-35.1534],[136.8938,-35.1604],[136.8946,-35.1774],[136.8878,-35.1848],[136.8669,-35.1932],[136.8463,-35.1893],[136.8445,-35.192],[136.8467,-35.2282],[136.8278,-35.2483],[136.8444,-35.27],[136.8477,-35.2816],[136.8605,-35.2882],[136.8709,-35.2875],[136.8825,-35.3009],[136.891,-35.2979],[136.9018,-35.2861],[136.9142,-35.2882],[136.9417,-35.2839],[136.9452,-35.269],[136.968,-35.2667],[136.9705,-35.2523],[136.9824,-35.2498],[136.9825,-35.2356],[137.0028,-35.2231],[137.0402,-35.2212],[137.0683,-35.2286],[137.0805,-35.227],[137.111,-35.2429],[137.1178,-35.2377],[137.1406,-35.2438],[137.1737,-35.2376],[137.1902,-35.2298],[137.1933,-35.213],[137.1906,-35.2082],[137.2105,-35.1835],[137.2374,-35.1645],[137.2653,-35.159],[137.2976,-35.1682],[137.3061,-35.1649],[137.3334,-35.1684],[137.3449,-35.1631],[137.3402,-35.1506],[137.3485,-35.1369],[137.3714,-35.1222],[137.4227,-35.0982],[137.4657,-35.0998],[137.5114,-35.1195],[137.5225,-35.1137],[137.5497,-35.1154],[137.6099,-35.1452],[137.6368,-35.1675],[137.6796,-35.1686],[137.6845,-35.1645],[137.6873,-35.1514],[137.6975,-35.142],[137.7353,-35.1303],[137.7613,-35.1134],[137.7439,-35.1004],[137.7504,-35.0818],[137.7472,-35.0739],[137.7363,-35.0653],[137.7283,-35.0481],[137.7421,-35.0417],[137.7547,-35.0447],[137.7655,-35.0407],[137.7597,-34.9986],[137.7643,-34.9808],[137.7849,-34.9464],[137.7901,-34.9252],[137.8055,-34.9124],[137.797,-34.9063],[137.7963,-34.8955],[137.8088,-34.8599],[137.8242,-34.8376],[137.8325,-34.8137],[137.8644,-34.7777],[137.8578,-34.7702],[137.8803,-34.6933],[137.8772,-34.6667],[137.8866,-34.6452],[137.901,-34.6339],[137.9013,-34.6226],[137.9075,-34.6152],[137.885,-34.6077],[137.8759,-34.5958],[137.876,-34.5806],[137.8839,-34.5667],[137.8857,-34.5144],[137.8977,-34.4936],[137.8973,-34.48],[137.9099,-34.4592],[137.9182,-34.4272],[137.9479,-34.3966],[137.9932,-34.3637],[138.0066,-34.3485],[138.0166,-34.3244],[138.0233,-34.2757],[138.0053,-34.2626],[138.0103,-34.2331],[138.0312,-34.2175],[138.0341,-34.1955],[138.0402,-34.1833],[138.0676,-34.1471],[138.0705,-34.1372],[138.078,-34.1324]]]}},
{"type":"Feature","id":"SA_PW003","properties":{"aac":"SA_PW003","name":"Kangaroo Island","state":"sa","type":"forecast district","source":"IDM00001"},"geometry":{"type":"Polygon","coordinates":[[[137.6306,-35.5747],[137.6347,-35.566],[137.6224,-35.5613],[137.6045,-35.5718],[137.5921,-35.5645],[137.5855,-35.569],[137.5655,-35.5718],[137.5484,-35.5871],[137.5213,-35.5962],[137.5052,-35.5931],[137.5036,-35.5864],[137.4899,-35.5798],[137.4479,-35.5959],[137.4142,-35.5882],[137.3863,-35.5902],[137.3715,-35.5853],[137.3491,-35.5865],[137.327,-35.578],[137.3111,-35.5795],[137.3019,-35.5891],[137.27,-35.6026],[137.2613,-35.6001],[137.2389,-35.6039],[137.2228,-35.6174],[137.211,-35.6175],[137.2043,-35.6239],[137.184,-35.6218],[137.1639,-35.632],[137.1415,-35.6298],[137.1141,-35.6555],[137.1075,-35.6541],[137.0742,-35.6632],[137.0705,-35.6685],[137.0526,-35.6665],[137.0098,-35.6738],[136.9974,-35.6711],[136.9516,-35.6735],[136.892,-35.6877],[136.825,-35.6953],[136.823,-35.699],[136.7836,-35.6998],[136.7786,-35.7116],[136.7672,-35.7146],[136.7593,-35.7214],[136.7466,-35.7238],[136.721,-35.7197],[136.6974,-35.7388],[136.6317,-35.7484],[136.6162,-35.7448],[136.5869,-35.7483],[136.5737,-35.7654],[136.5777,-35.7931],[136.5654,-35.8107],[136.5666,-35.822],[136.5596,-35.828],[136.5628,-35.8493],[136.54,-35.8582],[136.532,-35.8759],[136.5341,-35.8858],[136.5497,-35.8858],[136.543,-35.8909],[136.5442,-35.8988],[136.5786,-35.9295],[136.5793,-35.9482],[136.5924,-35.9522],[136.5948,-35.9601],[136.6231,-35.9534],[136.6303,-35.9603],[136.6513,-35.9645],[136.6648,-35.9757],[136.7091,-36.0354],[136.7076,-36.0512],[136.6974,-36.0547],[136.7054,-36.0644],[136.7098,-36.0575],[136.7189,-36.0577],[136.7269,-36.0456],[136.7428,-36.0431],[136.7606,-36.0493],[136.7735,-36.0451],[136.7819,-36.0318],[136.8156,-36.0367],[136.8309,-36.021],[136.8417,-36.0176],[136.8665,-36.0186],[136.8967,-36.0328],[136.907,-36.0418],[136.9171,-36.043],[136.941,-36.0278],[136.9499,-36.029],[136.9965,-36.0169],[137.0148,-36.0179],[137.0292,-36.0261],[137.0404,-36.0263],[137.0575,-36.0201],[137.0923,-36.024],[137.1071,-36.0185],[137.1314,-36.0326],[137.1464,-36.0205],[137.1627,-36.025],[137.1624,-36.0154],[137.17,-36.0143],[137.1783,-36.0028],[137.189,-35.9968],[137.1778,-35.9894],[137.1825,-35.9799],[137.2096,-35.9725],[137.2433,-35.9819],[137.2559,-35.9805],[137.2788,-35.992],[137.301,-35.9898],[137.3245,-35.9967],[137.3315,-35.992],[137.3509,-35.992],[137.3627,-36],[137.3695,-35.9965],[137.3811,-36.013],[137.4087,-36.0364],[137.4116,-36.0347],[137.4574,-36.0663],[137.461,-36.0741],[137.4806,-36.0648],[137.4865,-36.0572],[137.5043,-36.0548],[137.5201,-36.0371],[137.5408,-36.0238],[137.5873,-36.0184],[137.6028,-36.0082],[137.616,-35.9892],[137.6183,-35.9787],[137.6047,-35.9641],[137.5972,-35.9395],[137.6126,-35.9114],[137.6599,-35.885],[137.7006,-35.8773],[137.7262,-35.877],[137.7362,-35.8651],[137.7391,-35.8543],[137.8124,-35.8518],[137.8514,-35.8585],[137.8675,-35.8637],[137.8742,-35.8707],[137.9111,-35.8601],[137.9368,-35.8651],[137.9738,-35.8802],[137.9773,-35.8862],[138.0039,-35.8919],[138.0204,-35.9018],[138.0419,-35.9034],[138.0559,-35.8956],[138.0654,-35.8801],[138.0752,-35.8762],[138.1106,-35.848],[138.1303,-35.8456],[138.1347,-35.8405],[138.1233,-35.8336],[138.1195,-35.82],[138.1254,-35.8015],[138.1184,-35.808],[138.1053,-35.809],[138.0812,-35.7985],[138.0674,-35.7814],[138.067,-35.7587],[138.0461,-35.7425],[138.0342,-35.7417],[138.0057,-35.7258],[137.9948,-35.7268],[137.9736,-35.7205],[137.946,-35.7216],[137.941,-35.7167],[137.9181,-35.7206],[137.9048,-35.7176],[137.8929,-35.73],[137.892,-35.7583],[137.866,-35.7771],[137.8522,-35.7948],[137.8198,-35.8],[137.8015,-35.7966],[137.7729,-35.7804],[137.8033,-35.7582],[137.7802,-35.7249],[137.7687,-35.7232],[137.7332,-35.7363],[137.6924,-35.7401],[137.6577,-35.7386],[137.6271,-35.7322],[137.5973,-35.7361],[137.58,-35.7285],[137.5787,-35.7099],[137.6015,-35.6944],[137.6051,-35.6798],[137.618,-35.6683],[137.6436,-35.6542],[137.6399,-35.6413],[137.6166,-35.6368],[137.5883,-35.6432],[137.5698,-35.6324],[137.5697,-35.6192],[137.591,-35.6003],[137.6128,-35.5896],[137.6269,-35.5972],[137.6307,-35.5918],[137.6306,-35.5747]]]}},
{"type":"Feature","id":"SA_PW004","properties":{"aac":"SA_PW004","name":"Upper South East","state":"sa","type":"forecast district","source":"IDM00001"},"geometry":{"type":"MultiPolygon","coordinates":[[[[139.6718,-36.2488],[139.6888,-36.249],[139.6877,-36.2369],[139.6711,-36.2219],[139.6667,-36.2077],[139.6382,-36.1787],[139.6245,-36.1488],[139.6172,-36.1464],[139.6084,-36.1319],[139.6,-36.1271],[139.5936,-36.1099],[139.5844,-36.1033],[139.5814,-36.0945],[139.5717,-36.0887],[139.5616,-36.0704],[139.5541,-36.0664],[139.5552,-36.0596],[139.5483,-36.0541],[139.5473,-36.044],[139.5249,-36.0352],[139.5039,-36.0044],[139.4871,-35.9914],[139.4841,-35.9778],[139.4629,-35.9675],[139.4639,-35.9619],[139.4509,-35.9463],[139.4277,-35.9225],[139.3946,-35.9023],[139.3954,-35.8973],[139.3707,-35.8759],[139.3718,-35.8699],[139.3621,-35.8691],[139.3645,-35.8591],[139.3476,-35.8553],[139.3545,-35.852],[139.3362,-35.8475],[139.3336,-35.8399],[139.3046,-35.8211],[139.2917,-35.8054],[139.2783,-35.7956],[139.2801,-35.79],[139.2709,-35.7886],[139.2614,-35.7777],[139.2459,-35.7724],[139.2416,-35.7634],[139.2251,-35.7551],[139.2058,-35.7365],[139.2054,-35.7288],[139.195,-35.7282],[139.1729,-35.7098],[139.154,-35.7015],[139.1393,-35.6909],[139.1387,-35.6815],[139.1254,-35.6819],[139.1129,-35.6665],[139.075,-35.6474],[139.0601,-35.631],[139.0408,-35.6268],[139.0356,-35.6176],[139.0188,-35.6088],[139.016,-35.601],[139.0058,-35.6005],[139.0111,-35.5939],[138.9972,-35.591],[138.988,-35.5948],[138.9884,-35.5804],[138.9795,-35.5767],[138.9644,-35.5814],[138.9583,-35.5733],[138.9463,-35.5735],[138.9379,-35.5664],[138.9245,-35.5703],[138.9125,-35.5683],[138.8994,-35.5595],[138.8955,-35.5653],[139.0008,-35.6176],[139.1468,-35.7085],[139.2808,-35.8087],[139.3772,-35.8929],[139.4871,-36.0028],[139.5391,-36.0619],[139.5989,-36.1392],[139.6566,-36.223],[139.6718,-36.2488]]],[[[139.5012,-35.5976],[139.3702,-35.5971],[139.3777,-35.6064],[139.4036,-35.6081],[139.3881,-35.6136],[139.3765,-35.6106],[139.3555,-35.6198],[139.3465,-35.6421],[139.341,-35.6811],[139.3306,-35.6898],[139.3089,-35.6891],[139.296,-35.6845],[139.2615,-35.6996],[139.2729,-35.7097],[139.2681,-35.7164],[139.2748,-35.7212],[139.2723,-35.7325],[139.2646,-35.7349],[139.252,-35.7218],[139.2598,-35.7111],[139.2536,-35.6981],[139.2332,-35.6952],[139.2213,-35.6834],[139.2255,-35.6776],[139.216,-35.6671],[139.2151,-35.6604],[139.206,-35.6583],[139.2041,-35.6521],[139.2559,-35.6373],[139.2537,-35.6223],[139.2375,-35.6262],[139.2166,-35.6269],[139.2093,-35.6123],[139.2182,-35.6115],[139.2357,-35.6022],[139.2473,-35.5885],[139.2363,-35.5843],[139.238,-35.5762],[139.2552,-35.5534],[139.243,-35.5526],[139.2409,-35.5455],[139.2265,-35.5387],[139.222,-35.53],[139.2078,-35.5313],[139.1838,-35.5247],[139.1753,-35.5175],[139.1845,-35.5127],[139.1781,-35.5027],[139.1451,-35.498],[139.1289,-35.5048],[139.1008,-35.5205],[139.0791,-35.5549],[139.0804,-35.5664],[139.0852,-35.5681],[139.1096,-35.5898],[139.1061,-35.5978],[139.0811,-35.5971],[139.0885,-35.6048],[139.0873,-35.6104],[139.0654,-35.6],[139.0683,-35.617],[139.0554,-35.6094],[139.0625,-35.6028],[139.0489,-35.6056],[139.0451,-35.5921],[139.0317,-35.5961],[138.9621,-35.557],[138.9781,-35.5466],[138.9928,-35.541],[139.0028,-35.5407],[139.0073,-35.5354],[138.9824,-35.5279],[138.9662,-35.5287],[138.9663,-35.5413],[138.954,-35.5511],[138.9358,-35.5555],[138.9328,-35.5618],[138.9399,-35.5578],[138.9565,-35.5577],[138.9839,-35.5753],[138.9968,-35.5768],[139.024,-35.5936],[139.0261,-35.5978],[139.075,-35.6229],[139.0997,-35.6452],[139.1231,-35.6566],[139.1329,-35.6693],[139.1413,-35.669],[139.1645,-35.6843],[139.1771,-35.7038],[139.1871,-35.7035],[139.1986,-35.7117],[139.2084,-35.7133],[139.2125,-35.7266],[139.2161,-35.7224],[139.2259,-35.7252],[139.2411,-35.7372],[139.2431,-35.7436],[139.2617,-35.7535],[139.2723,-35.7721],[139.2875,-35.7861],[139.3045,-35.7875],[139.3417,-35.8154],[139.3556,-35.8319],[139.3558,-35.8367],[139.3843,-35.8444],[139.3858,-35.8565],[139.3934,-35.8667],[139.3876,-35.8723],[139.3984,-35.8817],[139.397,-35.8948],[139.4059,-35.8978],[139.4123,-35.8734],[139.4261,-35.8826],[139.4292,-35.8894],[139.4167,-35.8903],[139.4119,-35.9016],[139.415,-35.9102],[139.4248,-35.9095],[139.4469,-35.9272],[139.4433,-35.9177],[139.4316,-35.9118],[139.4279,-35.9039],[139.4415,-35.8996],[139.5177,-35.9609],[139.527,-35.9704],[139.5296,-35.9797],[139.5367,-35.9842],[139.5423,-35.9973],[139.5664,-36.0209],[139.5686,-36.037],[139.5769,-36.0393],[139.579,-36.0514],[139.5874,-36.0548],[139.5895,-36.0634],[139.6002,-36.0653],[139.595,-36.0756],[139.6012,-36.0808],[139.6002,-36.0928],[139.6083,-36.1042],[139.6251,-36.1029],[139.6354,-36.114],[139.6417,-36.128],[139.6348,-36.1452],[139.6545,-36.1691],[139.6709,-36.204],[139.6989,-36.2491],[140.0465,-36.2536],[140.0463,-36.4666],[140.2873,-36.4667],[140.4318,-36.4665],[140.4314,-36.7024],[140.4869,-36.6946],[140.4859,-36.6927],[140.516,-36.6947],[140.5356,-36.6909],[140.5488,-36.6927],[140.6117,-36.6926],[140.6119,-36.6694],[140.9647,-36.669],[140.964,-35.914],[140.8747,-35.9136],[140.8747,-35.9224],[140.7499,-35.9224],[140.7499,-35.9253],[140.4548,-35.9246],[140.4548,-35.9593],[140.3357,-35.9592],[140.3355,-35.944],[140.2532,-35.9443],[140.253,-35.942],[140.2533,-35.649],[139.7806,-35.6497],[139.6198,-35.6491],[139.6198,-35.5969],[139.5012,-35.5976]]]]}},
{"type":"Feature","id":"SA_PW005","properties":{"aac":"SA_PW005","name":"Lower South East","state":"sa","type":"forecast district","source":"IDM00001"},"geometry":{"type":"Polygon","coordinates":[[[139.7015,-36.2619],[139.6888,-36.249],[139.6718,-36.2488],[139.6938,-36.286],[139.7755,-36.4434],[139.8077,-36.5171],[139.8462,-36.6274],[139.8627,-36.6887],[139.8638,-36.7423],[139.8601,-36.7869],[139.8511,-36.8237],[139.8438,-36.8395],[139.8199,-36.869],[139.7826,-36.8986],[139.7478,-36.9102],[139.7024,-36.9384],[139.6761,-36.9428],[139.6717,-36.9598],[139.6921,-36.9802],[139.7191,-36.9986],[139.7411,-37.0233],[139.7439,-37.0319],[139.7392,-37.0557],[139.744,-37.0753],[139.7614,-37.0786],[139.7734,-37.0866],[139.7928,-37.1161],[139.7966,-37.1385],[139.7869,-37.1618],[139.7778,-37.1666],[139.7512,-37.1639],[139.7434,-37.1569],[139.7442,-37.1759],[139.7398,-37.1835],[139.7606,-37.199],[139.8215,-37.2949],[139.8513,-37.3251],[139.8469,-37.3283],[139.866,-37.3362],[139.8907,-37.3773],[139.9138,-37.3931],[139.931,-37.4191],[139.9484,-37.4315],[139.9516,-37.4427],[139.9598,-37.4437],[139.974,-37.4602],[139.9974,-37.4773],[139.9999,-37.4875],[140.0159,-37.4913],[140.021,-37.4772],[140.0351,-37.4753],[140.0587,-37.4836],[140.0786,-37.5046],[140.1074,-37.52],[140.1241,-37.5344],[140.1306,-37.5443],[140.1318,-37.559],[140.1211,-37.5711],[140.1086,-37.5669],[140.1138,-37.5789],[140.1213,-37.5802],[140.1736,-37.6136],[140.23,-37.6662],[140.2554,-37.695],[140.2773,-37.7224],[140.3203,-37.7918],[140.3288,-37.8071],[140.328,-37.8156],[140.3349,-37.8205],[140.356,-37.8533],[140.3757,-37.899],[140.3905,-37.9034],[140.3969,-37.9182],[140.4059,-37.9178],[140.4216,-37.9312],[140.4413,-37.9321],[140.4542,-37.9371],[140.4679,-37.9511],[140.4953,-37.9643],[140.5172,-37.9901],[140.5435,-38.0035],[140.5667,-38.0073],[140.5713,-38.0217],[140.5792,-38.0299],[140.5908,-38.024],[140.6087,-38.0279],[140.6193,-38.0333],[140.623,-38.0411],[140.6298,-38.0382],[140.6434,-38.0414],[140.6627,-38.0612],[140.7164,-38.0505],[140.7473,-38.0586],[140.7691,-38.057],[140.7835,-38.0453],[140.8079,-38.0485],[140.8198,-38.0419],[140.8399,-38.0405],[140.8742,-38.0509],[140.9022,-38.0469],[140.919,-38.052],[140.9658,-38.0563],[140.9647,-36.669],[140.6119,-36.6694],[140.6117,-36.6926],[140.5488,-36.6927],[140.5356,-36.6909],[140.516,-36.6947],[140.4859,-36.6927],[140.4869,-36.6946],[140.4314,-36.7024],[140.4318,-36.4665],[140.2873,-36.4667],[140.0463,-36.4666],[140.0465,-36.2536],[139.6989,-36.2491],[139.7127,-36.2713],[139.7209,-36.2786],[139.7151,-36.2847],[139.7015,-36.2717],[139.7015,-36.2619]]]}},
{"type":"Feature","id":"SA_PW006","properties":{"aac":"SA_PW006","name":"Riverland","state":"sa","type":"forecast district","source":"IDM00001"},"geometry":{"type":"Polygon","coordinates":[[[140.7657,-34.6379],[140.963,-34.6375],[140.9625,-33.9803],[140.9696,-33.9859],[140.968,-33.9958],[140.9818,-34.0006],[140.9761,-34.0084],[140.9874,-34.0104],[140.982,-34.0151],[140.9877,-34.0289],[141.0028,-34.0213],[141.0026,-33.8005],[139.7,-33.8006],[139.3559,-33.803],[139.3567,-34.111],[139.3581,-34.1755],[139.351,-34.2118],[139.3508,-34.3194],[139.6261,-34.3191],[139.617,-34.3349],[139.6177,-34.3531],[139.6298,-34.3645],[139.6171,-34.3963],[139.6153,-34.417],[139.611,-34.4266],[139.611,-34.4449],[139.608,-34.4657],[139.6006,-34.4764],[139.7583,-34.4763],[139.7585,-34.6068],[139.8001,-34.611],[139.8411,-34.6127],[139.8836,-34.6078],[139.9143,-34.6147],[139.9251,-34.6138],[139.9675,-34.6207],[140.0639,-34.6],[140.0646,-34.5752],[140.1016,-34.5752],[140.154,-34.5648],[140.1881,-34.5648],[140.188,-34.6613],[140.1773,-34.6617],[140.1771,-34.6944],[140.3676,-34.6943],[140.3678,-34.6377],[140.5013,-34.6382],[140.7657,-34.6379]]]}},
{"type":"Feature","id":"SA_PW007","properties":{"aac":"SA_PW007","name":"Murraylands","state":"sa","type":"forecast district","source":"IDM00001"},"geometry":{"type":"Polygon","coordinates":[[[139.6261,-34.3191],[139.3508,-34.3194],[139.2642,-34.3194],[139.2644,-34.2959],[139.2154,-34.3102],[139.1996,-34.3121],[139.1914,-34.3207],[139.1716,-34.3269],[139.1628,-34.3271],[139.1482,-34.3337],[139.105,-34.33],[139.1104,-34.3482],[139.1168,-34.3517],[139.1122,-34.3789],[139.0983,-34.3855],[139.0938,-34.401],[139.1023,-34.411],[139.1122,-34.4296],[139.1119,-34.4388],[139.1253,-34.4419],[139.1378,-34.4565],[139.1513,-34.4624],[139.1719,-34.4834],[139.1621,-34.4859],[139.1565,-34.4936],[139.1591,-34.501],[139.155,-34.5086],[139.1349,-34.5087],[139.1263,-34.5264],[139.1145,-34.5328],[139.1095,-34.5488],[139.1106,-34.5556],[139.1004,-34.565],[139.0963,-34.5805],[139.1062,-34.5936],[139.1027,-34.598],[139.1031,-34.6206],[139.1626,-34.6211],[139.1575,-34.6326],[139.158,-34.6475],[139.1694,-34.691],[139.1676,-34.7094],[139.1582,-34.7057],[139.1507,-34.7685],[139.1378,-34.7696],[139.1384,-34.763],[139.087,-34.7592],[139.0862,-34.7663],[139.0759,-34.7734],[139.0805,-34.7768],[139.0587,-34.8002],[139.0453,-34.8079],[139.0389,-34.8224],[139.0251,-34.8234],[139.0191,-34.8293],[139.0015,-34.8344],[139.0069,-34.8413],[139.0019,-34.8509],[139.0095,-34.8647],[138.9933,-34.8736],[138.9894,-34.879],[138.9752,-34.8776],[138.9808,-34.883],[138.9752,-34.8949],[139.0346,-34.9292],[139.0204,-34.9488],[139.0265,-34.9547],[139.0293,-34.9675],[139.0378,-34.9703],[139.0413,-34.9774],[139.0313,-35.0012],[139.037,-35.0126],[139.037,-35.0239],[139.0312,-35.0333],[139.0287,-35.0613],[139.0364,-35.0783],[139.0334,-35.0839],[139.0369,-35.1001],[139.0435,-35.1069],[139.0426,-35.1151],[139.0272,-35.1366],[139.0241,-35.1527],[139.0184,-35.1604],[139.0156,-35.1778],[139.0038,-35.1828],[138.9653,-35.2085],[138.9457,-35.2308],[138.9291,-35.2453],[138.9146,-35.2516],[138.9214,-35.2599],[138.9155,-35.278],[138.9096,-35.2794],[138.9083,-35.29],[138.8884,-35.2889],[138.8781,-35.2749],[138.8713,-35.2872],[138.8508,-35.3021],[138.8405,-35.3231],[138.8228,-35.3401],[138.8186,-35.3547],[138.8206,-35.3665],[138.8172,-35.3732],[138.8018,-35.3795],[138.8173,-35.3924],[138.8287,-35.3938],[138.8265,-35.4051],[138.8417,-35.4131],[138.8478,-35.428],[138.862,-35.4385],[138.8678,-35.447],[138.866,-35.46],[138.883,-35.469],[138.8885,-35.4774],[138.906,-35.4862],[138.9115,-35.4943],[138.9208,-35.4911],[138.9303,-35.5032],[138.931,-35.4922],[138.9435,-35.4915],[138.9677,-35.5018],[138.9705,-35.4937],[138.9834,-35.4999],[138.9778,-35.507],[138.9818,-35.5179],[139.0067,-35.5121],[139.0134,-35.5144],[139.0322,-35.5127],[139.0465,-35.4998],[139.0259,-35.4927],[139.0154,-35.4919],[139.0047,-35.4841],[138.9896,-35.4896],[138.9574,-35.4728],[138.9516,-35.4484],[138.9646,-35.4289],[138.9728,-35.4081],[138.9857,-35.4002],[139.0194,-35.393],[139.054,-35.3894],[139.075,-35.3907],[139.0946,-35.3878],[139.1005,-35.3828],[139.1247,-35.3778],[139.1345,-35.3717],[139.1346,-35.364],[139.1264,-35.362],[139.1445,-35.3489],[139.1598,-35.3436],[139.1724,-35.3333],[139.1933,-35.3296],[139.2172,-35.329],[139.2079,-35.3244],[139.1831,-35.3284],[139.1685,-35.3259],[139.1572,-35.3282],[139.1657,-35.3182],[139.1759,-35.3127],[139.1929,-35.3094],[139.2067,-35.3104],[139.2468,-35.3215],[139.2652,-35.3322],[139.2814,-35.3473],[139.2837,-35.353],[139.3055,-35.3756],[139.3178,-35.4012],[139.3396,-35.3849],[139.3481,-35.3644],[139.3645,-35.3447],[139.38,-35.3453],[139.3813,-35.3498],[139.3607,-35.3677],[139.3705,-35.3687],[139.3698,-35.3748],[139.36,-35.3862],[139.357,-35.4002],[139.3443,-35.4101],[139.3392,-35.4258],[139.346,-35.4368],[139.3508,-35.4337],[139.3625,-35.4383],[139.3708,-35.4487],[139.3744,-35.4649],[139.3481,-35.4893],[139.3226,-35.4908],[139.3098,-35.4818],[139.2797,-35.4805],[139.2522,-35.4937],[139.2372,-35.4947],[139.2099,-35.5046],[139.1907,-35.5089],[139.2039,-35.5147],[139.2266,-35.5173],[139.2607,-35.5363],[139.2787,-35.539],[139.3161,-35.5597],[139.3638,-35.5908],[139.3702,-35.5971],[139.5012,-35.5976],[139.6198,-35.5969],[139.6198,-35.6491],[139.7806,-35.6497],[140.2533,-35.649],[140.253,-35.942],[140.2532,-35.9443],[140.3355,-35.944],[140.3357,-35.9592],[140.4548,-35.9593],[140.4548,-35.9246],[140.7499,-35.9253],[140.7499,-35.9224],[140.8747,-35.9224],[140.8747,-35.9136],[140.964,-35.914],[140.9633,-34.9303],[140.963,-34.6375],[140.7657,-34.6379],[140.5013,-34.6382],[140.3678,-34.6377],[140.3676,-34.6943],[140.1771,-34.6944],[140.1773,-34.6617],[140.188,-34.6613],[140.1881,-34.5648],[140.154,-34.5648],[140.1016,-34.5752],[140.0646,-34.5752],[140.0639,-34.6],[139.9675,-34.6207],[139.9251,-34.6138],[139.9143,-34.6147],[139.8836,-34.6078],[139.8411,-34.6127],[139.8001,-34.611],[139.7585,-34.6068],[139.7583,-34.4763],[139.6006,-34.4764],[139.608,-34.4657],[139.611,-34.4449],[139.611,-34.4266],[139.6153,-34.417],[139.6171,-34.3963],[139.6298,-34.3645],[139.6177,-34.3531],[139.617,-34.3349],[139.6261,-34.3191]]]}},
{"type":"Feature","id":"SA_PW008","properties":{"aac":"SA_PW008","name":"Mid North","state":"sa","type":"forecast district","source":"IDM00001"},"geometry":{"type":"Polygon","coordinates":[[[139.3546,-33.3254],[139.3543,-33.0976],[139.1816,-33.0982],[138.6979,-33.1018],[138.6979,-33.0945],[138.707,-33.0779],[138.7215,-33.0706],[138.7205,-32.9424],[138.4392,-32.9433],[138.4395,-33.1031],[138.213,-33.1039],[138.2107,-33.1131],[138.2003,-33.1113],[138.1961,-33.104],[138.0438,-33.104],[138.031,-33.1074],[138.0404,-33.1092],[138.0472,-33.1216],[138.0399,-33.1341],[138.0225,-33.1404],[138.0115,-33.1505],[138.0048,-33.1441],[138.0096,-33.1348],[137.9989,-33.1298],[137.9861,-33.1411],[137.9565,-33.1442],[137.9599,-33.1494],[137.9395,-33.1545],[137.921,-33.1738],[137.9138,-33.1675],[137.9035,-33.169],[137.8546,-33.1878],[137.8457,-33.2009],[137.8322,-33.2079],[137.8335,-33.2193],[137.8228,-33.2317],[137.8175,-33.2456],[137.8235,-33.2537],[137.8131,-33.2594],[137.8102,-33.2747],[137.8289,-33.2995],[137.8397,-33.3048],[137.8426,-33.3179],[137.8527,-33.3277],[137.8823,-33.3302],[137.8841,-33.3525],[137.8741,-33.3643],[137.8699,-33.3963],[137.9051,-33.4374],[137.922,-33.4681],[138.0683,-33.4703],[138.0681,-33.5148],[138.0853,-33.5184],[138.0849,-33.6088],[138.085,-33.7036],[138.0844,-33.9911],[138.1447,-33.9912],[138.1449,-34.0928],[138.1183,-34.0929],[138.1183,-34.1094],[138.1283,-34.1172],[138.1272,-34.1319],[138.0958,-34.1318],[138.0943,-34.1334],[138.1041,-34.1392],[138.1081,-34.1557],[138.1349,-34.189],[138.1434,-34.1919],[138.1558,-34.2083],[138.1626,-34.2247],[138.1633,-34.246],[138.1451,-34.2598],[138.1454,-34.2671],[138.1571,-34.271],[138.1848,-34.2681],[138.1925,-34.271],[138.2238,-34.312],[138.2302,-34.3407],[138.2251,-34.3639],[138.246,-34.3986],[138.2584,-34.4355],[138.2604,-34.4621],[138.2662,-34.4771],[138.2889,-34.4903],[138.3095,-34.5091],[138.3302,-34.5181],[138.344,-34.5372],[138.3501,-34.5521],[138.3498,-34.5659],[138.3605,-34.5806],[138.3852,-34.5925],[138.4068,-34.6128],[138.4113,-34.6223],[138.4228,-34.6201],[138.4315,-34.6279],[138.4457,-34.6536],[138.4351,-34.6546],[138.4306,-34.668],[138.4364,-34.6719],[138.4448,-34.6706],[138.4515,-34.6761],[138.4644,-34.6734],[138.474,-34.6637],[138.4887,-34.6584],[138.4917,-34.6476],[138.5,-34.6472],[138.5243,-34.6366],[138.5295,-34.6414],[138.5391,-34.6354],[138.5757,-34.6358],[138.5908,-34.6389],[138.5944,-34.6345],[138.6162,-34.633],[138.6256,-34.6256],[138.632,-34.6311],[138.6465,-34.6304],[138.6506,-34.6243],[138.6614,-34.6235],[138.671,-34.616],[138.6934,-34.6178],[138.723,-34.6122],[138.7317,-34.5917],[138.7325,-34.584],[138.7465,-34.5722],[138.7483,-34.5871],[138.7584,-34.5835],[138.7515,-34.5785],[138.7625,-34.5687],[138.7699,-34.5689],[138.7733,-34.5606],[138.7899,-34.5623],[138.7944,-34.5515],[138.804,-34.5514],[138.801,-34.559],[138.8138,-34.5585],[138.8256,-34.5649],[138.8326,-34.5638],[138.8329,-34.5541],[138.8518,-34.5574],[138.8609,-34.5488],[138.8669,-34.5541],[138.8685,-34.5662],[138.8745,-34.5744],[138.8904,-34.5691],[138.9011,-34.5688],[138.9146,-34.5769],[138.9148,-34.5832],[138.9248,-34.583],[138.9306,-34.561],[138.9361,-34.5588],[138.9468,-34.5431],[138.9367,-34.5389],[138.9454,-34.5347],[138.9519,-34.5213],[138.9634,-34.506],[138.9703,-34.5072],[138.972,-34.4963],[138.9782,-34.4905],[138.9699,-34.4863],[138.9783,-34.4664],[138.9733,-34.45],[139.0017,-34.4585],[139.0575,-34.4243],[139.0795,-34.4198],[139.1023,-34.411],[139.0938,-34.401],[139.0983,-34.3855],[139.1122,-34.3789],[139.1168,-34.3517],[139.1104,-34.3482],[139.105,-34.33],[139.1482,-34.3337],[139.1628,-34.3271],[139.1716,-34.3269],[139.1914,-34.3207],[139.1996,-34.3121],[139.2154,-34.3102],[139.2644,-34.2959],[139.2642,-34.3194],[139.3508,-34.3194],[139.351,-34.2118],[139.3581,-34.1755],[139.3567,-34.111],[139.3559,-33.803],[139.3546,-33.3254]]]}},
{"type":"Feature","id":"SA_PW009","properties":{"aac":"SA_PW009","name":"Flinders","state":"sa","type":"forecast district","source":"IDM00001"},"geometry":{"type":"Polygon","coordinates":[[[139.1816,-33.0982],[139.3543,-33.0976],[139.3535,-32.594],[139.1012,-32.5946],[139.1009,-31.9742],[139.1005,-31.5014],[139.1,-30.959],[139.0252,-30.9595],[138.0764,-30.9622],[138.0438,-30.9621],[138.0313,-31.0045],[138.0347,-31.0309],[138.047,-31.0562],[138.0475,-31.0655],[138.0532,-31.0686],[138.0736,-31.097],[138.079,-31.0967],[138.0855,-31.1111],[138.1022,-31.1284],[138.1093,-31.152],[138.1059,-31.1614],[138.1116,-31.1687],[138.1028,-31.1929],[138.1129,-31.1961],[138.1184,-31.2123],[138.1155,-31.2267],[138.1023,-31.2438],[138.1075,-31.2668],[138.1159,-31.2716],[138.1285,-31.3074],[138.1228,-31.3145],[138.1271,-31.3215],[138.123,-31.3339],[138.1225,-31.3478],[138.1267,-31.3627],[138.1225,-31.3664],[138.127,-31.3803],[138.112,-31.3812],[138.0973,-31.3933],[138.087,-31.4059],[138.0908,-31.4075],[138.0806,-31.4235],[138.0844,-31.4328],[138.0767,-31.4525],[138.0663,-31.4497],[138.0605,-31.4617],[138.0478,-31.4631],[138.0386,-31.4732],[138.0362,-31.494],[138.0468,-31.4951],[138.0468,-31.5009],[138.0282,-31.4962],[138.0081,-31.51],[138.0012,-31.5316],[137.9863,-31.5335],[137.981,-31.5387],[137.9651,-31.5391],[137.951,-31.5498],[137.9471,-31.5594],[137.9358,-31.566],[137.9355,-31.5789],[137.9297,-31.5851],[137.9097,-31.5957],[137.8964,-31.5877],[137.8868,-31.5956],[137.9018,-31.6007],[137.8976,-31.6196],[137.8954,-31.6063],[137.8877,-31.6101],[137.8776,-31.6326],[137.8666,-31.6359],[137.8645,-31.6447],[137.8735,-31.6685],[137.8651,-31.6695],[137.8652,-31.6779],[137.858,-31.6785],[137.8517,-31.6908],[137.8536,-31.6732],[137.8394,-31.6669],[137.833,-31.6824],[137.8336,-31.6904],[137.8216,-31.7239],[137.8114,-31.7367],[137.7946,-31.7656],[137.7858,-31.7776],[137.7731,-31.7826],[137.7628,-31.8091],[137.7647,-31.8305],[137.7733,-31.8447],[137.7821,-31.8453],[137.795,-31.8384],[137.798,-31.8434],[137.7889,-31.8488],[137.7797,-31.8602],[137.7766,-31.8506],[137.7695,-31.8492],[137.7685,-31.8671],[137.7621,-31.8607],[137.7622,-31.8757],[137.7743,-31.8754],[137.7683,-31.8856],[137.7711,-31.904],[137.7769,-31.9132],[137.7764,-31.9324],[137.7667,-31.9418],[137.7654,-31.9761],[137.7567,-31.9847],[137.7471,-32.0136],[137.7297,-32.0861],[137.7264,-32.0878],[137.7303,-32.1232],[137.7283,-32.1433],[137.7225,-32.1508],[137.7224,-32.1618],[137.7152,-32.1768],[137.723,-32.1901],[137.717,-32.1926],[137.7175,-32.2047],[137.7245,-32.2017],[137.7258,-32.2106],[137.7203,-32.2151],[137.7297,-32.2215],[137.7283,-32.2326],[137.7484,-32.2699],[137.7685,-32.28],[137.777,-32.2906],[137.7702,-32.3143],[137.7735,-32.323],[137.769,-32.3267],[137.7715,-32.3452],[137.7638,-32.3548],[137.6204,-32.3554],[137.6201,-32.5325],[137.6793,-32.5326],[137.6794,-32.54],[137.6955,-32.5318],[137.7588,-32.5326],[137.7555,-32.5307],[137.7638,-32.5103],[137.7551,-32.5009],[137.7544,-32.4941],[137.7668,-32.5003],[137.7729,-32.5135],[137.765,-32.5254],[137.7784,-32.5268],[137.7855,-32.5429],[137.775,-32.5587],[137.8036,-32.56],[137.8044,-32.5555],[137.8227,-32.56],[137.8194,-32.5635],[137.8221,-32.5792],[137.809,-32.5934],[137.803,-32.6058],[137.8257,-32.6308],[137.8413,-32.6381],[137.8574,-32.667],[137.8422,-32.6947],[137.8575,-32.7067],[137.888,-32.7149],[137.8938,-32.7253],[137.9145,-32.7356],[137.9232,-32.7484],[137.9317,-32.7525],[137.9299,-32.7609],[137.9179,-32.7573],[137.908,-32.7658],[137.8982,-32.7674],[137.8973,-32.7755],[137.9048,-32.7814],[137.9025,-32.8046],[137.9136,-32.854],[137.9253,-32.875],[137.9392,-32.9471],[137.9482,-32.9679],[137.9514,-32.9894],[137.9464,-32.9986],[137.9497,-33.0076],[137.9698,-33.0209],[137.9797,-33.023],[137.9858,-33.0192],[138.0166,-33.0346],[138.0453,-33.0883],[138.0269,-33.0957],[138.0238,-33.106],[138.031,-33.1074],[138.0438,-33.104],[138.1961,-33.104],[138.2003,-33.1113],[138.2107,-33.1131],[138.213,-33.1039],[138.4395,-33.1031],[138.4392,-32.9433],[138.7205,-32.9424],[138.7215,-33.0706],[138.707,-33.0779],[138.6979,-33.0945],[138.6979,-33.1018],[139.1816,-33.0982]]]}},
{"type":"Feature","id":"SA_PW010","properties":{"aac":"SA_PW010","name":"West Coast","state":"sa","type":"forecast district","source":"IDM00001"},"geometry":{"type":"Polygon","coordinates":[[[135.8256,-33.0555],[135.825,-32.7661],[135.7872,-32.7448],[135.7917,-32.7025],[135.6952,-32.6991],[135.7044,-32.6349],[135.7165,-32.6025],[135.6593,-32.5281],[135.6593,-32.5157],[135.6329,-32.5136],[135.5944,-32.5184],[135.5688,-32.4882],[135.5492,-32.4862],[135.5475,-32.4757],[135.5194,-32.4542],[135.4843,-32.4515],[135.4479,-32.4523],[135.4322,-32.4572],[135.4099,-32.4544],[135.3987,-32.4502],[135.3683,-32.3936],[135.3348,-32.4049],[135.3352,-32.3932],[135.2978,-32.3763],[135.2533,-32.3604],[135.2331,-32.3582],[135.2196,-32.3456],[135.1772,-32.3243],[135.1674,-32.3168],[135.1635,-32.3063],[135.1364,-32.2933],[135.1365,-32.3753],[132.8082,-31],[129.0013,-31],[129.0013,-31.6876],[129.0528,-31.6742],[129.1395,-31.6679],[129.1947,-31.6587],[129.2892,-31.6518],[129.3702,-31.6403],[129.4328,-31.6372],[129.5278,-31.6227],[129.6296,-31.6157],[129.7261,-31.6141],[129.7719,-31.6079],[129.8431,-31.6078],[129.8661,-31.6041],[129.886,-31.5956],[129.9384,-31.5887],[129.9704,-31.5911],[130.0202,-31.586],[130.1204,-31.5864],[130.1522,-31.5766],[130.2222,-31.5798],[130.2474,-31.5738],[130.275,-31.5737],[130.345,-31.5836],[130.426,-31.5836],[130.5014,-31.5928],[130.5679,-31.5857],[130.7345,-31.6061],[130.8061,-31.6056],[130.8461,-31.5978],[131.0264,-31.5376],[131.0576,-31.5216],[131.0655,-31.5058],[131.0818,-31.4909],[131.1149,-31.4758],[131.1285,-31.4647],[131.1486,-31.4637],[131.1869,-31.472],[131.2775,-31.5052],[131.4995,-31.596],[131.7586,-31.7203],[131.8291,-31.7623],[131.8519,-31.7789],[131.8579,-31.7875],[131.9094,-31.8143],[132.0014,-31.8774],[132.0736,-31.9182],[132.0845,-31.9296],[132.113,-31.9466],[132.1168,-31.9608],[132.1524,-32.0025],[132.1673,-32.0046],[132.1767,-32.0175],[132.2006,-32.0265],[132.226,-32.0247],[132.2713,-32.0337],[132.2724,-32.0272],[132.2851,-32.0223],[132.3088,-32.028],[132.3256,-32.026],[132.3347,-32.029],[132.344,-32.0144],[132.3855,-32.0098],[132.395,-32.0009],[132.418,-31.9987],[132.4509,-32.0218],[132.4582,-32.0209],[132.4703,-32.0297],[132.4758,-32.0258],[132.4637,-32.016],[132.4613,-32.0098],[132.444,-32.0076],[132.4375,-31.9926],[132.4535,-31.9623],[132.4834,-31.9443],[132.523,-31.9352],[132.5582,-31.9322],[132.5937,-31.934],[132.6313,-31.9412],[132.6558,-31.9478],[132.6615,-31.9565],[132.6767,-31.9575],[132.6864,-31.9504],[132.7338,-31.9557],[132.7375,-31.949],[132.7488,-31.9491],[132.7832,-31.9605],[132.8319,-31.9841],[132.8609,-32.002],[132.9033,-32.0358],[132.9199,-32.0418],[132.9344,-32.0537],[132.9472,-32.0547],[132.9736,-32.0717],[132.9816,-32.0841],[132.9772,-32.0909],[132.9817,-32.0972],[132.9795,-32.1061],[132.9895,-32.1016],[132.9893,-32.0931],[133.0045,-32.0827],[133.0579,-32.1047],[133.1127,-32.1465],[133.1388,-32.1753],[133.1364,-32.1844],[133.1288,-32.1888],[133.1332,-32.197],[133.1263,-32.2074],[133.1464,-32.1949],[133.1434,-32.1874],[133.1463,-32.1748],[133.1627,-32.1692],[133.185,-32.1725],[133.2289,-32.1901],[133.253,-32.2053],[133.2527,-32.2104],[133.2745,-32.1945],[133.2797,-32.1829],[133.3238,-32.1798],[133.3647,-32.1865],[133.3819,-32.1924],[133.3897,-32.1996],[133.3953,-32.195],[133.4053,-32.1996],[133.4134,-32.1945],[133.4228,-32.1978],[133.4254,-32.1847],[133.4435,-32.1778],[133.4798,-32.1925],[133.488,-32.1995],[133.491,-32.1957],[133.4747,-32.1679],[133.4645,-32.1588],[133.4294,-32.1514],[133.4193,-32.1546],[133.4108,-32.1482],[133.4211,-32.1402],[133.4004,-32.1399],[133.411,-32.1363],[133.4182,-32.1286],[133.4278,-32.1317],[133.438,-32.1247],[133.4505,-32.1364],[133.4496,-32.1159],[133.4583,-32.1053],[133.4712,-32.0998],[133.4814,-32.1058],[133.4825,-32.1258],[133.5024,-32.1293],[133.4942,-32.1464],[133.4968,-32.1516],[133.5107,-32.1535],[133.5245,-32.1429],[133.5229,-32.1554],[133.535,-32.1658],[133.5515,-32.1699],[133.5558,-32.159],[133.5665,-32.1551],[133.5841,-32.1409],[133.5729,-32.12],[133.5804,-32.1078],[133.582,-32.096],[133.5921,-32.0874],[133.6066,-32.085],[133.6206,-32.0923],[133.6283,-32.0911],[133.6305,-32.1002],[133.644,-32.0959],[133.6606,-32.1062],[133.6698,-32.106],[133.6709,-32.1336],[133.6554,-32.1439],[133.6439,-32.1424],[133.6453,-32.1511],[133.6732,-32.1425],[133.6915,-32.1538],[133.6945,-32.1611],[133.687,-32.1703],[133.6881,-32.1783],[133.6787,-32.2031],[133.7146,-32.195],[133.7327,-32.1992],[133.738,-32.2046],[133.7456,-32.2017],[133.7584,-32.2084],[133.7616,-32.2252],[133.7546,-32.2359],[133.7638,-32.2495],[133.763,-32.2577],[133.7709,-32.2645],[133.781,-32.2548],[133.7968,-32.2533],[133.8071,-32.2434],[133.8076,-32.2325],[133.8213,-32.2344],[133.8293,-32.2548],[133.843,-32.2567],[133.8597,-32.2791],[133.8708,-32.2829],[133.8803,-32.305],[133.9019,-32.3186],[133.9233,-32.3572],[133.9308,-32.3626],[133.9324,-32.38],[133.9437,-32.382],[133.9515,-32.3916],[133.9481,-32.4094],[133.9409,-32.4169],[133.915,-32.426],[133.9016,-32.4223],[133.9002,-32.4179],[133.9121,-32.4135],[133.8993,-32.3999],[133.8667,-32.3988],[133.8664,-32.4219],[133.8512,-32.461],[133.8618,-32.4847],[133.85,-32.4939],[133.8464,-32.5069],[133.853,-32.51],[133.8563,-32.529],[133.8496,-32.5332],[133.8525,-32.5427],[133.8603,-32.5325],[133.8665,-32.538],[133.8756,-32.5333],[133.8934,-32.5418],[133.8959,-32.5243],[133.9064,-32.5183],[133.9065,-32.5104],[133.9197,-32.496],[133.947,-32.4941],[133.991,-32.5057],[133.995,-32.4993],[133.9933,-32.4866],[134.0067,-32.4754],[134.037,-32.4607],[134.0492,-32.4602],[134.0847,-32.4724],[134.0831,-32.4638],[134.0893,-32.4593],[134.1266,-32.4555],[134.1642,-32.4711],[134.1858,-32.4849],[134.2165,-32.5142],[134.2646,-32.571],[134.2779,-32.6083],[134.2791,-32.6489],[134.2905,-32.6569],[134.2943,-32.6653],[134.2837,-32.6848],[134.2898,-32.6906],[134.2873,-32.7006],[134.2722,-32.7107],[134.2584,-32.7377],[134.2403,-32.7489],[134.2404,-32.7587],[134.2304,-32.7648],[134.2309,-32.7814],[134.2136,-32.7949],[134.2025,-32.7973],[134.1932,-32.7914],[134.19,-32.7655],[134.2018,-32.7479],[134.1682,-32.7349],[134.1804,-32.7282],[134.2145,-32.7311],[134.2052,-32.7256],[134.1842,-32.7234],[134.1772,-32.7185],[134.159,-32.7219],[134.1073,-32.7213],[134.0811,-32.7101],[134.0643,-32.7159],[134.0625,-32.7266],[134.0704,-32.7318],[134.0733,-32.7401],[134.0981,-32.7574],[134.1181,-32.783],[134.1338,-32.8139],[134.1384,-32.8409],[134.132,-32.8564],[134.1166,-32.869],[134.0995,-32.8679],[134.0957,-32.8792],[134.0725,-32.8837],[134.0795,-32.8954],[134.0754,-32.9066],[134.0602,-32.9075],[134.0819,-32.9195],[134.0815,-32.9269],[134.0907,-32.9269],[134.105,-32.9136],[134.1195,-32.9153],[134.1295,-32.928],[134.125,-32.9328],[134.1409,-32.9445],[134.1451,-32.9402],[134.1403,-32.9331],[134.148,-32.9268],[134.1588,-32.9252],[134.1811,-32.9341],[134.2026,-32.9667],[134.2059,-32.9861],[134.2031,-33.0025],[134.19,-33.016],[134.1676,-33.0099],[134.1389,-33.0186],[134.1721,-33.0496],[134.1841,-33.0483],[134.1835,-33.0417],[134.1965,-33.0352],[134.2317,-33.0446],[134.2424,-33.0643],[134.2419,-33.0739],[134.2485,-33.0803],[134.2478,-33.0876],[134.2621,-33.0987],[134.2601,-33.1115],[134.2668,-33.1389],[134.261,-33.1532],[134.2725,-33.1639],[134.2836,-33.1655],[134.2916,-33.1739],[134.313,-33.1842],[134.3175,-33.1944],[134.328,-33.1996],[134.3518,-33.1904],[134.3452,-33.1773],[134.3452,-33.1626],[134.3589,-33.1492],[134.352,-33.1394],[134.3382,-33.138],[134.3172,-33.1272],[134.3216,-33.1202],[134.313,-33.1123],[134.2932,-33.1189],[134.2793,-33.1079],[134.2795,-33.0999],[134.2632,-33.084],[134.2625,-33.0607],[134.2799,-33.0534],[134.2728,-33.0447],[134.2726,-33.0372],[134.2646,-33.0315],[134.2796,-33.0253],[134.3004,-33.0507],[134.2896,-33.0612],[134.2944,-33.0768],[134.3069,-33.0893],[134.3243,-33.0908],[134.3323,-33.0972],[134.3404,-33.1133],[134.3597,-33.1282],[134.3686,-33.1758],[134.3852,-33.1733],[134.3881,-33.1777],[134.3925,-33.1658],[134.4067,-33.1599],[134.4157,-33.1487],[134.4511,-33.1449],[134.4716,-33.1556],[134.4809,-33.1543],[134.5062,-33.1614],[134.5148,-33.1702],[134.5414,-33.1811],[134.5525,-33.1912],[134.5627,-33.1947],[134.574,-33.1927],[134.6241,-33.2338],[134.6324,-33.243],[134.6461,-33.2229],[134.66,-33.2276],[134.6637,-33.2234],[134.6539,-33.2175],[134.6416,-33.2216],[134.6313,-33.2138],[134.6233,-33.1986],[134.6437,-33.1962],[134.6413,-33.1835],[134.627,-33.1949],[134.6139,-33.1893],[134.6078,-33.1969],[134.5997,-33.1974],[134.5776,-33.1902],[134.5591,-33.1611],[134.5959,-33.1392],[134.6331,-33.1625],[134.6671,-33.1614],[134.6847,-33.1716],[134.6999,-33.1738],[134.7074,-33.1807],[134.7176,-33.1972],[134.717,-33.2133],[134.7222,-33.219],[134.7189,-33.2298],[134.7138,-33.2312],[134.6986,-33.222],[134.6917,-33.2294],[134.6639,-33.233],[134.6876,-33.2503],[134.6951,-33.2635],[134.7188,-33.2646],[134.7345,-33.2732],[134.7478,-33.2863],[134.7607,-33.3099],[134.7799,-33.3152],[134.7894,-33.3254],[134.802,-33.3296],[134.8283,-33.3875],[134.8453,-33.4374],[134.862,-33.5131],[134.863,-33.5498],[134.8405,-33.5932],[134.8427,-33.6211],[134.83,-33.6259],[134.8606,-33.6441],[134.8712,-33.6354],[134.8832,-33.639],[134.8861,-33.6446],[134.8792,-33.6538],[134.93,-33.6838],[134.937,-33.6918],[134.98,-33.713],[135.0169,-33.7367],[135.043,-33.7574],[135.0832,-33.8046],[135.1292,-33.8367],[135.1339,-33.8474],[135.1449,-33.8516],[135.1618,-33.8778],[135.1697,-33.8731],[135.1815,-33.8768],[135.1915,-33.8976],[135.1889,-33.907],[135.1936,-33.9189],[135.2153,-33.9402],[135.4421,-33.94],[135.5932,-33.9396],[135.7775,-33.9386],[135.7775,-33.9245],[135.7775,-33.895],[135.7372,-33.8951],[135.7403,-33.8821],[135.749,-33.8809],[135.7492,-33.8694],[135.7775,-33.8694],[135.7774,-33.8501],[135.9076,-33.8502],[135.9074,-33.6617],[135.9069,-33.4878],[135.8617,-33.488],[135.8638,-33.4744],[135.8637,-33.4297],[135.7772,-33.4294],[135.7771,-33.3314],[135.8849,-33.3313],[135.8856,-33.289],[135.8846,-33.2554],[135.8868,-33.2447],[135.9122,-33.2123],[135.9255,-33.2058],[135.9356,-33.1907],[135.9464,-33.1828],[135.9629,-33.1634],[135.9612,-33.1336],[136.0013,-33.1335],[136.0013,-33.0543],[135.8256,-33.0555]]]}},
{"type":"Feature","id":"SA_PW011","properties":{"aac":"SA_PW011","name":"Eastern Eyre Peninsula","state":"sa","type":"forecast district","source":"IDM00001"},"geometry":{"type":"Polygon","coordinates":[[[136.4956,-33.986],[136.4956,-33.9928],[136.5014,-33.9912],[136.5504,-33.9573],[136.5551,-33.9505],[136.5765,-33.9419],[136.5776,-33.9318],[136.5733,-33.9207],[136.587,-33.9113],[136.5933,-33.8993],[136.664,-33.8804],[136.6941,-33.8644],[136.7296,-33.8359],[136.7777,-33.8306],[136.7784,-33.823],[136.7985,-33.8042],[136.855,-33.7994],[136.9503,-33.7561],[136.9689,-33.7425],[136.9655,-33.7356],[136.9455,-33.7288],[136.9264,-33.729],[136.9202,-33.736],[136.927,-33.7439],[136.9263,-33.7564],[136.913,-33.7581],[136.9019,-33.7726],[136.8793,-33.7773],[136.8729,-33.7637],[136.8762,-33.7556],[136.8697,-33.7443],[136.8751,-33.7326],[136.9029,-33.723],[136.9218,-33.7057],[136.9288,-33.6956],[136.9328,-33.6725],[136.9763,-33.6799],[136.9763,-33.6894],[136.9652,-33.696],[136.9682,-33.7016],[136.9814,-33.7041],[136.9932,-33.7011],[136.9991,-33.7058],[136.9882,-33.7204],[136.9899,-33.7261],[137.0224,-33.7215],[137.037,-33.7083],[137.0511,-33.7072],[137.0722,-33.699],[137.0919,-33.702],[137.1449,-33.6974],[137.1702,-33.6895],[137.1805,-33.6751],[137.2147,-33.6594],[137.2257,-33.6354],[137.2518,-33.6084],[137.2615,-33.5812],[137.2781,-33.5654],[137.294,-33.5092],[137.3045,-33.5005],[137.3015,-33.4945],[137.3199,-33.4649],[137.3327,-33.4588],[137.3556,-33.4407],[137.3612,-33.4127],[137.3736,-33.3984],[137.3844,-33.3762],[137.3766,-33.345],[137.3801,-33.309],[137.3859,-33.295],[137.4119,-33.2693],[137.4108,-33.2633],[137.4394,-33.2203],[137.4437,-33.1584],[137.4514,-33.1383],[137.4606,-33.1303],[137.491,-33.1233],[137.5126,-33.1108],[137.5224,-33.0995],[137.5457,-33.0862],[137.5738,-33.0451],[137.5949,-33.036],[137.5859,-33.0221],[137.5991,-33.0175],[137.5931,-33.0051],[137.5947,-32.9986],[137.6104,-32.9751],[137.6286,-32.9648],[137.6622,-32.9526],[137.694,-32.9605],[137.7001,-32.9691],[137.7127,-32.9744],[137.721,-32.9907],[137.7503,-32.9958],[137.7592,-32.9946],[137.7591,-32.9886],[137.7845,-32.9956],[137.775,-32.9689],[137.7578,-32.9439],[137.7501,-32.9195],[137.758,-32.9076],[137.7872,-32.9152],[137.7925,-32.9097],[137.7984,-32.8924],[137.7927,-32.8703],[137.8011,-32.8673],[137.7989,-32.8614],[137.8096,-32.8526],[137.8108,-32.8444],[137.8008,-32.7907],[137.8014,-32.7742],[137.8102,-32.753],[137.8044,-32.7369],[137.7806,-32.7118],[137.759,-32.713],[137.7512,-32.7069],[137.7591,-32.6954],[137.752,-32.6718],[137.7652,-32.6067],[137.7651,-32.5896],[137.7563,-32.5626],[137.7583,-32.5494],[137.7696,-32.5387],[137.7588,-32.5326],[137.6955,-32.5318],[137.6794,-32.54],[137.6793,-32.5326],[137.6201,-32.5325],[136.8114,-32.7667],[136.541,-32.7666],[136.0014,-32.7651],[135.825,-32.7661],[135.8256,-33.0555],[136.0013,-33.0543],[136.0013,-33.1335],[135.9612,-33.1336],[135.9629,-33.1634],[135.9464,-33.1828],[135.9356,-33.1907],[135.9255,-33.2058],[135.9122,-33.2123],[135.8868,-33.2447],[135.8846,-33.2554],[135.8856,-33.289],[135.8849,-33.3313],[135.7771,-33.3314],[135.7772,-33.4294],[135.8637,-33.4297],[135.8638,-33.4744],[135.8617,-33.488],[135.9069,-33.4878],[135.9074,-33.6617],[135.9076,-33.8502],[135.7774,-33.8501],[135.7775,-33.8694],[135.7492,-33.8694],[135.749,-33.8809],[135.7403,-33.8821],[135.7372,-33.8951],[135.7775,-33.895],[135.7775,-33.9245],[135.8251,-33.9246],[135.8453,-33.9208],[135.8694,-33.9299],[135.8743,-33.9343],[135.8924,-33.935],[135.9011,-33.9292],[135.9171,-33.931],[135.9305,-33.9291],[135.9304,-33.9867],[136.2404,-33.9868],[136.4956,-33.986]]]}},
{"type":"Feature","id":"SA_PW012","properties":{"aac":"SA_PW012","name":"Lower Eyre Peninsula","state":"sa","type":"forecast district","source":"IDM00001"},"geometry":{"type":"Polygon","coordinates":[[[136.4428,-34.0071],[136.4956,-33.9928],[136.4956,-33.986],[136.2404,-33.9868],[135.9304,-33.9867],[135.9305,-33.9291],[135.9171,-33.931],[135.9011,-33.9292],[135.8924,-33.935],[135.8743,-33.9343],[135.8694,-33.9299],[135.8453,-33.9208],[135.8251,-33.9246],[135.7775,-33.9245],[135.7775,-33.9386],[135.5932,-33.9396],[135.4421,-33.94],[135.2153,-33.9402],[135.2365,-33.961],[135.2531,-33.9828],[135.2577,-33.9986],[135.2709,-34.0148],[135.2725,-34.0239],[135.2654,-34.032],[135.2812,-34.068],[135.2726,-34.0944],[135.275,-34.1146],[135.2797,-34.1197],[135.2619,-34.1276],[135.241,-34.1494],[135.2546,-34.1543],[135.2684,-34.1697],[135.286,-34.1712],[135.3055,-34.1866],[135.3262,-34.222],[135.3489,-34.2738],[135.3496,-34.2945],[135.3598,-34.3429],[135.3565,-34.3481],[135.3568,-34.3661],[135.3512,-34.3674],[135.3649,-34.3848],[135.3627,-34.4118],[135.3582,-34.4176],[135.3696,-34.4296],[135.3768,-34.43],[135.3868,-34.4385],[135.3905,-34.4639],[135.3881,-34.4699],[135.3957,-34.4942],[135.3897,-34.5048],[135.3773,-34.5131],[135.3793,-34.5267],[135.3871,-34.5307],[135.3987,-34.5553],[135.3991,-34.5677],[135.3893,-34.5947],[135.3942,-34.5999],[135.4219,-34.6018],[135.4677,-34.6129],[135.4522,-34.6142],[135.4517,-34.6253],[135.4452,-34.6315],[135.4118,-34.638],[135.3988,-34.6357],[135.3889,-34.6437],[135.3789,-34.6451],[135.3738,-34.6297],[135.3897,-34.6303],[135.3916,-34.636],[135.3991,-34.6277],[135.391,-34.6232],[135.3629,-34.6209],[135.3506,-34.6023],[135.3577,-34.5886],[135.3503,-34.5754],[135.3096,-34.5636],[135.2977,-34.5518],[135.3155,-34.5206],[135.3456,-34.5221],[135.347,-34.5188],[135.3038,-34.5154],[135.2964,-34.5079],[135.2623,-34.5092],[135.2325,-34.5027],[135.2179,-34.4953],[135.2125,-34.4634],[135.2166,-34.4557],[135.2119,-34.4412],[135.2174,-34.4336],[135.2066,-34.4288],[135.1921,-34.4392],[135.1908,-34.4537],[135.1861,-34.4604],[135.1737,-34.4643],[135.1649,-34.4822],[135.1473,-34.501],[135.1401,-34.503],[135.1449,-34.5097],[135.1443,-34.52],[135.1305,-34.5279],[135.1342,-34.5416],[135.1268,-34.5597],[135.1259,-34.5765],[135.112,-34.5815],[135.1096,-34.589],[135.1223,-34.5855],[135.1296,-34.5905],[135.1438,-34.5919],[135.1501,-34.5692],[135.1735,-34.5557],[135.201,-34.5549],[135.2099,-34.5582],[135.2094,-34.5489],[135.2238,-34.5443],[135.2512,-34.5505],[135.2788,-34.5707],[135.2988,-34.6008],[135.3218,-34.6088],[135.3412,-34.6276],[135.3492,-34.6511],[135.3477,-34.6635],[135.3408,-34.6711],[135.329,-34.6696],[135.3205,-34.6803],[135.33,-34.6897],[135.3508,-34.6816],[135.3784,-34.688],[135.4095,-34.7017],[135.4599,-34.7332],[135.4772,-34.7472],[135.4946,-34.7687],[135.4957,-34.7819],[135.5388,-34.813],[135.5932,-34.8725],[135.6041,-34.8796],[135.6055,-34.8918],[135.6133,-34.8924],[135.6188,-34.9054],[135.6244,-34.9071],[135.6196,-34.9389],[135.6241,-34.9462],[135.6399,-34.9429],[135.642,-34.9369],[135.6798,-34.946],[135.6914,-34.9384],[135.689,-34.923],[135.6815,-34.9141],[135.6923,-34.9143],[135.6972,-34.9072],[135.7066,-34.9056],[135.708,-34.8754],[135.7138,-34.8657],[135.7514,-34.8568],[135.7902,-34.8614],[135.823,-34.8702],[135.8541,-34.8873],[135.8603,-34.8998],[135.8534,-34.92],[135.8562,-34.9272],[135.8699,-34.9204],[135.8799,-34.9296],[135.9018,-34.9338],[135.9286,-34.9491],[135.9275,-34.9607],[135.9318,-34.9712],[135.9463,-34.9754],[135.9491,-34.9805],[135.9421,-34.9862],[135.9434,-35.0027],[135.9614,-35.0049],[135.9606,-34.9923],[135.9768,-34.9952],[135.9893,-34.9809],[136.0036,-34.9853],[135.999,-34.9599],[135.9878,-34.9586],[135.9932,-34.9436],[135.9859,-34.937],[135.9924,-34.9258],[135.9852,-34.9172],[135.9857,-34.9085],[135.9762,-34.9057],[135.977,-34.8951],[135.9627,-34.8753],[135.9605,-34.8494],[135.9699,-34.8384],[135.9864,-34.8275],[135.9942,-34.8273],[135.9992,-34.82],[136.0055,-34.7977],[136.0025,-34.7821],[136.0146,-34.757],[136.0068,-34.7369],[135.9989,-34.7341],[135.996,-34.7259],[135.9794,-34.7306],[135.9883,-34.7385],[135.9919,-34.75],[135.9876,-34.7606],[135.9899,-34.7712],[135.9808,-34.7848],[135.9621,-34.784],[135.9624,-34.7708],[135.9558,-34.757],[135.95,-34.7653],[135.9295,-34.7686],[135.9221,-34.7821],[135.9119,-34.7867],[135.8961,-34.8049],[135.8617,-34.8075],[135.8394,-34.8183],[135.7875,-34.8092],[135.8094,-34.7824],[135.8493,-34.7513],[135.864,-34.7552],[135.8642,-34.7695],[135.8789,-34.7605],[135.8827,-34.7538],[135.893,-34.7518],[135.8928,-34.7446],[135.8781,-34.746],[135.8758,-34.7408],[135.885,-34.7325],[135.8802,-34.7208],[135.8614,-34.7215],[135.8544,-34.7157],[135.8552,-34.6661],[135.8622,-34.6342],[135.89,-34.6162],[135.9125,-34.6197],[135.9125,-34.6311],[135.9238,-34.6363],[135.9269,-34.6468],[135.9376,-34.6496],[135.9313,-34.6328],[135.9351,-34.6237],[135.9341,-34.6108],[135.9125,-34.6105],[135.9045,-34.6027],[135.9019,-34.593],[135.9247,-34.5489],[135.9366,-34.5409],[135.9293,-34.5387],[135.9307,-34.5322],[135.9433,-34.5196],[135.9746,-34.5046],[135.982,-34.5061],[135.9834,-34.5133],[135.9944,-34.5178],[136.0012,-34.51],[136.0166,-34.5065],[136.0172,-34.4969],[136.03,-34.4818],[136.0569,-34.4791],[136.0771,-34.4866],[136.0849,-34.4975],[136.077,-34.5074],[136.0925,-34.5248],[136.0846,-34.5326],[136.0903,-34.5442],[136.0996,-34.5326],[136.0971,-34.5251],[136.1126,-34.5168],[136.1124,-34.5038],[136.1182,-34.4892],[136.1105,-34.4793],[136.1221,-34.4674],[136.1155,-34.4591],[136.1147,-34.4491],[136.1202,-34.4334],[136.117,-34.426],[136.1098,-34.4254],[136.1052,-34.4329],[136.0928,-34.4301],[136.1001,-34.4195],[136.1076,-34.4224],[136.1174,-34.4089],[136.1308,-34.4074],[136.1174,-34.4006],[136.1137,-34.3893],[136.1048,-34.3825],[136.1061,-34.3714],[136.1141,-34.357],[136.1272,-34.3459],[136.1406,-34.3406],[136.179,-34.3389],[136.2209,-34.3084],[136.2611,-34.2679],[136.2702,-34.2447],[136.2676,-34.24],[136.279,-34.2209],[136.2936,-34.2107],[136.3019,-34.1957],[136.3253,-34.1818],[136.3229,-34.1744],[136.3321,-34.1485],[136.3437,-34.1418],[136.3472,-34.1288],[136.3569,-34.1224],[136.3486,-34.1141],[136.3515,-34.1033],[136.3473,-34.1011],[136.3634,-34.0698],[136.4428,-34.0071]]]}},
{"type":"Feature","id":"SA_PW013","properties":{"aac":"SA_PW013","name":"North West Pastoral","state":"sa","type":"forecast district","source":"IDM00001"},"geometry":{"type":"Polygon","coordinates":[[[138.0313,-31.0045],[138.0438,-30.9621],[135.0013,-27.9985],[135.0013,-25.9975],[134.4769,-25.9976],[133.9769,-25.9976],[133.4519,-25.9978],[132.4269,-25.9979],[131.9019,-25.9981],[130.8769,-25.9982],[130.3519,-25.9984],[129.8519,-25.9984],[129.8269,-25.9985],[129.3269,-25.9985],[129.0019,-25.9986],[129.0018,-26.0736],[129.0018,-26.9986],[129.0017,-27.0236],[129.0017,-27.9486],[129.0016,-27.9736],[129.0016,-28.9236],[129.0015,-28.9486],[129.0015,-29.8736],[129.0014,-29.8986],[129.0014,-30.8236],[129.0013,-31],[132.8082,-31],[135.1365,-32.3753],[135.1364,-32.2933],[135.1635,-32.3063],[135.1674,-32.3168],[135.1772,-32.3243],[135.2196,-32.3456],[135.2331,-32.3582],[135.2533,-32.3604],[135.2978,-32.3763],[135.3352,-32.3932],[135.3348,-32.4049],[135.3683,-32.3936],[135.3987,-32.4502],[135.4099,-32.4544],[135.4322,-32.4572],[135.4479,-32.4523],[135.4843,-32.4515],[135.5194,-32.4542],[135.5475,-32.4757],[135.5492,-32.4862],[135.5688,-32.4882],[135.5944,-32.5184],[135.6329,-32.5136],[135.6593,-32.5157],[135.6593,-32.5281],[135.7165,-32.6025],[135.7044,-32.6349],[135.6952,-32.6991],[135.7917,-32.7025],[135.7872,-32.7448],[135.825,-32.7661],[136.0014,-32.7651],[136.541,-32.7666],[136.8114,-32.7667],[137.6201,-32.5325],[137.6204,-32.3554],[137.7638,-32.3548],[137.7715,-32.3452],[137.769,-32.3267],[137.7735,-32.323],[137.7702,-32.3143],[137.777,-32.2906],[137.7685,-32.28],[137.7484,-32.2699],[137.7283,-32.2326],[137.7297,-32.2215],[137.7203,-32.2151],[137.7258,-32.2106],[137.7245,-32.2017],[137.7175,-32.2047],[137.717,-32.1926],[137.723,-32.1901],[137.7152,-32.1768],[137.7224,-32.1618],[137.7225,-32.1508],[137.7283,-32.1433],[137.7303,-32.1232],[137.7264,-32.0878],[137.7297,-32.0861],[137.7471,-32.0136],[137.7567,-31.9847],[137.7654,-31.9761],[137.7667,-31.9418],[137.7764,-31.9324],[137.7769,-31.9132],[137.7711,-31.904],[137.7683,-31.8856],[137.7743,-31.8754],[137.7622,-31.8757],[137.7621,-31.8607],[137.7685,-31.8671],[137.7695,-31.8492],[137.7766,-31.8506],[137.7797,-31.8602],[137.7889,-31.8488],[137.798,-31.8434],[137.795,-31.8384],[137.7821,-31.8453],[137.7733,-31.8447],[137.7647,-31.8305],[137.7628,-31.8091],[137.7731,-31.7826],[137.7858,-31.7776],[137.7946,-31.7656],[137.8114,-31.7367],[137.8216,-31.7239],[137.8336,-31.6904],[137.833,-31.6824],[137.8394,-31.6669],[137.8536,-31.6732],[137.8517,-31.6908],[137.858,-31.6785],[137.8652,-31.6779],[137.8651,-31.6695],[137.8735,-31.6685],[137.8645,-31.6447],[137.8666,-31.6359],[137.8776,-31.6326],[137.8877,-31.6101],[137.8954,-31.6063],[137.8976,-31.6196],[137.9018,-31.6007],[137.8868,-31.5956],[137.8964,-31.5877],[137.9097,-31.5957],[137.9297,-31.5851],[137.9355,-31.5789],[137.9358,-31.566],[137.9471,-31.5594],[137.951,-31.5498],[137.9651,-31.5391],[137.981,-31.5387],[137.9863,-31.5335],[138.0012,-31.5316],[138.0081,-31.51],[138.0282,-31.4962],[138.0468,-31.5009],[138.0468,-31.4951],[138.0362,-31.494],[138.0386,-31.4732],[138.0478,-31.4631],[138.0605,-31.4617],[138.0663,-31.4497],[138.0767,-31.4525],[138.0844,-31.4328],[138.0806,-31.4235],[138.0908,-31.4075],[138.087,-31.4059],[138.0973,-31.3933],[138.112,-31.3812],[138.127,-31.3803],[138.1225,-31.3664],[138.1267,-31.3627],[138.1225,-31.3478],[138.123,-31.3339],[138.1271,-31.3215],[138.1228,-31.3145],[138.1285,-31.3074],[138.1159,-31.2716],[138.1075,-31.2668],[138.1023,-31.2438],[138.1155,-31.2267],[138.1184,-31.2123],[138.1129,-31.1961],[138.1028,-31.1929],[138.1116,-31.1687],[138.1059,-31.1614],[138.1093,-31.152],[138.1022,-31.1284],[138.0855,-31.1111],[138.079,-31.0967],[138.0736,-31.097],[138.0532,-31.0686],[138.0475,-31.0655],[138.047,-31.0562],[138.0347,-31.0309],[138.0313,-31.0045]]]}},
{"type":"Feature","id":"SA_PW014","properties":{"aac":"SA_PW014","name":"North East Pastoral","state":"sa","type":"forecast district","source":"IDM00001"},"geometry":{"type":"Polygon","coordinates":[[[139.7,-33.8006],[141.0026,-33.8005],[141.0021,-32.9741],[141.0016,-32.3991],[141.0014,-31.9741],[141.0012,-31.8241],[141.001,-31.3991],[141.0008,-31.2491],[141.0006,-30.8241],[141.0001,-30.2491],[140.9999,-29.8241],[140.9997,-29.6741],[140.9995,-29.2491],[140.9993,-29.0991],[140.9993,-27.1214],[140.9994,-27.0964],[140.9994,-25.9964],[140.5491,-25.9965],[139.9491,-25.9965],[139.9241,-25.9966],[139.3491,-25.9966],[139.3241,-25.9967],[138.7491,-25.9967],[138.7241,-25.9968],[138.1491,-25.9968],[138.1241,-25.9969],[137.6019,-25.9969],[137.0769,-25.997],[136.5519,-25.9972],[135.5269,-25.9973],[135.0013,-25.9975],[135.0013,-27.9985],[138.0438,-30.9621],[138.0764,-30.9622],[139.0252,-30.9595],[139.1,-30.959],[139.1005,-31.5014],[139.1009,-31.9742],[139.1012,-32.5946],[139.3535,-32.594],[139.3543,-33.0976],[139.3546,-33.3254],[139.3559,-33.803],[139.7,-33.8006]]]}},
{"type":"Feature","id":"SA_PW015","properties":{"aac":"SA_PW015","name":"Mount Lofty Ranges","state":"sa","type":"forecast district","source":"IDM00001"},"geometry":{"type":"MultiPolygon","coordinates":[[[[138.9246,-35.5663],[138.9328,-35.5618],[138.9358,-35.5555],[138.954,-35.5511],[138.9663,-35.5413],[138.9662,-35.5287],[138.9539,-35.5276],[138.9328,-35.5379],[138.9229,-35.5307],[138.9327,-35.5225],[138.9455,-35.5219],[138.938,-35.5107],[138.9196,-35.4993],[138.9081,-35.4996],[138.8874,-35.493],[138.8646,-35.4935],[138.8408,-35.5028],[138.8178,-35.5019],[138.8105,-35.4995],[138.7963,-35.5018],[138.7928,-35.5095],[138.8099,-35.5224],[138.8216,-35.5199],[138.8431,-35.5274],[138.8591,-35.5387],[138.8601,-35.5432],[138.8813,-35.5496],[138.8992,-35.5494],[138.9246,-35.5663]]],[[[138.8754,-35.4818],[138.8885,-35.4774],[138.883,-35.469],[138.866,-35.46],[138.8678,-35.447],[138.862,-35.4385],[138.8478,-35.428],[138.8417,-35.4131],[138.8265,-35.4051],[138.8287,-35.3938],[138.8173,-35.3924],[138.8018,-35.3795],[138.8172,-35.3732],[138.8206,-35.3665],[138.8186,-35.3547],[138.8228,-35.3401],[138.8405,-35.3231],[138.8508,-35.3021],[138.8713,-35.2872],[138.8781,-35.2749],[138.8884,-35.2889],[138.9083,-35.29],[138.9096,-35.2794],[138.9155,-35.278],[138.9214,-35.2599],[138.9146,-35.2516],[138.9291,-35.2453],[138.9457,-35.2308],[138.9653,-35.2085],[139.0038,-35.1828],[139.0156,-35.1778],[139.0184,-35.1604],[139.0241,-35.1527],[139.0272,-35.1366],[139.0426,-35.1151],[139.0435,-35.1069],[139.0369,-35.1001],[139.0334,-35.0839],[139.0364,-35.0783],[139.0287,-35.0613],[139.0312,-35.0333],[139.037,-35.0239],[139.037,-35.0126],[139.0313,-35.0012],[139.0413,-34.9774],[139.0378,-34.9703],[139.0293,-34.9675],[139.0265,-34.9547],[139.0204,-34.9488],[139.0346,-34.9292],[138.9752,-34.8949],[138.9808,-34.883],[138.9752,-34.8776],[138.9894,-34.879],[138.9933,-34.8736],[139.0095,-34.8647],[139.0019,-34.8509],[139.0069,-34.8413],[139.0015,-34.8344],[139.0191,-34.8293],[139.0251,-34.8234],[139.0389,-34.8224],[139.0453,-34.8079],[139.0587,-34.8002],[139.0805,-34.7768],[139.0759,-34.7734],[139.0862,-34.7663],[139.087,-34.7592],[139.1384,-34.763],[139.1378,-34.7696],[139.1507,-34.7685],[139.1582,-34.7057],[139.1676,-34.7094],[139.1694,-34.691],[139.158,-34.6475],[139.1575,-34.6326],[139.1626,-34.6211],[139.1031,-34.6206],[139.1027,-34.598],[139.1062,-34.5936],[139.0963,-34.5805],[139.1004,-34.565],[139.1106,-34.5556],[139.1095,-34.5488],[139.1145,-34.5328],[139.1263,-34.5264],[139.1349,-34.5087],[139.155,-34.5086],[139.1591,-34.501],[139.1565,-34.4936],[139.1621,-34.4859],[139.1719,-34.4834],[139.1513,-34.4624],[139.1378,-34.4565],[139.1253,-34.4419],[139.1119,-34.4388],[139.1122,-34.4296],[139.1023,-34.411],[139.0795,-34.4198],[139.0575,-34.4243],[139.0017,-34.4585],[138.9733,-34.45],[138.9783,-34.4664],[138.9699,-34.4863],[138.9782,-34.4905],[138.972,-34.4963],[138.9703,-34.5072],[138.9634,-34.506],[138.9519,-34.5213],[138.9454,-34.5347],[138.9367,-34.5389],[138.9468,-34.5431],[138.9361,-34.5588],[138.9306,-34.561],[138.9248,-34.583],[138.9148,-34.5832],[138.9146,-34.5769],[138.9011,-34.5688],[138.8904,-34.5691],[138.8745,-34.5744],[138.8685,-34.5662],[138.8669,-34.5541],[138.8609,-34.5488],[138.8518,-34.5574],[138.8329,-34.5541],[138.8326,-34.5638],[138.8256,-34.5649],[138.8138,-34.5585],[138.801,-34.559],[138.804,-34.5514],[138.7944,-34.5515],[138.7899,-34.5623],[138.7733,-34.5606],[138.7699,-34.5689],[138.7625,-34.5687],[138.7515,-34.5785],[138.7584,-34.5835],[138.7483,-34.5871],[138.7465,-34.5722],[138.7325,-34.584],[138.7317,-34.5917],[138.723,-34.6122],[138.6934,-34.6178],[138.671,-34.616],[138.6614,-34.6235],[138.6506,-34.6243],[138.6465,-34.6304],[138.632,-34.6311],[138.6256,-34.6256],[138.6162,-34.633],[138.5944,-34.6345],[138.5908,-34.6389],[138.5757,-34.6358],[138.5391,-34.6354],[138.5295,-34.6414],[138.5243,-34.6366],[138.5,-34.6472],[138.4917,-34.6476],[138.4887,-34.6584],[138.474,-34.6637],[138.4644,-34.6734],[138.4515,-34.6761],[138.4448,-34.6706],[138.4364,-34.6719],[138.4515,-34.682],[138.4594,-34.697],[138.4751,-34.6986],[138.4936,-34.7207],[138.5221,-34.7354],[138.5321,-34.7427],[138.5448,-34.7616],[138.5434,-34.7746],[138.553,-34.7895],[138.5493,-34.8071],[138.5828,-34.7925],[138.5904,-34.784],[138.5961,-34.7875],[138.5942,-34.7671],[138.5829,-34.7328],[138.5947,-34.7337],[138.6108,-34.7435],[138.6211,-34.7295],[138.6045,-34.7108],[138.6161,-34.6923],[138.6499,-34.7069],[138.6676,-34.6788],[138.6564,-34.6739],[138.6623,-34.6646],[138.6915,-34.6769],[138.702,-34.6594],[138.7064,-34.6612],[138.6963,-34.6789],[138.7154,-34.6875],[138.703,-34.7143],[138.6874,-34.7156],[138.6836,-34.7216],[138.6915,-34.7262],[138.6791,-34.7389],[138.683,-34.7474],[138.6824,-34.7612],[138.707,-34.7714],[138.7111,-34.766],[138.727,-34.7738],[138.7161,-34.787],[138.7216,-34.8593],[138.7092,-34.8649],[138.7097,-34.8746],[138.7001,-34.875],[138.6987,-34.8937],[138.6842,-34.9004],[138.6851,-34.9145],[138.6765,-34.9193],[138.6776,-34.9349],[138.6602,-34.9383],[138.6611,-34.9506],[138.6523,-34.951],[138.6528,-34.9571],[138.6438,-34.9576],[138.6442,-34.9637],[138.6355,-34.9641],[138.6333,-34.9741],[138.6211,-34.9825],[138.6116,-34.9838],[138.602,-34.9959],[138.593,-34.9963],[138.5854,-35.0107],[138.5762,-35.0112],[138.5586,-35.0266],[138.56,-35.061],[138.5639,-35.0823],[138.5587,-35.0827],[138.5602,-35.1034],[138.5476,-35.104],[138.5482,-35.1145],[138.5357,-35.115],[138.5381,-35.1465],[138.5251,-35.147],[138.5176,-35.1613],[138.5019,-35.1716],[138.4901,-35.188],[138.4934,-35.2324],[138.4683,-35.2335],[138.469,-35.2411],[138.4618,-35.2462],[138.4574,-35.2629],[138.4441,-35.2703],[138.4414,-35.2767],[138.4469,-35.3184],[138.4403,-35.3499],[138.4113,-35.3655],[138.3728,-35.3733],[138.3408,-35.3927],[138.3299,-35.4052],[138.2938,-35.468],[138.2455,-35.5001],[138.2142,-35.5111],[138.1939,-35.5236],[138.1661,-35.5193],[138.1272,-35.5557],[138.108,-35.5931],[138.0954,-35.6005],[138.0953,-35.6239],[138.1036,-35.6315],[138.1152,-35.6326],[138.1282,-35.6448],[138.1629,-35.6606],[138.1948,-35.6648],[138.2326,-35.6589],[138.2558,-35.6494],[138.2634,-35.6423],[138.2841,-35.6388],[138.4078,-35.6401],[138.4332,-35.6296],[138.4948,-35.6338],[138.5221,-35.6428],[138.5545,-35.6203],[138.5631,-35.6103],[138.58,-35.6052],[138.5919,-35.5947],[138.6037,-35.5941],[138.5992,-35.5786],[138.6157,-35.5603],[138.626,-35.558],[138.6256,-35.551],[138.6325,-35.5433],[138.6639,-35.5362],[138.6841,-35.5378],[138.6953,-35.5288],[138.6936,-35.5219],[138.7099,-35.5133],[138.7398,-35.5158],[138.7902,-35.527],[138.8863,-35.5595],[138.8444,-35.537],[138.7884,-35.5222],[138.7841,-35.5089],[138.7888,-35.4999],[138.8005,-35.4945],[138.819,-35.4944],[138.8176,-35.4836],[138.8364,-35.4727],[138.8482,-35.4776],[138.8754,-35.4818]]]]}},
{"type":"Feature","id":"TAS_FW001","properties":{"aac":"TAS_FW001","name":"Furneaux Islands","state":"tas","type":"fire weather district","source":"IDM00007"},"geometry":{"type":"MultiPolygon","coordinates":[[[[148.0981,-40.5369],[148.1106,-40.5349],[148.1202,-40.5386],[148.1134,-40.5654],[148.1274,-40.571],[148.1317,-40.5656],[148.1492,-40.566],[148.1796,-40.5937],[148.188,-40.5872],[148.1979,-40.5888],[148.1918,-40.5739],[148.207,-40.555],[148.2345,-40.5326],[148.2278,-40.5257],[148.2311,-40.5088],[148.2464,-40.4972],[148.247,-40.4795],[148.2275,-40.4856],[148.22,-40.498],[148.2095,-40.5034],[148.193,-40.4895],[148.1729,-40.4976],[148.1296,-40.5024],[148.1263,-40.5104],[148.115,-40.5093],[148.0954,-40.5298],[148.0981,-40.5369]]],[[[148.4353,-40.4536],[148.4294,-40.4494],[148.437,-40.4407],[148.4504,-40.4365],[148.4735,-40.443],[148.4795,-40.4317],[148.4658,-40.4288],[148.4577,-40.4198],[148.4581,-40.4099],[148.4491,-40.4074],[148.4481,-40.387],[148.4515,-40.3773],[148.4439,-40.3799],[148.4247,-40.372],[148.4099,-40.3734],[148.3865,-40.3484],[148.3699,-40.3411],[148.3632,-40.3233],[148.3536,-40.3189],[148.3464,-40.3042],[148.3327,-40.2954],[148.3181,-40.3115],[148.3082,-40.3118],[148.3016,-40.3213],[148.2823,-40.3199],[148.2658,-40.3383],[148.2413,-40.3275],[148.2276,-40.33],[148.2258,-40.3221],[148.2131,-40.3177],[148.2085,-40.3395],[148.1959,-40.3536],[148.1839,-40.3447],[148.1642,-40.3478],[148.1587,-40.3421],[148.1453,-40.343],[148.1427,-40.337],[148.1127,-40.3434],[148.1036,-40.341],[148.0866,-40.3454],[148.0818,-40.3395],[148.0615,-40.3587],[148.0392,-40.3584],[148.028,-40.3695],[148.0241,-40.3673],[148.0072,-40.3782],[148.002,-40.376],[147.9862,-40.3894],[147.9921,-40.3943],[147.9841,-40.403],[147.9899,-40.406],[147.9895,-40.4215],[147.9983,-40.423],[148.0137,-40.4134],[148.0301,-40.4222],[148.025,-40.4298],[148.0429,-40.4322],[148.0468,-40.4488],[148.0593,-40.4494],[148.0623,-40.4536],[148.0869,-40.4571],[148.0914,-40.4501],[148.1144,-40.4475],[148.1257,-40.4395],[148.141,-40.4492],[148.143,-40.4593],[148.1515,-40.4496],[148.182,-40.4453],[148.1957,-40.4372],[148.2059,-40.4415],[148.2254,-40.466],[148.2525,-40.4521],[148.2737,-40.4363],[148.2738,-40.4308],[148.284,-40.428],[148.2947,-40.4342],[148.3094,-40.4262],[148.3362,-40.4648],[148.3374,-40.4847],[148.3515,-40.493],[148.3641,-40.4818],[148.3776,-40.477],[148.3873,-40.4792],[148.3882,-40.4872],[148.3974,-40.4901],[148.4008,-40.4737],[148.4134,-40.4629],[148.4298,-40.4655],[148.4353,-40.4536]]],[[[147.8767,-40.0222],[147.9004,-40.0376],[147.9162,-40.0301],[147.939,-40.0383],[147.9512,-40.0612],[147.9535,-40.0986],[147.9645,-40.0891],[147.9562,-40.0851],[147.9612,-40.0752],[147.97,-40.0864],[147.99,-40.0919],[147.9968,-40.1048],[148.0085,-40.1074],[148.0169,-40.1302],[148.0179,-40.1705],[148.0424,-40.2023],[148.0379,-40.2144],[148.0249,-40.2123],[148.0281,-40.2298],[148.0413,-40.2307],[148.0466,-40.2495],[148.0606,-40.249],[148.0663,-40.2585],[148.0833,-40.2604],[148.0889,-40.2687],[148.0987,-40.2633],[148.122,-40.274],[148.1302,-40.2671],[148.1496,-40.2649],[148.1634,-40.2589],[148.1689,-40.2522],[148.1868,-40.2486],[148.1846,-40.2408],[148.1929,-40.2333],[148.1892,-40.226],[148.2101,-40.2108],[148.2346,-40.2093],[148.2431,-40.2132],[148.2589,-40.21],[148.2721,-40.2174],[148.2714,-40.2303],[148.2849,-40.2313],[148.3137,-40.2234],[148.3348,-40.2111],[148.3313,-40.1996],[148.3197,-40.1843],[148.2931,-40.111],[148.2878,-40.0812],[148.2821,-40.0825],[148.2841,-40.1121],[148.279,-40.1166],[148.2587,-40.1205],[148.2515,-40.1258],[148.2418,-40.1229],[148.2341,-40.1279],[148.2235,-40.1213],[148.238,-40.1022],[148.2463,-40.1039],[148.2693,-40.0911],[148.2827,-40.0764],[148.2867,-40.0545],[148.2789,-40.0092],[148.291,-39.9653],[148.2593,-39.9665],[148.2052,-39.9459],[148.1945,-39.9501],[148.1737,-39.9407],[148.1232,-39.8997],[148.0897,-39.86],[148.0392,-39.816],[147.9692,-39.7431],[147.9667,-39.7457],[147.9732,-39.7596],[147.9808,-39.7622],[147.9899,-39.7792],[147.9726,-39.7638],[147.9618,-39.763],[147.9608,-39.7505],[147.9557,-39.746],[147.959,-39.729],[147.9414,-39.7199],[147.9342,-39.7331],[147.9192,-39.7444],[147.9051,-39.7467],[147.8843,-39.7614],[147.8719,-39.7586],[147.863,-39.7475],[147.8479,-39.751],[147.8504,-39.761],[147.8678,-39.7743],[147.8688,-39.7829],[147.8625,-39.798],[147.8517,-39.8005],[147.8407,-39.8087],[147.8501,-39.8229],[147.8404,-39.8362],[147.826,-39.8333],[147.8238,-39.838],[147.8026,-39.8359],[147.8028,-39.8425],[147.7886,-39.8516],[147.7743,-39.8519],[147.769,-39.8664],[147.7477,-39.8736],[147.7577,-39.8906],[147.79,-39.8998],[147.8003,-39.9076],[147.8042,-39.9166],[147.8353,-39.9013],[147.8609,-39.8979],[147.8847,-39.9185],[147.8922,-39.93],[147.9053,-39.9659],[147.9018,-39.9805],[147.903,-39.9912],[147.8958,-40],[147.886,-40.0011],[147.8814,-40.0118],[147.8693,-40.0098],[147.8569,-40.0211],[147.8767,-40.0222]]]]}},
{"type":"Feature","id":"TAS_FW002","properties":{"aac":"TAS_FW002","name":"North East","state":"tas","type":"fire weather district","source":"IDM00007"},"geometry":{"type":"MultiPolygon","coordinates":[[[[147.1751,-41.0089],[147.1643,-41.007],[147.1688,-41.0164],[147.1782,-41.0234],[147.1828,-41.0641],[147.1892,-41.0743],[147.2048,-41.1188],[147.2262,-41.1366],[147.2454,-41.1618],[147.2619,-41.1906],[147.2808,-41.2189],[147.2859,-41.2494],[147.2995,-41.2622],[147.3147,-41.2814],[147.3049,-41.3017],[147.2922,-41.3185],[147.2894,-41.3296],[147.3043,-41.3525],[147.3189,-41.3699],[147.3396,-41.3853],[147.3582,-41.3928],[147.3704,-41.4173],[147.4033,-41.4764],[147.4252,-41.4871],[147.4221,-41.4962],[147.4498,-41.5239],[147.4919,-41.5536],[147.5214,-41.5686],[147.5515,-41.5964],[147.5915,-41.6151],[147.6056,-41.629],[147.6318,-41.6498],[147.6601,-41.6591],[147.6775,-41.6454],[147.7329,-41.6341],[147.7743,-41.6237],[147.85,-41.6022],[147.9105,-41.5772],[147.9712,-41.5692],[148.0635,-41.5491],[148.1221,-41.541],[148.1699,-41.5325],[148.1966,-41.4443],[148.1834,-41.3287],[148.2054,-41.3056],[148.2927,-41.2432],[148.2835,-41.2252],[148.2808,-41.2126],[148.2743,-41.2079],[148.2702,-41.1933],[148.2722,-41.18],[148.284,-41.168],[148.2706,-41.1453],[148.2718,-41.1149],[148.2973,-41.0634],[148.2826,-41.0519],[148.2621,-41.0507],[148.2596,-41.0447],[148.2755,-41.0344],[148.2912,-41.0319],[148.2864,-41.0475],[148.2951,-41.0609],[148.2968,-41.0365],[148.3085,-41.0208],[148.335,-40.9952],[148.3486,-40.9925],[148.3442,-40.9873],[148.3294,-40.9907],[148.3155,-40.9781],[148.317,-40.9715],[148.3037,-40.9612],[148.3019,-40.9405],[148.2947,-40.9392],[148.2737,-40.9202],[148.2612,-40.8918],[148.2375,-40.886],[148.2252,-40.8751],[148.2194,-40.8626],[148.2238,-40.8464],[148.198,-40.8398],[148.1773,-40.8212],[148.1744,-40.8296],[148.1662,-40.8341],[148.1393,-40.8297],[148.1174,-40.8124],[148.1009,-40.7878],[148.0856,-40.7734],[148.0448,-40.7672],[148.0327,-40.7569],[148.0324,-40.7509],[148.0188,-40.753],[148.0113,-40.7456],[147.9775,-40.7411],[147.9502,-40.7464],[147.9393,-40.74],[147.9431,-40.7525],[147.954,-40.7519],[147.9602,-40.7572],[147.9545,-40.7751],[147.9441,-40.7762],[147.9468,-40.7932],[147.9207,-40.8321],[147.8832,-40.8724],[147.8766,-40.87],[147.8607,-40.8793],[147.8358,-40.8865],[147.7991,-40.8835],[147.7639,-40.8686],[147.7581,-40.8578],[147.7101,-40.8612],[147.6962,-40.8508],[147.6901,-40.8389],[147.6706,-40.8274],[147.6701,-40.8208],[147.644,-40.838],[147.6267,-40.8446],[147.6005,-40.8482],[147.5847,-40.8781],[147.5413,-40.9334],[147.5112,-40.9646],[147.4606,-40.9949],[147.4444,-41.0014],[147.4076,-41.0055],[147.3964,-41.0027],[147.3911,-40.9954],[147.3917,-40.9849],[147.3852,-40.9802],[147.359,-40.9772],[147.3533,-40.9609],[147.3551,-40.9532],[147.3457,-40.9394],[147.324,-40.9525],[147.2996,-40.9574],[147.2852,-40.9521],[147.2791,-40.9422],[147.2497,-40.9534],[147.2419,-40.9695],[147.2172,-40.9933],[147.204,-40.9999],[147.1947,-40.9988],[147.1751,-41.0089]]],[[[148.0998,-40.7388],[148.1072,-40.7428],[148.1237,-40.7348],[148.1188,-40.727],[148.1085,-40.7338],[148.0936,-40.7349],[148.0936,-40.7439],[148.0998,-40.7388]]]]}},
{"type":"Feature","id":"TAS_FW003","properties":{"aac":"TAS_FW003","name":"East Coast","state":"tas","type":"fire weather district","source":"IDM00007"},"geometry":{"type":"MultiPolygon","coordinates":[[[[148.1205,-42.6682],[148.135,-42.6604],[148.1437,-42.6673],[148.1542,-42.6529],[148.1691,-42.649],[148.1519,-42.641],[148.1372,-42.6241],[148.1386,-42.6079],[148.1303,-42.6026],[148.1214,-42.5849],[148.0904,-42.5844],[148.0733,-42.5693],[148.0497,-42.5978],[148.0499,-42.6054],[148.0274,-42.63],[148.0355,-42.6345],[148.0394,-42.6472],[148.0282,-42.658],[148.0131,-42.6612],[148.0261,-42.6682],[148.0379,-42.6656],[148.0424,-42.6565],[148.0508,-42.6557],[148.0628,-42.6632],[148.0668,-42.6789],[148.0583,-42.6854],[148.0471,-42.6822],[148.0397,-42.6849],[148.0271,-42.7126],[148.0136,-42.7201],[148.0155,-42.7422],[148.0256,-42.7403],[148.0486,-42.7231],[148.0688,-42.7261],[148.0939,-42.7203],[148.0966,-42.7112],[148.0882,-42.6982],[148.0881,-42.6894],[148.07,-42.683],[148.0704,-42.6735],[148.0818,-42.6621],[148.1129,-42.66],[148.1205,-42.6682]]],[[[148.3038,-42.2949],[148.2926,-42.2931],[148.2804,-42.3002],[148.2553,-42.2926],[148.2371,-42.307],[148.2377,-42.3166],[148.2489,-42.3274],[148.2639,-42.3297],[148.2778,-42.3251],[148.2869,-42.3329],[148.3146,-42.3449],[148.3467,-42.3414],[148.3278,-42.3344],[148.3263,-42.3264],[148.3327,-42.3226],[148.3181,-42.3215],[148.318,-42.305],[148.3038,-42.2949]]],[[[148.3012,-41.2521],[148.2927,-41.2432],[148.2054,-41.3056],[148.1834,-41.3287],[148.1966,-41.4443],[148.1699,-41.5325],[148.1221,-41.541],[148.0635,-41.5491],[147.9712,-41.5692],[147.9105,-41.5772],[147.85,-41.6022],[147.7743,-41.6237],[147.7329,-41.6341],[147.6775,-41.6454],[147.6601,-41.6591],[147.6318,-41.6498],[147.6315,-41.6505],[147.5544,-41.8034],[147.603,-41.8823],[147.6745,-41.9683],[147.6965,-42.0823],[147.747,-42.2216],[147.6829,-42.3353],[147.682,-42.4087],[147.6705,-42.5002],[147.6453,-42.611],[147.6409,-42.63],[147.6278,-42.7317],[147.653,-42.7579],[147.6928,-42.8031],[147.7223,-42.8421],[147.7655,-42.873],[147.8069,-42.8823],[147.8125,-42.8895],[147.828,-42.8794],[147.8293,-42.868],[147.8418,-42.8579],[147.8449,-42.8451],[147.8533,-42.8437],[147.8626,-42.8199],[147.8682,-42.8246],[147.8708,-42.8368],[147.8813,-42.845],[147.8732,-42.8314],[147.8693,-42.8037],[147.8793,-42.767],[147.9017,-42.743],[147.9296,-42.7382],[147.9468,-42.7279],[147.943,-42.7137],[147.9479,-42.709],[147.9396,-42.7005],[147.9462,-42.6897],[147.9576,-42.6852],[147.9629,-42.6705],[147.9544,-42.6612],[147.9571,-42.6471],[147.9325,-42.6332],[147.9468,-42.6077],[147.9169,-42.5894],[147.9034,-42.5662],[147.8944,-42.569],[147.8813,-42.5669],[147.8791,-42.5555],[147.8887,-42.5458],[147.911,-42.5489],[147.9162,-42.5463],[147.9136,-42.5313],[147.8991,-42.5229],[147.9135,-42.5108],[147.9295,-42.5311],[147.9327,-42.5502],[147.9419,-42.5475],[147.9552,-42.552],[147.9592,-42.5323],[147.9686,-42.5293],[147.9695,-42.5206],[147.9835,-42.5164],[147.9945,-42.527],[148.0118,-42.5091],[147.9974,-42.502],[147.9965,-42.4795],[148.0131,-42.4511],[148.0107,-42.4404],[148.0004,-42.4385],[147.9962,-42.421],[147.9814,-42.4053],[147.9924,-42.3854],[148.0099,-42.3737],[148.0108,-42.363],[148.0271,-42.3503],[148.016,-42.3259],[148.019,-42.3155],[147.992,-42.3142],[147.9931,-42.3183],[147.9805,-42.3259],[147.9777,-42.3319],[147.984,-42.3367],[147.9701,-42.3414],[147.9638,-42.3393],[147.9593,-42.3531],[147.9556,-42.3439],[147.9375,-42.3481],[147.9336,-42.3396],[147.9718,-42.3327],[147.9702,-42.3251],[147.9816,-42.3103],[148.0016,-42.3091],[148.0006,-42.3036],[148.0109,-42.2881],[148.0159,-42.2685],[148.0285,-42.2614],[148.0135,-42.249],[148.0147,-42.2392],[148.0306,-42.225],[148.0328,-42.2177],[148.0467,-42.2096],[148.0463,-42.2022],[148.067,-42.1924],[148.0727,-42.1756],[148.0824,-42.1676],[148.0767,-42.1532],[148.0819,-42.1438],[148.0769,-42.1335],[148.0821,-42.1273],[148.0727,-42.1143],[148.0816,-42.1054],[148.1041,-42.0957],[148.1421,-42.0913],[148.2272,-42.0986],[148.2341,-42.095],[148.206,-42.0848],[148.1835,-42.0823],[148.169,-42.0855],[148.1542,-42.0759],[148.1296,-42.0807],[148.1157,-42.0771],[148.1167,-42.0721],[148.129,-42.0622],[148.152,-42.0626],[148.1624,-42.0546],[148.1621,-42.0394],[148.1438,-42.0318],[148.144,-42.0176],[148.1541,-42.0053],[148.1704,-41.9973],[148.1735,-42.0094],[148.1987,-42.021],[148.2174,-42.0035],[148.2161,-41.989],[148.2225,-41.9903],[148.2315,-41.9841],[148.2424,-41.9885],[148.2433,-42.0007],[148.2151,-42.0359],[148.2056,-42.0394],[148.1927,-42.0367],[148.1735,-42.0432],[148.1707,-42.0562],[148.1567,-42.0663],[148.158,-42.0758],[148.1729,-42.0792],[148.1892,-42.0777],[148.196,-42.0684],[148.2086,-42.0681],[148.211,-42.0782],[148.2419,-42.0917],[148.2363,-42.0985],[148.244,-42.1052],[148.2483,-42.1167],[148.2677,-42.1123],[148.2845,-42.1218],[148.2842,-42.1284],[148.2966,-42.1255],[148.3022,-42.1328],[148.2978,-42.1404],[148.2739,-42.1485],[148.2617,-42.1616],[148.2611,-42.168],[148.2757,-42.1713],[148.292,-42.1927],[148.2904,-42.1993],[148.277,-42.208],[148.2707,-42.2259],[148.2515,-42.2323],[148.2523,-42.2435],[148.2586,-42.2524],[148.2731,-42.2571],[148.2797,-42.2549],[148.2904,-42.2615],[148.2926,-42.2813],[148.2988,-42.283],[148.3147,-42.277],[148.3079,-42.2709],[148.3208,-42.2648],[148.3249,-42.2535],[148.3235,-42.24],[148.3283,-42.2304],[148.347,-42.223],[148.3436,-42.2123],[148.3559,-42.1935],[148.3514,-42.1869],[148.3554,-42.1805],[148.3399,-42.1816],[148.3156,-42.1698],[148.3047,-42.1752],[148.2978,-42.1667],[148.3007,-42.1618],[148.3133,-42.1608],[148.3245,-42.1493],[148.3201,-42.1333],[148.3379,-42.1327],[148.3351,-42.1267],[148.3455,-42.1215],[148.3406,-42.1032],[148.3331,-42.1056],[148.3262,-42.0965],[148.3245,-42.083],[148.317,-42.0767],[148.31,-42.0573],[148.2983,-42.0577],[148.2875,-42.0463],[148.2838,-42.0364],[148.2842,-41.9987],[148.2922,-41.9741],[148.2987,-41.9654],[148.3101,-41.9619],[148.3022,-41.951],[148.3026,-41.9366],[148.32,-41.9252],[148.3233,-41.9173],[148.3044,-41.8922],[148.3046,-41.8835],[148.3111,-41.8743],[148.3,-41.8731],[148.2882,-41.8666],[148.2728,-41.8505],[148.2672,-41.8364],[148.2643,-41.8068],[148.2663,-41.7939],[148.2823,-41.7609],[148.2921,-41.7497],[148.303,-41.7485],[148.3025,-41.7393],[148.2883,-41.7339],[148.2844,-41.7178],[148.2881,-41.7005],[148.2954,-41.6935],[148.289,-41.6861],[148.2905,-41.6663],[148.2986,-41.6477],[148.3157,-41.6336],[148.3197,-41.6193],[148.3168,-41.5754],[148.3064,-41.5696],[148.2996,-41.5575],[148.2896,-41.5575],[148.283,-41.5468],[148.286,-41.5421],[148.2796,-41.5154],[148.266,-41.4854],[148.2669,-41.4602],[148.2708,-41.4438],[148.2778,-41.4351],[148.2796,-41.4142],[148.2903,-41.3983],[148.2928,-41.3769],[148.3124,-41.3485],[148.3262,-41.3075],[148.3428,-41.2902],[148.3591,-41.2803],[148.3553,-41.2743],[148.3318,-41.2827],[148.3245,-41.2973],[148.3117,-41.3056],[148.3098,-41.3158],[148.2916,-41.324],[148.2733,-41.3382],[148.2639,-41.3397],[148.2508,-41.3236],[148.2682,-41.3215],[148.2777,-41.3124],[148.2709,-41.3083],[148.2748,-41.2907],[148.2817,-41.2815],[148.2919,-41.2824],[148.297,-41.2888],[148.2913,-41.3036],[148.3115,-41.2993],[148.31,-41.2881],[148.3309,-41.2743],[148.3386,-41.257],[148.3298,-41.2486],[148.319,-41.2545],[148.3121,-41.2473],[148.3012,-41.2521]]]]}},
{"type":"Feature","id":"TAS_FW004","properties":{"aac":"TAS_FW004","name":"Central North","state":"tas","type":"fire weather district","source":"IDM00007"},"geometry":{"type":"Polygon","coordinates":[[[147.6315,-41.6505],[147.6318,-41.6498],[147.6056,-41.629],[147.5915,-41.6151],[147.5515,-41.5964],[147.5214,-41.5686],[147.4919,-41.5536],[147.4498,-41.5239],[147.4221,-41.4962],[147.4252,-41.4871],[147.4033,-41.4764],[147.3704,-41.4173],[147.3582,-41.3928],[147.3396,-41.3853],[147.3189,-41.3699],[147.3043,-41.3525],[147.2894,-41.3296],[147.2922,-41.3185],[147.3049,-41.3017],[147.3147,-41.2814],[147.2995,-41.2622],[147.2859,-41.2494],[147.2808,-41.2189],[147.2619,-41.1906],[147.2454,-41.1618],[147.2262,-41.1366],[147.2048,-41.1188],[147.1892,-41.0743],[147.1828,-41.0641],[147.1782,-41.0234],[147.1688,-41.0164],[147.1643,-41.007],[147.1485,-41.012],[147.1196,-41.0004],[147.115,-40.9952],[147.1004,-40.9979],[147.0893,-40.9938],[147.0823,-40.9982],[147.07,-40.9982],[147.0591,-40.988],[147.0322,-40.9904],[147.0207,-40.9808],[147.0084,-40.9861],[146.995,-40.9864],[146.9907,-40.9937],[146.9519,-41.0234],[146.9205,-41.0302],[146.9063,-41.0268],[146.8932,-41.0292],[146.8815,-41.0187],[146.8744,-41.0189],[146.865,-41.0288],[146.829,-41.0427],[146.8205,-41.0543],[146.806,-41.063],[146.7877,-41.0541],[146.7894,-41.0601],[146.8041,-41.0705],[146.8046,-41.079],[146.8115,-41.0832],[146.8156,-41.1066],[146.8246,-41.1138],[146.8185,-41.1236],[146.8288,-41.1362],[146.855,-41.1389],[146.8746,-41.1309],[146.8845,-41.1316],[146.9092,-41.1425],[146.9155,-41.1549],[146.9509,-41.1791],[146.9251,-41.1872],[146.9228,-41.1947],[146.9288,-41.2028],[146.9162,-41.2066],[146.9144,-41.2155],[146.922,-41.2194],[146.9439,-41.2085],[146.9459,-41.2281],[146.964,-41.2358],[146.974,-41.2353],[146.9767,-41.243],[146.9901,-41.2489],[147.0047,-41.2677],[147.0152,-41.2743],[147.0137,-41.2828],[146.9995,-41.2845],[146.9788,-41.2981],[146.9774,-41.3071],[146.9987,-41.3157],[147.0254,-41.3144],[147.0417,-41.3185],[147.0455,-41.3354],[147.0625,-41.3293],[147.0746,-41.3317],[147.0828,-41.3424],[147.0754,-41.3504],[147.0779,-41.3624],[147.0914,-41.3749],[147.0942,-41.3851],[147.108,-41.3927],[147.1072,-41.3997],[147.0896,-41.3963],[147.0743,-41.3825],[147.0756,-41.3668],[147.0694,-41.3525],[147.0773,-41.3402],[147.0587,-41.3349],[147.0552,-41.3402],[147.0339,-41.3504],[147.012,-41.3317],[147.0069,-41.3218],[146.9872,-41.3206],[146.9711,-41.3088],[146.9693,-41.2954],[146.9745,-41.293],[146.979,-41.2811],[146.9679,-41.2623],[146.9721,-41.2557],[146.966,-41.2513],[146.955,-41.2599],[146.9462,-41.2596],[146.9453,-41.2534],[146.9349,-41.2426],[146.9331,-41.2307],[146.9003,-41.2077],[146.9147,-41.1972],[146.9179,-41.1836],[146.9293,-41.1778],[146.9233,-41.1693],[146.8773,-41.1497],[146.8575,-41.171],[146.8344,-41.1632],[146.8495,-41.1855],[146.8383,-41.1908],[146.8327,-41.1861],[146.8383,-41.1762],[146.8264,-41.1703],[146.8237,-41.1502],[146.8158,-41.1444],[146.7989,-41.148],[146.7912,-41.1459],[146.7719,-41.1646],[146.768,-41.1501],[146.7791,-41.1493],[146.7903,-41.139],[146.8014,-41.1342],[146.8137,-41.1393],[146.8107,-41.118],[146.7764,-41.0824],[146.7612,-41.0781],[146.745,-41.0842],[146.7408,-41.0774],[146.7311,-41.077],[146.7156,-41.0641],[146.7082,-41.0634],[146.7143,-41.0737],[146.6915,-41.0928],[146.6735,-41.1008],[146.6563,-41.0931],[146.6445,-41.0953],[146.6481,-41.11],[146.6374,-41.1149],[146.6352,-41.1221],[146.6193,-41.1342],[146.5906,-41.1455],[146.565,-41.1477],[146.5618,-41.1573],[146.567,-41.1631],[146.5804,-41.1558],[146.6004,-41.1574],[146.5956,-41.1663],[146.5829,-41.1713],[146.5831,-41.1899],[146.5785,-41.1971],[146.5851,-41.1997],[146.5844,-41.2206],[146.5776,-41.2277],[146.614,-41.2755],[146.6359,-41.3094],[146.649,-41.3334],[146.6632,-41.3694],[146.6817,-41.4055],[146.7134,-41.4601],[146.7254,-41.4852],[146.744,-41.53],[146.7637,-41.589],[146.7757,-41.6534],[146.7789,-41.7003],[146.7785,-41.7134],[146.7807,-41.7043],[146.7987,-41.699],[146.7996,-41.6926],[146.8284,-41.6924],[146.8404,-41.6972],[146.8475,-41.7074],[146.8603,-41.7168],[146.8629,-41.7254],[146.8568,-41.7428],[146.8742,-41.7496],[146.8654,-41.7587],[146.8401,-41.7675],[146.8567,-41.7744],[146.8664,-41.775],[146.8749,-41.7813],[146.8775,-41.7894],[146.8688,-41.8],[146.8905,-41.804],[146.9004,-41.8133],[146.9216,-41.816],[147.3389,-41.7472],[147.6315,-41.6505]]]}},
{"type":"Feature","id":"TAS_FW005","properties":{"aac":"TAS_FW005","name":"Midlands","state":"tas","type":"fire weather district","source":"IDM00007"},"geometry":{"type":"Polygon","coordinates":[[[147.1543,-42.6436],[147.1669,-42.6808],[147.1991,-42.6936],[147.2144,-42.6849],[147.235,-42.6801],[147.2627,-42.6796],[147.2957,-42.6843],[147.3211,-42.6842],[147.338,-42.6637],[147.3774,-42.6492],[147.4033,-42.6456],[147.4257,-42.6477],[147.4692,-42.6401],[147.4874,-42.6292],[147.5121,-42.6216],[147.5496,-42.6075],[147.6297,-42.6089],[147.6453,-42.611],[147.6705,-42.5002],[147.682,-42.4087],[147.6829,-42.3353],[147.747,-42.2216],[147.6965,-42.0823],[147.6745,-41.9683],[147.603,-41.8823],[147.5544,-41.8034],[147.6315,-41.6505],[147.3389,-41.7472],[146.9216,-41.816],[146.9004,-41.8133],[146.9205,-41.8279],[146.9368,-41.8271],[146.9727,-41.833],[146.9891,-41.8411],[146.9923,-41.8501],[146.9926,-41.868],[147.0044,-41.8848],[147.024,-41.883],[147.0258,-41.8893],[147.0562,-41.899],[147.0624,-41.908],[147.0943,-41.9245],[147.1142,-41.9279],[147.1248,-41.9233],[147.141,-41.909],[147.1596,-41.9023],[147.1721,-41.9094],[147.1948,-41.9441],[147.1952,-41.9622],[147.2209,-41.9981],[147.2268,-42.0274],[147.2476,-42.0473],[147.2488,-42.0584],[147.2417,-42.0648],[147.2541,-42.0812],[147.2564,-42.0903],[147.2507,-42.0964],[147.257,-42.1084],[147.2634,-42.1079],[147.2798,-42.1273],[147.2813,-42.1434],[147.2868,-42.1529],[147.2746,-42.1633],[147.2922,-42.1623],[147.2993,-42.172],[147.3494,-42.1855],[147.3513,-42.1924],[147.3632,-42.2085],[147.3744,-42.215],[147.3646,-42.233],[147.3478,-42.2409],[147.3342,-42.2356],[147.3168,-42.2458],[147.2957,-42.2477],[147.2771,-42.2617],[147.2361,-42.2831],[147.199,-42.3535],[147.1554,-42.3915],[147.1518,-42.4212],[147.1581,-42.4582],[147.1457,-42.5568],[147.1543,-42.6436]]]}},
{"type":"Feature","id":"TAS_FW006","properties":{"aac":"TAS_FW006","name":"South East","state":"tas","type":"fire weather district","source":"IDM00007"},"geometry":{"type":"MultiPolygon","coordinates":[[[[147.3568,-43.2589],[147.3299,-43.2871],[147.3075,-43.2965],[147.2991,-43.2729],[147.3022,-43.2628],[147.2956,-43.2547],[147.2923,-43.2404],[147.2858,-43.2671],[147.2729,-43.2744],[147.271,-43.2951],[147.2532,-43.299],[147.2439,-43.3066],[147.2418,-43.3265],[147.2229,-43.3391],[147.2238,-43.3509],[147.232,-43.3556],[147.2344,-43.3634],[147.2183,-43.3619],[147.2191,-43.376],[147.2079,-43.3825],[147.1993,-43.379],[147.2007,-43.3691],[147.1966,-43.3608],[147.1862,-43.3572],[147.1896,-43.349],[147.1794,-43.3516],[147.1863,-43.3865],[147.1757,-43.3938],[147.1716,-43.4052],[147.1767,-43.4213],[147.1857,-43.4174],[147.1925,-43.4282],[147.175,-43.4373],[147.1812,-43.4415],[147.1723,-43.4506],[147.1809,-43.4576],[147.1608,-43.4633],[147.1539,-43.4579],[147.133,-43.4323],[147.1271,-43.4193],[147.1168,-43.4115],[147.1013,-43.411],[147.0933,-43.4198],[147.0998,-43.4328],[147.1144,-43.4362],[147.1262,-43.4523],[147.1337,-43.4538],[147.1376,-43.4646],[147.134,-43.4817],[147.1422,-43.4873],[147.139,-43.4921],[147.1477,-43.4947],[147.1514,-43.4858],[147.1583,-43.4829],[147.1797,-43.4901],[147.1859,-43.4804],[147.1807,-43.4706],[147.1936,-43.4662],[147.2036,-43.4537],[147.2023,-43.4379],[147.2178,-43.4363],[147.2494,-43.4436],[147.2561,-43.4582],[147.2509,-43.4651],[147.2425,-43.4659],[147.2457,-43.4878],[147.2506,-43.4927],[147.2636,-43.4875],[147.2703,-43.4965],[147.2835,-43.5052],[147.2906,-43.5048],[147.2953,-43.5153],[147.3167,-43.501],[147.3236,-43.502],[147.3287,-43.4936],[147.3215,-43.4694],[147.3328,-43.4406],[147.3448,-43.4363],[147.3388,-43.4229],[147.3484,-43.4155],[147.3495,-43.4049],[147.3602,-43.4013],[147.3656,-43.3908],[147.3799,-43.3893],[147.3821,-43.3642],[147.3674,-43.3497],[147.3506,-43.3676],[147.3405,-43.3668],[147.3287,-43.3588],[147.3228,-43.3441],[147.3252,-43.3227],[147.3211,-43.3094],[147.3279,-43.294],[147.3531,-43.2678],[147.3942,-43.2442],[147.4169,-43.2404],[147.4227,-43.2524],[147.4312,-43.2511],[147.4335,-43.2269],[147.4278,-43.2076],[147.4124,-43.2011],[147.4091,-43.189],[147.4136,-43.1803],[147.4091,-43.1679],[147.3932,-43.1636],[147.3948,-43.1371],[147.4007,-43.1266],[147.3901,-43.121],[147.3856,-43.1049],[147.3773,-43.1007],[147.3746,-43.0887],[147.3637,-43.0871],[147.3668,-43.0705],[147.3585,-43.0633],[147.3512,-43.0634],[147.345,-43.0753],[147.3229,-43.0917],[147.3168,-43.1087],[147.3068,-43.1122],[147.3149,-43.1186],[147.3304,-43.1149],[147.3231,-43.1257],[147.3331,-43.1287],[147.338,-43.1194],[147.346,-43.1212],[147.3516,-43.1304],[147.3306,-43.1412],[147.3298,-43.1516],[147.3079,-43.1362],[147.2844,-43.1437],[147.2917,-43.1454],[147.296,-43.157],[147.2835,-43.158],[147.2765,-43.1657],[147.2853,-43.1707],[147.299,-43.169],[147.2994,-43.1801],[147.3377,-43.1692],[147.3437,-43.1736],[147.3302,-43.1821],[147.3545,-43.1858],[147.3627,-43.1755],[147.379,-43.1766],[147.3845,-43.182],[147.3868,-43.1958],[147.3833,-43.207],[147.3762,-43.2141],[147.3644,-43.2083],[147.3478,-43.2196],[147.3565,-43.2284],[147.3538,-43.2409],[147.3595,-43.2499],[147.3568,-43.2589]]],[[[148.0034,-43.2309],[147.9971,-43.2356],[148,-43.2455],[148.0095,-43.2373],[148.0034,-43.2309]]],[[[147.6409,-42.63],[147.6453,-42.611],[147.6297,-42.6089],[147.5496,-42.6075],[147.5121,-42.6216],[147.4874,-42.6292],[147.4692,-42.6401],[147.4257,-42.6477],[147.4033,-42.6456],[147.3774,-42.6492],[147.338,-42.6637],[147.3211,-42.6842],[147.2957,-42.6843],[147.2627,-42.6796],[147.235,-42.6801],[147.2144,-42.6849],[147.1991,-42.6936],[147.1669,-42.6808],[147.1568,-42.8057],[147.1369,-42.8437],[147.0948,-42.8492],[147.0612,-42.8601],[147.0464,-42.874],[147.037,-42.8926],[147.0286,-42.9004],[146.978,-42.8957],[146.9707,-42.9027],[146.9654,-42.926],[146.9527,-42.9578],[146.9168,-42.9826],[146.7223,-43.0025],[146.7143,-43.1394],[146.686,-43.2336],[146.7171,-43.278],[146.715,-43.4207],[146.6958,-43.4874],[146.6698,-43.5169],[146.6877,-43.5668],[146.7117,-43.6262],[146.7248,-43.6305],[146.7461,-43.6101],[146.7547,-43.6086],[146.7648,-43.6136],[146.7713,-43.608],[146.7816,-43.6094],[146.7873,-43.5999],[146.8185,-43.6065],[146.8336,-43.6165],[146.839,-43.6309],[146.8265,-43.6387],[146.8272,-43.6429],[146.8452,-43.6332],[146.8502,-43.6366],[146.8635,-43.6322],[146.8714,-43.6365],[146.8745,-43.6227],[146.8866,-43.6154],[146.8945,-43.616],[146.9216,-43.5992],[146.9185,-43.5859],[146.9242,-43.5813],[146.9157,-43.569],[146.8932,-43.5828],[146.888,-43.5786],[146.8873,-43.5664],[146.9037,-43.5624],[146.8936,-43.5592],[146.8885,-43.5519],[146.8937,-43.5421],[146.8909,-43.5354],[146.897,-43.5266],[146.9074,-43.522],[146.9112,-43.5324],[146.9045,-43.5396],[146.9174,-43.5465],[146.9338,-43.534],[146.9534,-43.533],[146.957,-43.5269],[146.9564,-43.5102],[146.978,-43.4935],[146.9716,-43.491],[146.9537,-43.5096],[146.9447,-43.5117],[146.9438,-43.5023],[146.9293,-43.4944],[146.9363,-43.4902],[146.9425,-43.478],[146.96,-43.476],[146.9716,-43.4689],[146.9817,-43.4738],[146.9816,-43.4873],[147.0032,-43.4788],[146.9966,-43.4616],[146.9848,-43.4552],[146.9699,-43.4555],[146.9604,-43.4479],[146.9493,-43.4529],[146.9377,-43.4472],[146.9421,-43.4402],[146.9166,-43.4467],[146.9191,-43.4387],[146.9287,-43.4349],[146.9228,-43.4178],[146.9351,-43.4255],[146.9507,-43.447],[146.96,-43.4466],[146.9649,-43.4359],[146.974,-43.4322],[146.987,-43.4409],[146.9952,-43.4337],[147.0086,-43.4354],[147.0188,-43.4427],[147.0274,-43.4349],[147.0239,-43.4274],[147.014,-43.422],[147.0248,-43.4108],[147.0187,-43.4025],[147.0318,-43.3961],[147.0334,-43.3864],[147.0479,-43.3792],[147.0541,-43.3574],[147.061,-43.3553],[147.0471,-43.3466],[147.0337,-43.3447],[147.0209,-43.3336],[147.0078,-43.3426],[147.0049,-43.3236],[147.0133,-43.3159],[147.0474,-43.3126],[147.0554,-43.3167],[147.0597,-43.3289],[147.0664,-43.3321],[147.0714,-43.3251],[147.0683,-43.3183],[147.0764,-43.3111],[147.0818,-43.2922],[147.1001,-43.2917],[147.0981,-43.2796],[147.0731,-43.2674],[147.0651,-43.2557],[147.0652,-43.2487],[147.0386,-43.2397],[147.0209,-43.2234],[147.0083,-43.2203],[147.0029,-43.2142],[146.9927,-43.2152],[146.9942,-43.2057],[146.973,-43.2048],[146.9702,-43.1932],[146.9648,-43.1905],[146.9716,-43.1838],[146.9682,-43.1774],[146.9738,-43.1695],[146.9605,-43.1595],[146.9658,-43.1566],[146.9804,-43.1587],[146.9794,-43.1458],[146.9723,-43.1389],[146.9928,-43.1292],[146.9948,-43.1162],[147.007,-43.1194],[147.0038,-43.1364],[146.9974,-43.1466],[146.9999,-43.155],[146.9932,-43.1746],[146.9841,-43.1782],[146.9841,-43.1895],[147.0112,-43.1914],[147.0245,-43.2012],[147.0248,-43.2067],[147.0638,-43.224],[147.065,-43.2164],[147.084,-43.2068],[147.0732,-43.2023],[147.0874,-43.1917],[147.081,-43.1716],[147.085,-43.1649],[147.0936,-43.1706],[147.0939,-43.1811],[147.1043,-43.1849],[147.1012,-43.1899],[147.1065,-43.203],[147.1028,-43.2064],[147.116,-43.2091],[147.1144,-43.2136],[147.1,-43.2144],[147.0926,-43.219],[147.0995,-43.2382],[147.0905,-43.2433],[147.1037,-43.2517],[147.1261,-43.2424],[147.1307,-43.2472],[147.1444,-43.2497],[147.1422,-43.2543],[147.1466,-43.2718],[147.1688,-43.2828],[147.1891,-43.2761],[147.217,-43.2809],[147.2423,-43.2672],[147.2418,-43.2534],[147.2564,-43.2368],[147.2612,-43.2231],[147.2556,-43.1874],[147.2429,-43.182],[147.2397,-43.1746],[147.2484,-43.1655],[147.2391,-43.1619],[147.2391,-43.1539],[147.2517,-43.1328],[147.2626,-43.1308],[147.25,-43.1276],[147.2479,-43.1229],[147.2693,-43.1214],[147.2718,-43.1144],[147.2595,-43.1061],[147.2742,-43.1043],[147.2851,-43.1105],[147.2857,-43.1035],[147.3011,-43.088],[147.2915,-43.0791],[147.2576,-43.0713],[147.2644,-43.0656],[147.2677,-43.0438],[147.2733,-43.0417],[147.2796,-43.0259],[147.27,-43.0207],[147.2777,-43.0107],[147.2847,-43.0099],[147.2907,-43.0264],[147.3157,-43.0594],[147.3336,-43.058],[147.3449,-43.0477],[147.3245,-43.0055],[147.3315,-42.989],[147.3256,-42.983],[147.3399,-42.9731],[147.3473,-42.9532],[147.3569,-42.951],[147.3631,-42.9238],[147.3583,-42.9087],[147.3471,-42.9075],[147.3328,-42.899],[147.3404,-42.8903],[147.333,-42.884],[147.3428,-42.8773],[147.3372,-42.8743],[147.3367,-42.8636],[147.3214,-42.8553],[147.327,-42.8455],[147.3157,-42.8468],[147.3231,-42.8338],[147.2987,-42.8185],[147.2863,-42.8197],[147.2826,-42.8257],[147.2593,-42.8152],[147.2564,-42.8046],[147.2749,-42.7916],[147.2592,-42.7852],[147.2544,-42.7682],[147.2397,-42.7602],[147.2329,-42.7514],[147.2096,-42.7415],[147.1847,-42.7443],[147.1788,-42.7402],[147.1861,-42.7287],[147.2029,-42.7263],[147.2151,-42.7369],[147.2423,-42.7437],[147.2551,-42.7568],[147.2616,-42.7544],[147.267,-42.7797],[147.286,-42.7796],[147.2936,-42.7894],[147.282,-42.798],[147.2849,-42.8026],[147.321,-42.8168],[147.3188,-42.8248],[147.3465,-42.8509],[147.3596,-42.8488],[147.3514,-42.864],[147.3564,-42.8655],[147.3534,-42.8753],[147.3692,-42.8701],[147.3698,-42.8783],[147.4054,-42.8837],[147.4051,-42.8894],[147.4152,-42.9007],[147.4186,-42.9112],[147.4108,-42.9185],[147.4103,-42.9382],[147.4223,-42.9394],[147.4351,-42.9224],[147.4368,-42.9082],[147.459,-42.9111],[147.4795,-42.9065],[147.4858,-42.9126],[147.486,-42.9286],[147.478,-42.9181],[147.466,-42.923],[147.4645,-42.9312],[147.4555,-42.9404],[147.4542,-42.956],[147.4472,-42.964],[147.4498,-42.9727],[147.4664,-42.9695],[147.4758,-42.9754],[147.4798,-42.9844],[147.4692,-42.9989],[147.4737,-43.0185],[147.4668,-43.0276],[147.4489,-43.0316],[147.4295,-43.0255],[147.428,-43.0122],[147.4183,-43.0033],[147.4193,-42.9842],[147.4052,-42.9777],[147.4098,-42.9731],[147.4055,-42.9624],[147.402,-42.9735],[147.3929,-42.9754],[147.405,-42.9838],[147.3974,-43.0057],[147.4112,-43.0117],[147.4151,-43.0262],[147.4047,-43.0366],[147.4192,-43.0497],[147.4245,-43.0427],[147.4364,-43.038],[147.4764,-43.0322],[147.4942,-43.0232],[147.5216,-43.0204],[147.5204,-43.0149],[147.5287,-43.0064],[147.5243,-42.9933],[147.5544,-42.9857],[147.5506,-42.9674],[147.535,-42.9568],[147.5369,-42.9411],[147.5259,-42.9257],[147.5158,-42.9245],[147.5128,-42.9161],[147.5027,-42.9168],[147.4958,-42.9113],[147.5017,-42.8908],[147.5118,-42.8762],[147.5042,-42.8671],[147.5066,-42.8621],[147.5304,-42.8472],[147.5584,-42.8389],[147.5883,-42.8381],[147.6137,-42.8456],[147.5963,-42.8297],[147.5804,-42.8254],[147.5195,-42.8266],[147.514,-42.8117],[147.5044,-42.8124],[147.5032,-42.8192],[147.4922,-42.8274],[147.4823,-42.8265],[147.4716,-42.8177],[147.4735,-42.8125],[147.4613,-42.8093],[147.4372,-42.7836],[147.4541,-42.7736],[147.4525,-42.7651],[147.4686,-42.7715],[147.4542,-42.7817],[147.4873,-42.8028],[147.5154,-42.7833],[147.5217,-42.7856],[147.526,-42.8027],[147.5344,-42.8053],[147.539,-42.797],[147.5292,-42.7834],[147.5358,-42.7747],[147.5394,-42.7845],[147.5507,-42.7852],[147.5535,-42.7939],[147.5837,-42.7988],[147.592,-42.797],[147.5966,-42.7855],[147.6028,-42.8039],[147.5956,-42.8069],[147.6029,-42.8223],[147.6088,-42.8238],[147.61,-42.834],[147.6219,-42.8419],[147.6123,-42.8642],[147.6142,-42.8677],[147.6413,-42.8744],[147.6438,-42.8904],[147.6511,-42.8928],[147.6557,-42.8864],[147.6701,-42.8917],[147.6714,-42.8994],[147.6813,-42.9005],[147.6933,-42.8913],[147.7061,-42.894],[147.7239,-42.8865],[147.7293,-42.8984],[147.745,-42.895],[147.7669,-42.905],[147.7711,-42.8994],[147.7915,-42.9021],[147.7926,-42.8923],[147.8033,-42.8925],[147.8154,-42.8988],[147.8218,-42.9075],[147.8236,-42.9181],[147.813,-42.9306],[147.8333,-42.9351],[147.8366,-42.947],[147.8579,-42.9355],[147.8655,-42.9466],[147.8499,-42.9481],[147.8533,-42.9575],[147.8421,-42.957],[147.8314,-42.9648],[147.8118,-42.962],[147.8234,-42.9757],[147.8326,-42.9704],[147.8374,-42.9798],[147.8551,-42.9839],[147.8384,-42.9908],[147.8428,-42.9977],[147.8385,-43.0032],[147.8502,-43.0082],[147.8463,-43.0131],[147.8608,-43.0145],[147.869,-43.0108],[147.8885,-43.0203],[147.872,-43.0231],[147.8628,-43.0357],[147.8642,-43.0506],[147.8604,-43.0553],[147.8559,-43.0416],[147.8493,-43.0357],[147.8356,-43.0413],[147.8447,-43.0552],[147.8376,-43.0603],[147.8267,-43.0555],[147.8139,-43.06],[147.8055,-43.047],[147.7849,-43.048],[147.7736,-43.0547],[147.7669,-43.0331],[147.7597,-43.0442],[147.7495,-43.0435],[147.741,-43.014],[147.7287,-43.0256],[147.7229,-43.0134],[147.7082,-43.007],[147.7159,-42.9905],[147.7252,-42.985],[147.7269,-42.9761],[147.7372,-42.9691],[147.7281,-42.9643],[147.7325,-42.9571],[147.7217,-42.9496],[147.7149,-42.9556],[147.7018,-42.9531],[147.7009,-42.9444],[147.681,-42.9342],[147.6675,-42.9384],[147.6664,-42.9444],[147.6771,-42.9574],[147.6706,-42.9632],[147.6856,-42.9741],[147.6845,-42.9853],[147.6686,-42.9996],[147.6421,-42.993],[147.627,-42.9985],[147.6187,-43.0083],[147.623,-43.0358],[147.628,-43.0405],[147.6233,-43.0655],[147.6278,-43.0738],[147.6426,-43.0768],[147.6514,-43.0893],[147.672,-43.0866],[147.678,-43.0979],[147.6856,-43.1024],[147.7012,-43.0975],[147.7125,-43.1014],[147.7324,-43.0915],[147.7411,-43.0962],[147.7464,-43.1114],[147.7309,-43.1003],[147.7253,-43.1065],[147.7358,-43.1133],[147.732,-43.1245],[147.7055,-43.1218],[147.6929,-43.1324],[147.69,-43.1414],[147.6981,-43.1455],[147.6962,-43.1536],[147.7013,-43.1601],[147.6953,-43.169],[147.7055,-43.1785],[147.7155,-43.1784],[147.711,-43.1911],[147.7172,-43.1983],[147.7215,-43.1928],[147.7339,-43.2002],[147.746,-43.1975],[147.7442,-43.205],[147.7523,-43.2088],[147.7632,-43.2064],[147.7768,-43.2132],[147.7825,-43.2207],[147.7812,-43.2325],[147.7979,-43.2391],[147.8003,-43.2305],[147.7974,-43.2175],[147.8073,-43.2083],[147.8182,-43.2057],[147.8234,-43.1966],[147.8383,-43.1951],[147.8431,-43.188],[147.8652,-43.206],[147.8739,-43.2069],[147.8665,-43.1975],[147.8756,-43.1911],[147.8657,-43.1827],[147.8582,-43.1858],[147.8528,-43.1806],[147.8564,-43.1721],[147.8707,-43.1635],[147.8706,-43.1536],[147.8604,-43.1643],[147.8459,-43.1549],[147.8567,-43.1439],[147.8577,-43.1295],[147.8503,-43.1237],[147.8634,-43.1081],[147.8634,-43.1221],[147.8691,-43.1307],[147.8813,-43.123],[147.8868,-43.124],[147.8882,-43.1415],[147.8948,-43.1549],[147.8919,-43.1595],[147.8959,-43.1904],[147.9164,-43.1893],[147.9309,-43.1981],[147.9443,-43.1943],[147.9497,-43.2041],[147.9493,-43.2151],[147.9777,-43.2183],[147.9843,-43.2235],[147.9943,-43.2217],[148.0014,-43.2274],[148.0109,-43.2212],[147.9742,-43.2034],[147.9635,-43.191],[147.9642,-43.1835],[147.9794,-43.1682],[147.9834,-43.1561],[147.9908,-43.1539],[148.0054,-43.1386],[147.9917,-43.1407],[147.9831,-43.1355],[147.9714,-43.1349],[147.9638,-43.1424],[147.9546,-43.1366],[147.9551,-43.1255],[147.9797,-43.1232],[147.9803,-43.1071],[147.9684,-43.0992],[147.9649,-43.0842],[147.9546,-43.07],[147.9554,-43.0648],[147.9457,-43.0586],[147.9538,-43.0519],[147.9521,-43.0391],[147.9284,-43.0296],[147.9259,-43.0186],[147.9348,-43.007],[147.952,-43.0009],[147.9621,-42.9836],[147.9772,-42.9826],[148.0002,-42.9638],[147.988,-42.9504],[147.985,-42.9407],[147.9961,-42.9288],[147.9991,-42.9134],[147.9863,-42.9002],[147.9843,-42.89],[147.9736,-42.8829],[147.9581,-42.8817],[147.9727,-42.8732],[147.9715,-42.8642],[147.9443,-42.8772],[147.9384,-42.8763],[147.9225,-42.8638],[147.9224,-42.8513],[147.9063,-42.8424],[147.8923,-42.8426],[147.8697,-42.8732],[147.9053,-42.8824],[147.902,-42.899],[147.8759,-42.8879],[147.8709,-42.8936],[147.8543,-42.8894],[147.8196,-42.8949],[147.8125,-42.8895],[147.8069,-42.8823],[147.7655,-42.873],[147.7223,-42.8421],[147.6928,-42.8031],[147.653,-42.7579],[147.6278,-42.7317],[147.6409,-42.63]]]]}},
{"type":"Feature","id":"TAS_FW007","properties":{"aac":"TAS_FW007","name":"Upper Derwent Valley","state":"tas","type":"fire weather district","source":"IDM00007"},"geometry":{"type":"Polygon","coordinates":[[[147.1457,-42.5568],[147.1581,-42.4582],[147.1257,-42.4712],[147.082,-42.4712],[147.0383,-42.4648],[146.9373,-42.4074],[146.8999,-42.3638],[146.8389,-42.3369],[146.7543,-42.3266],[146.6011,-42.3206],[146.5426,-42.351],[146.4704,-42.3201],[146.444,-42.3364],[146.4188,-42.3631],[146.4573,-42.3983],[146.4904,-42.4159],[146.4539,-42.4475],[146.4654,-42.4654],[146.5163,-42.5027],[146.5564,-42.4825],[146.6012,-42.5067],[146.6284,-42.5448],[146.662,-42.5764],[146.684,-42.6635],[146.6839,-42.6949],[146.7164,-42.7061],[146.7577,-42.7044],[146.7828,-42.7118],[146.789,-42.7285],[146.7951,-42.7692],[146.7809,-42.7803],[146.7519,-42.7955],[146.6993,-42.8087],[146.6817,-42.8631],[146.7023,-42.8994],[146.7241,-42.9723],[146.7223,-43.0025],[146.9168,-42.9826],[146.9527,-42.9578],[146.9654,-42.926],[146.9707,-42.9027],[146.978,-42.8957],[147.0286,-42.9004],[147.037,-42.8926],[147.0464,-42.874],[147.0612,-42.8601],[147.0948,-42.8492],[147.1369,-42.8437],[147.1568,-42.8057],[147.1669,-42.6808],[147.1543,-42.6436],[147.1457,-42.5568]]]}},
{"type":"Feature","id":"TAS_FW008","properties":{"aac":"TAS_FW008","name":"Central Plateau","state":"tas","type":"fire weather district","source":"IDM00007"},"geometry":{"type":"Polygon","coordinates":[[[146.7807,-41.7043],[146.7785,-41.7134],[146.7603,-41.7062],[146.7441,-41.7048],[146.7395,-41.6969],[146.7262,-41.6917],[146.7049,-41.699],[146.6899,-41.6952],[146.6881,-41.7035],[146.6797,-41.7084],[146.6802,-41.7209],[146.6613,-41.7251],[146.6486,-41.7219],[146.6382,-41.7316],[146.6293,-41.7284],[146.6197,-41.731],[146.6145,-41.7382],[146.5981,-41.7296],[146.5786,-41.7343],[146.5682,-41.7273],[146.5405,-41.7302],[146.5407,-41.7148],[146.5444,-41.7092],[146.5352,-41.6975],[146.5405,-41.6939],[146.5647,-41.6962],[146.5729,-41.687],[146.5643,-41.6715],[146.5499,-41.6553],[146.5409,-41.6527],[146.5142,-41.6586],[146.4953,-41.6743],[146.4699,-41.6782],[146.4599,-41.6712],[146.4634,-41.6654],[146.453,-41.6505],[146.4415,-41.6477],[146.4266,-41.6518],[146.4068,-41.6383],[146.402,-41.6311],[146.3816,-41.6249],[146.3775,-41.6173],[146.3665,-41.6163],[146.3489,-41.6053],[146.2987,-41.5917],[146.2759,-41.5868],[146.1782,-41.5399],[146.1391,-41.5326],[146.1151,-41.5099],[146.0839,-41.476],[146.0563,-41.4533],[146.0025,-41.4353],[145.9301,-41.4135],[145.8541,-41.3931],[145.8243,-41.3437],[145.7698,-41.3239],[145.7308,-41.3311],[145.6792,-41.3578],[145.6767,-41.3777],[145.6582,-41.396],[145.633,-41.4139],[145.6197,-41.4204],[145.6076,-41.4327],[145.626,-41.4475],[145.6357,-41.4792],[145.6608,-41.5057],[145.6613,-41.5391],[145.6833,-41.5655],[145.6948,-41.6126],[145.6611,-41.6735],[145.6549,-41.7016],[145.6525,-41.7289],[145.6554,-41.7669],[145.6717,-41.8217],[145.6785,-41.8727],[145.689,-41.9159],[145.6978,-41.9694],[145.7176,-42.0124],[145.7302,-42.0489],[145.7721,-42.0894],[145.8108,-42.1052],[145.8728,-42.1149],[145.9155,-42.1153],[145.9568,-42.1221],[145.9977,-42.1579],[146.024,-42.1936],[146.0222,-42.2327],[146.0386,-42.2783],[146.054,-42.3076],[146.1231,-42.3509],[146.1753,-42.3813],[146.2363,-42.4026],[146.2839,-42.4156],[146.3338,-42.4496],[146.4048,-42.4591],[146.4539,-42.4475],[146.4904,-42.4159],[146.4573,-42.3983],[146.4188,-42.3631],[146.444,-42.3364],[146.4704,-42.3201],[146.5426,-42.351],[146.6011,-42.3206],[146.7543,-42.3266],[146.8389,-42.3369],[146.8999,-42.3638],[146.9373,-42.4074],[147.0383,-42.4648],[147.082,-42.4712],[147.1257,-42.4712],[147.1581,-42.4582],[147.1518,-42.4212],[147.1554,-42.3915],[147.199,-42.3535],[147.2361,-42.2831],[147.2771,-42.2617],[147.2957,-42.2477],[147.3168,-42.2458],[147.3342,-42.2356],[147.3478,-42.2409],[147.3646,-42.233],[147.3744,-42.215],[147.3632,-42.2085],[147.3513,-42.1924],[147.3494,-42.1855],[147.2993,-42.172],[147.2922,-42.1623],[147.2746,-42.1633],[147.2868,-42.1529],[147.2813,-42.1434],[147.2798,-42.1273],[147.2634,-42.1079],[147.257,-42.1084],[147.2507,-42.0964],[147.2564,-42.0903],[147.2541,-42.0812],[147.2417,-42.0648],[147.2488,-42.0584],[147.2476,-42.0473],[147.2268,-42.0274],[147.2209,-41.9981],[147.1952,-41.9622],[147.1948,-41.9441],[147.1721,-41.9094],[147.1596,-41.9023],[147.141,-41.909],[147.1248,-41.9233],[147.1142,-41.9279],[147.0943,-41.9245],[147.0624,-41.908],[147.0562,-41.899],[147.0258,-41.8893],[147.024,-41.883],[147.0044,-41.8848],[146.9926,-41.868],[146.9923,-41.8501],[146.9891,-41.8411],[146.9727,-41.833],[146.9368,-41.8271],[146.9205,-41.8279],[146.9004,-41.8133],[146.8905,-41.804],[146.8688,-41.8],[146.8775,-41.7894],[146.8749,-41.7813],[146.8664,-41.775],[146.8567,-41.7744],[146.8401,-41.7675],[146.8654,-41.7587],[146.8742,-41.7496],[146.8568,-41.7428],[146.8629,-41.7254],[146.8603,-41.7168],[146.8475,-41.7074],[146.8404,-41.6972],[146.8284,-41.6924],[146.7996,-41.6926],[146.7987,-41.699],[146.7807,-41.7043]],[[147.1467,-42.1536],[147.1536,-42.1392],[147.1685,-42.1425],[147.1718,-42.1526],[147.1926,-42.1599],[147.199,-42.1713],[147.1872,-42.1835],[147.1949,-42.1985],[147.1904,-42.2042],[147.169,-42.2063],[147.158,-42.1987],[147.1447,-42.1816],[147.1447,-42.1756],[147.1554,-42.1663],[147.1493,-42.1632],[147.1467,-42.1536]],[[146.9678,-41.9501],[146.9813,-41.95],[146.9725,-41.9697],[146.9748,-41.9884],[146.957,-42.0036],[146.9519,-42.0151],[146.9432,-42.0231],[146.9199,-42.0317],[146.9147,-42.0225],[146.8953,-42.0311],[146.8907,-42.0266],[146.8901,-42.013],[146.8838,-42.0093],[146.8887,-42.0006],[146.8712,-41.9997],[146.86,-41.9946],[146.8763,-41.9681],[146.902,-41.9736],[146.9063,-41.9673],[146.8979,-41.9317],[146.9055,-41.9129],[146.9134,-41.9175],[146.908,-41.929],[146.9145,-41.9352],[146.9314,-41.9326],[146.9408,-41.9368],[146.9483,-41.9335],[146.9639,-41.9409],[146.9678,-41.9501]],[[147.1816,-42.0729],[147.2041,-42.0757],[147.234,-42.0943],[147.2327,-42.0997],[147.2206,-42.1103],[147.2006,-42.1142],[147.1993,-42.1285],[147.1899,-42.127],[147.1883,-42.1449],[147.1723,-42.1439],[147.1696,-42.1322],[147.1637,-42.1299],[147.146,-42.1377],[147.1312,-42.1311],[147.1159,-42.1333],[147.1147,-42.1215],[147.1361,-42.1222],[147.1419,-42.1289],[147.1541,-42.1053],[147.1494,-42.1009],[147.1354,-42.1159],[147.1129,-42.1142],[147.1056,-42.1055],[147.1254,-42.0695],[147.1332,-42.0636],[147.1482,-42.0653],[147.1567,-42.0766],[147.1816,-42.0729]],[[146.8183,-41.8648],[146.825,-41.8748],[146.8155,-41.8822],[146.8016,-41.8719],[146.7714,-41.8772],[146.7558,-41.876],[146.7627,-41.8826],[146.7828,-41.8804],[146.7874,-41.8849],[146.7902,-41.9059],[146.7814,-41.9187],[146.7773,-41.9361],[146.7806,-41.9484],[146.7989,-41.9507],[146.796,-41.9577],[146.7995,-41.967],[146.7923,-41.9734],[146.7818,-41.961],[146.7706,-41.9587],[146.7596,-41.9718],[146.7472,-41.9784],[146.7227,-41.9795],[146.7076,-41.9888],[146.6976,-41.9834],[146.689,-41.9893],[146.6806,-41.9816],[146.6873,-41.9675],[146.7057,-41.9718],[146.7153,-41.9697],[146.6826,-41.9557],[146.69,-41.9533],[146.6878,-41.9406],[146.695,-41.9398],[146.6894,-41.9304],[146.691,-41.9211],[146.7001,-41.9223],[146.7077,-41.9167],[146.6975,-41.9094],[146.6985,-41.8845],[146.7096,-41.8881],[146.7193,-41.8863],[146.7092,-41.867],[146.6808,-41.8337],[146.6759,-41.8144],[146.6848,-41.8088],[146.6823,-41.7951],[146.6955,-41.7924],[146.6945,-41.7871],[146.7052,-41.791],[146.7083,-41.7816],[146.7355,-41.7794],[146.7308,-41.8021],[146.7427,-41.8137],[146.7653,-41.8122],[146.7712,-41.832],[146.7848,-41.827],[146.8034,-41.8309],[146.8094,-41.8228],[146.827,-41.8224],[146.8334,-41.8523],[146.8259,-41.852],[146.8183,-41.8648]]]}},
{"type":"Feature","id":"TAS_FW009","properties":{"aac":"TAS_FW009","name":"Western","state":"tas","type":"fire weather district","source":"IDM00007"},"geometry":{"type":"MultiPolygon","coordinates":[[[[146.2765,-43.6366],[146.268,-43.6577],[146.2734,-43.6585],[146.2872,-43.6521],[146.2765,-43.6366]]],[[[146.339,-43.5901],[146.3424,-43.604],[146.3567,-43.6074],[146.377,-43.5988],[146.3769,-43.5863],[146.339,-43.5901]]],[[[146.2768,-42.9937],[146.2658,-42.9993],[146.2618,-43.0116],[146.2692,-43.0168],[146.2868,-43.0154],[146.2912,-43.0117],[146.2904,-42.9994],[146.2768,-42.9937]]],[[[146.2349,-42.9499],[146.2117,-42.9674],[146.2478,-42.9736],[146.2632,-42.9687],[146.2881,-42.9685],[146.2961,-42.9587],[146.2813,-42.949],[146.248,-42.9467],[146.2349,-42.9499]]],[[[146.2408,-42.7573],[146.2423,-42.7772],[146.2491,-42.7805],[146.263,-42.7726],[146.2617,-42.761],[146.2498,-42.752],[146.2408,-42.7573]]],[[[144.7183,-41.2523],[144.6855,-41.2353],[144.6888,-41.244],[144.71,-41.2609],[144.7124,-41.2817],[144.7206,-41.2874],[144.7204,-41.2998],[144.7421,-41.3111],[144.7366,-41.3173],[144.7393,-41.3254],[144.7629,-41.3419],[144.776,-41.3609],[144.7828,-41.3861],[144.7813,-41.4005],[144.7713,-41.4114],[144.7574,-41.4093],[144.7472,-41.4209],[144.7595,-41.4249],[144.7672,-41.4337],[144.7794,-41.4366],[144.79,-41.4473],[144.7947,-41.462],[144.8122,-41.4775],[144.8162,-41.4918],[144.8331,-41.5071],[144.889,-41.5893],[144.9057,-41.6272],[144.8982,-41.639],[144.9067,-41.6415],[144.9091,-41.6553],[144.9265,-41.6687],[144.9282,-41.6751],[144.9111,-41.6863],[144.9206,-41.714],[144.9337,-41.7245],[144.9481,-41.7172],[144.967,-41.7252],[144.9932,-41.7517],[144.9973,-41.7623],[145.0089,-41.7712],[145.0086,-41.7841],[145.0252,-41.8042],[145.0345,-41.8069],[145.0683,-41.8369],[145.0732,-41.8547],[145.1215,-41.8903],[145.1279,-41.9029],[145.1526,-41.914],[145.1577,-41.9237],[145.1736,-41.9282],[145.1807,-41.9391],[145.1904,-41.9453],[145.2472,-42.0395],[145.2629,-42.0996],[145.2639,-42.1467],[145.2561,-42.1812],[145.2266,-42.2126],[145.2259,-42.2199],[145.2484,-42.221],[145.2698,-42.2326],[145.2877,-42.2294],[145.2882,-42.2086],[145.277,-42.2093],[145.2688,-42.2021],[145.283,-42.186],[145.294,-42.1797],[145.3186,-42.1759],[145.3119,-42.1609],[145.3147,-42.1543],[145.3262,-42.1587],[145.3309,-42.1742],[145.3386,-42.1672],[145.358,-42.175],[145.3619,-42.1878],[145.3571,-42.2025],[145.3726,-42.2028],[145.3643,-42.2097],[145.372,-42.2258],[145.3611,-42.2341],[145.367,-42.2414],[145.3655,-42.2516],[145.3774,-42.2517],[145.4038,-42.281],[145.4228,-42.2901],[145.4329,-42.3144],[145.4635,-42.3241],[145.4676,-42.3463],[145.4781,-42.349],[145.4806,-42.364],[145.4928,-42.3558],[145.4802,-42.3478],[145.488,-42.3415],[145.4975,-42.3429],[145.4907,-42.336],[145.4934,-42.3226],[145.4999,-42.3326],[145.518,-42.3391],[145.5186,-42.3483],[145.5277,-42.3604],[145.5204,-42.3678],[145.5037,-42.3632],[145.5133,-42.3738],[145.5305,-42.3731],[145.5339,-42.363],[145.5446,-42.3524],[145.5585,-42.3568],[145.5561,-42.3643],[145.544,-42.3705],[145.5448,-42.3825],[145.5508,-42.3877],[145.5388,-42.3872],[145.5342,-42.4091],[145.5205,-42.4193],[145.5267,-42.4234],[145.5162,-42.4327],[145.506,-42.4356],[145.4948,-42.4289],[145.4911,-42.4221],[145.4577,-42.4366],[145.4668,-42.4398],[145.4788,-42.4799],[145.4732,-42.5005],[145.4784,-42.5059],[145.4805,-42.5299],[145.4663,-42.5192],[145.4623,-42.4996],[145.4663,-42.4871],[145.4597,-42.4582],[145.447,-42.4379],[145.4467,-42.4297],[145.4528,-42.4049],[145.4435,-42.4018],[145.4356,-42.3863],[145.4113,-42.3705],[145.3937,-42.3748],[145.3704,-42.3542],[145.366,-42.3556],[145.3527,-42.3442],[145.3324,-42.3389],[145.3319,-42.3307],[145.3111,-42.3207],[145.3124,-42.2989],[145.317,-42.2881],[145.3073,-42.2959],[145.2933,-42.2956],[145.2895,-42.2829],[145.2728,-42.2842],[145.2671,-42.2911],[145.2548,-42.2888],[145.2505,-42.2816],[145.2559,-42.2674],[145.2369,-42.263],[145.2332,-42.2483],[145.236,-42.2447],[145.2205,-42.2418],[145.225,-42.2287],[145.2148,-42.2191],[145.2144,-42.2116],[145.1984,-42.2063],[145.1975,-42.1977],[145.1788,-42.1938],[145.1678,-42.1969],[145.1761,-42.2063],[145.1903,-42.2077],[145.1873,-42.2209],[145.1941,-42.2275],[145.191,-42.2424],[145.2068,-42.2543],[145.2149,-42.2792],[145.2113,-42.2861],[145.2133,-42.2993],[145.1955,-42.3122],[145.1973,-42.3277],[145.2249,-42.3563],[145.2168,-42.3659],[145.2295,-42.3714],[145.2253,-42.3864],[145.2376,-42.3921],[145.2354,-42.4006],[145.2451,-42.4345],[145.254,-42.4376],[145.2548,-42.4476],[145.2457,-42.4649],[145.2369,-42.4719],[145.2458,-42.4838],[145.2551,-42.4878],[145.262,-42.5032],[145.2611,-42.5154],[145.2536,-42.5215],[145.2672,-42.5285],[145.2669,-42.5349],[145.2762,-42.5507],[145.2813,-42.5525],[145.2782,-42.5627],[145.2885,-42.5689],[145.3034,-42.5707],[145.2982,-42.5939],[145.3006,-42.6006],[145.2816,-42.6145],[145.2642,-42.6125],[145.2631,-42.6202],[145.271,-42.6287],[145.2852,-42.6305],[145.2896,-42.6225],[145.3122,-42.6203],[145.3255,-42.6298],[145.3308,-42.6282],[145.337,-42.6366],[145.3306,-42.6456],[145.3358,-42.655],[145.3486,-42.6508],[145.3666,-42.657],[145.366,-42.6872],[145.3738,-42.6937],[145.3839,-42.727],[145.3939,-42.7236],[145.3905,-42.7407],[145.3804,-42.7516],[145.3837,-42.7689],[145.3957,-42.7757],[145.4081,-42.7773],[145.4227,-42.8141],[145.4256,-42.8374],[145.4306,-42.8502],[145.4372,-42.8543],[145.4394,-42.8667],[145.4365,-42.8736],[145.4544,-42.8918],[145.46,-42.9048],[145.4712,-42.9053],[145.4842,-42.9154],[145.4836,-42.9284],[145.4918,-42.9337],[145.4992,-42.9502],[145.4926,-42.9555],[145.4985,-42.9627],[145.4955,-42.9731],[145.5046,-42.9765],[145.5006,-42.9866],[145.5161,-42.9805],[145.5321,-42.9826],[145.5619,-42.9706],[145.5912,-42.9725],[145.6028,-42.9968],[145.6127,-43.0036],[145.6127,-43.0099],[145.6395,-43.0244],[145.6494,-43.0482],[145.6621,-43.0439],[145.6867,-43.0539],[145.6869,-43.0658],[145.6759,-43.0709],[145.6713,-43.0812],[145.6783,-43.0904],[145.6697,-43.0972],[145.6759,-43.1031],[145.6857,-43.1016],[145.6953,-43.1174],[145.7024,-43.1193],[145.7195,-43.1095],[145.7323,-43.1135],[145.7262,-43.1222],[145.7258,-43.1368],[145.7346,-43.1369],[145.7419,-43.1428],[145.7464,-43.155],[145.7592,-43.1648],[145.7568,-43.1717],[145.7628,-43.1927],[145.77,-43.1856],[145.7958,-43.1911],[145.7904,-43.1982],[145.8062,-43.209],[145.8012,-43.2237],[145.8096,-43.2281],[145.8056,-43.2352],[145.8082,-43.2492],[145.8184,-43.2493],[145.8159,-43.2667],[145.8202,-43.2797],[145.8308,-43.2814],[145.8304,-43.2873],[145.842,-43.2929],[145.8525,-43.2929],[145.8524,-43.3064],[145.8593,-43.3162],[145.8717,-43.322],[145.8796,-43.311],[145.8964,-43.3134],[145.9003,-43.3004],[145.9283,-43.3004],[145.9214,-43.2918],[145.9277,-43.2723],[145.9255,-43.2672],[145.9062,-43.2666],[145.8988,-43.2823],[145.8825,-43.2893],[145.8738,-43.2859],[145.8655,-43.2765],[145.8767,-43.2718],[145.871,-43.2648],[145.874,-43.2583],[145.8987,-43.2636],[145.9098,-43.2474],[145.9283,-43.247],[145.9254,-43.2247],[145.919,-43.2158],[145.9323,-43.2114],[145.9477,-43.2253],[145.948,-43.2295],[145.9675,-43.2279],[145.9772,-43.2329],[145.97,-43.2478],[145.9737,-43.2512],[145.9689,-43.2664],[145.9756,-43.2692],[145.9707,-43.2784],[145.9573,-43.2789],[145.9661,-43.2859],[145.9641,-43.2913],[145.9699,-43.3023],[145.9834,-43.3047],[145.9815,-43.3156],[145.985,-43.3223],[146.0054,-43.32],[146.0057,-43.3314],[146.0271,-43.3383],[146.03,-43.3427],[146.0406,-43.3335],[146.0521,-43.3369],[146.0604,-43.3292],[146.0497,-43.3214],[146.0537,-43.3104],[146.0633,-43.3039],[146.0713,-43.31],[146.0718,-43.3224],[146.0842,-43.3397],[146.097,-43.3408],[146.1135,-43.3483],[146.1318,-43.3489],[146.1374,-43.3451],[146.1422,-43.3226],[146.1587,-43.312],[146.1527,-43.304],[146.1707,-43.2922],[146.1772,-43.2985],[146.1734,-43.3153],[146.178,-43.3265],[146.1826,-43.3267],[146.1862,-43.3157],[146.198,-43.3175],[146.2113,-43.3305],[146.2178,-43.3223],[146.2304,-43.3255],[146.2242,-43.3332],[146.2282,-43.3613],[146.2159,-43.3658],[146.2271,-43.376],[146.2282,-43.3849],[146.2175,-43.386],[146.2098,-43.3736],[146.2094,-43.3646],[146.1837,-43.3606],[146.1674,-43.3615],[146.1625,-43.3655],[146.1691,-43.3795],[146.1597,-43.3921],[146.1513,-43.3873],[146.1488,-43.3778],[146.1407,-43.3757],[146.1305,-43.3658],[146.1315,-43.3556],[146.1095,-43.3522],[146.108,-43.3489],[146.0894,-43.3507],[146.0756,-43.3493],[146.0607,-43.3426],[146.0608,-43.3465],[146.0925,-43.3648],[146.0908,-43.3705],[146.0731,-43.3666],[146.0765,-43.3593],[146.0679,-43.3535],[146.0435,-43.3463],[146.0043,-43.3452],[145.9887,-43.3296],[145.9829,-43.3331],[145.9764,-43.3487],[145.9797,-43.3527],[145.9912,-43.3488],[145.9931,-43.364],[146,-43.368],[145.9954,-43.3777],[145.9986,-43.385],[145.9894,-43.3948],[145.9852,-43.3861],[145.994,-43.374],[145.9886,-43.3613],[145.9788,-43.3559],[145.9723,-43.3695],[145.9543,-43.36],[145.9486,-43.3706],[145.935,-43.3701],[145.9331,-43.3773],[145.9237,-43.3817],[145.9351,-43.39],[145.9495,-43.381],[145.9652,-43.3817],[145.9775,-43.3963],[145.9725,-43.4032],[145.9982,-43.4067],[146.0004,-43.4326],[146.0182,-43.4542],[146.0159,-43.4595],[146.0289,-43.4635],[146.0322,-43.4689],[146.0286,-43.4888],[146.043,-43.5084],[146.0365,-43.5213],[146.0416,-43.5314],[146.0349,-43.5398],[146.0371,-43.5514],[146.0303,-43.5697],[146.0343,-43.5703],[146.0466,-43.5527],[146.0701,-43.5558],[146.0813,-43.5408],[146.0913,-43.5432],[146.095,-43.5561],[146.1102,-43.557],[146.1076,-43.5442],[146.1088,-43.5275],[146.137,-43.518],[146.1483,-43.5284],[146.1433,-43.5044],[146.1589,-43.5032],[146.1624,-43.5164],[146.1773,-43.5106],[146.1846,-43.5323],[146.1995,-43.5395],[146.2123,-43.5335],[146.2107,-43.5076],[146.2154,-43.4966],[146.2248,-43.4916],[146.252,-43.4897],[146.2737,-43.4984],[146.2768,-43.5041],[146.27,-43.5126],[146.2695,-43.5259],[146.287,-43.5356],[146.2886,-43.5438],[146.3164,-43.5365],[146.3233,-43.5236],[146.3443,-43.5149],[146.3646,-43.5178],[146.3674,-43.5307],[146.3742,-43.5348],[146.3923,-43.5302],[146.4072,-43.5397],[146.4106,-43.5357],[146.4424,-43.5378],[146.4538,-43.5346],[146.4614,-43.5424],[146.4701,-43.5422],[146.4748,-43.5352],[146.4903,-43.5425],[146.4981,-43.53],[146.5074,-43.5246],[146.5296,-43.5307],[146.5428,-43.5243],[146.5949,-43.5448],[146.6027,-43.5522],[146.5972,-43.559],[146.6103,-43.56],[146.6068,-43.5682],[146.6185,-43.5627],[146.6288,-43.5657],[146.6438,-43.5797],[146.6563,-43.5835],[146.6534,-43.5968],[146.6599,-43.6064],[146.6702,-43.5947],[146.6861,-43.5967],[146.698,-43.6249],[146.7056,-43.6323],[146.7117,-43.6262],[146.6877,-43.5668],[146.6698,-43.5169],[146.6958,-43.4874],[146.715,-43.4207],[146.7171,-43.278],[146.686,-43.2336],[146.7143,-43.1394],[146.7223,-43.0025],[146.7241,-42.9723],[146.7023,-42.8994],[146.6817,-42.8631],[146.6993,-42.8087],[146.7519,-42.7955],[146.7809,-42.7803],[146.7951,-42.7692],[146.789,-42.7285],[146.7828,-42.7118],[146.7577,-42.7044],[146.7164,-42.7061],[146.6839,-42.6949],[146.684,-42.6635],[146.662,-42.5764],[146.6284,-42.5448],[146.6012,-42.5067],[146.5564,-42.4825],[146.5163,-42.5027],[146.4654,-42.4654],[146.4539,-42.4475],[146.4048,-42.4591],[146.3338,-42.4496],[146.2839,-42.4156],[146.2363,-42.4026],[146.1753,-42.3813],[146.1231,-42.3509],[146.054,-42.3076],[146.0386,-42.2783],[146.0222,-42.2327],[146.024,-42.1936],[145.9977,-42.1579],[145.9568,-42.1221],[145.9155,-42.1153],[145.8728,-42.1149],[145.8108,-42.1052],[145.7721,-42.0894],[145.7302,-42.0489],[145.7176,-42.0124],[145.6978,-41.9694],[145.689,-41.9159],[145.6785,-41.8727],[145.6717,-41.8217],[145.6554,-41.7669],[145.6525,-41.7289],[145.6549,-41.7016],[145.6611,-41.6735],[145.6948,-41.6126],[145.6833,-41.5655],[145.6613,-41.5391],[145.6608,-41.5057],[145.6357,-41.4792],[145.626,-41.4475],[145.6076,-41.4327],[145.5051,-41.4008],[145.4206,-41.4013],[145.3794,-41.3773],[145.2328,-41.3317],[145.1264,-41.3229],[145.0959,-41.3055],[145.0443,-41.2971],[144.8819,-41.2636],[144.8196,-41.2694],[144.7259,-41.2676],[144.7183,-41.2523]],[[146.2741,-42.7162],[146.2844,-42.7159],[146.2946,-42.7243],[146.2893,-42.7371],[146.2648,-42.7396],[146.2594,-42.7533],[146.2699,-42.7565],[146.2691,-42.7476],[146.2823,-42.7461],[146.286,-42.7583],[146.2932,-42.7591],[146.2985,-42.7764],[146.3258,-42.7905],[146.335,-42.8099],[146.3213,-42.8077],[146.321,-42.815],[146.3115,-42.8164],[146.3017,-42.8057],[146.2908,-42.8151],[146.2802,-42.8055],[146.2786,-42.7936],[146.2859,-42.7836],[146.2733,-42.7809],[146.2555,-42.7961],[146.2548,-42.7841],[146.2492,-42.7845],[146.2395,-42.7942],[146.2459,-42.8039],[146.2568,-42.7996],[146.2588,-42.817],[146.2465,-42.8238],[146.2343,-42.8238],[146.2322,-42.8382],[146.2213,-42.8438],[146.2246,-42.849],[146.2179,-42.8578],[146.213,-42.8456],[146.2024,-42.852],[146.2011,-42.8374],[146.209,-42.8367],[146.2166,-42.8279],[146.1975,-42.8276],[146.1901,-42.8173],[146.1778,-42.8103],[146.1737,-42.7916],[146.1524,-42.762],[146.1409,-42.7674],[146.1386,-42.7464],[146.1415,-42.7384],[146.1379,-42.7287],[146.1465,-42.7319],[146.1525,-42.6982],[146.1448,-42.6968],[146.1326,-42.7229],[146.1223,-42.7101],[146.1177,-42.6952],[146.1141,-42.7052],[146.105,-42.6908],[146.1001,-42.7026],[146.1062,-42.7169],[146.099,-42.7175],[146.0917,-42.7086],[146.088,-42.7226],[146.0763,-42.7265],[146.081,-42.7346],[146.0778,-42.742],[146.0858,-42.7504],[146.0848,-42.7609],[146.0753,-42.7519],[146.0719,-42.7423],[146.0687,-42.7087],[146.0628,-42.7181],[146.0511,-42.7222],[146.0534,-42.7517],[146.0482,-42.755],[146.0414,-42.7469],[146.0314,-42.7485],[146.0243,-42.7405],[146.0214,-42.7487],[146.0058,-42.7552],[146.0032,-42.7455],[146.0093,-42.7392],[146.0054,-42.7332],[145.9924,-42.7373],[145.9865,-42.7523],[145.9817,-42.7325],[145.9753,-42.7293],[145.983,-42.7189],[145.9926,-42.7152],[145.9965,-42.7076],[146.0211,-42.7075],[146.0148,-42.6798],[146.0267,-42.6892],[146.0327,-42.688],[146.0216,-42.6605],[146.0169,-42.6324],[146.0221,-42.6277],[146.0417,-42.6248],[146.0511,-42.6177],[146.0525,-42.6226],[146.0354,-42.6489],[146.0462,-42.6647],[146.0465,-42.7124],[146.0511,-42.7179],[146.0597,-42.7152],[146.0654,-42.7057],[146.0697,-42.6764],[146.0804,-42.6667],[146.0734,-42.6648],[146.0751,-42.6392],[146.0802,-42.6246],[146.0941,-42.6274],[146.0939,-42.6177],[146.0861,-42.6147],[146.0864,-42.591],[146.0994,-42.586],[146.1074,-42.577],[146.1149,-42.5871],[146.1051,-42.5938],[146.1043,-42.6119],[146.0975,-42.6256],[146.0977,-42.6805],[146.1056,-42.6866],[146.1075,-42.6645],[146.1133,-42.6842],[146.119,-42.6858],[146.1229,-42.6686],[146.1271,-42.6648],[146.1302,-42.6758],[146.1243,-42.6796],[146.1257,-42.6908],[146.1317,-42.6889],[146.1387,-42.6735],[146.1475,-42.6917],[146.1638,-42.682],[146.1608,-42.6733],[146.1689,-42.6502],[146.1678,-42.6288],[146.1783,-42.5974],[146.194,-42.604],[146.2109,-42.5889],[146.2088,-42.6023],[146.2118,-42.6097],[146.2191,-42.6077],[146.2184,-42.6202],[146.2101,-42.6231],[146.2067,-42.6325],[146.2144,-42.6363],[146.2242,-42.629],[146.2265,-42.6444],[146.2369,-42.6234],[146.2567,-42.614],[146.2576,-42.6356],[146.2743,-42.6502],[146.2668,-42.6543],[146.2463,-42.6556],[146.2405,-42.6644],[146.2299,-42.6584],[146.2271,-42.6488],[146.2191,-42.6577],[146.2257,-42.6683],[146.216,-42.6758],[146.2174,-42.6808],[146.2046,-42.6775],[146.2023,-42.6838],[146.2158,-42.6865],[146.2358,-42.7033],[146.258,-42.6949],[146.2665,-42.6971],[146.2749,-42.7094],[146.2741,-42.7162]],[[146.1391,-42.9244],[146.1373,-42.9288],[146.1678,-42.94],[146.2068,-42.9338],[146.2391,-42.9126],[146.255,-42.8911],[146.2619,-42.889],[146.2885,-42.8927],[146.3143,-42.9047],[146.3013,-42.915],[146.2907,-42.9174],[146.2905,-42.9265],[146.301,-42.9297],[146.3253,-42.9504],[146.3321,-42.9517],[146.3444,-42.9394],[146.3506,-42.9477],[146.3417,-42.9532],[146.3359,-42.9678],[146.3222,-42.9691],[146.3099,-42.9819],[146.3243,-42.9822],[146.3367,-42.9888],[146.3562,-42.979],[146.3586,-42.9884],[146.3694,-42.9916],[146.3562,-43.0024],[146.3629,-43.0189],[146.3521,-43.0273],[146.3417,-43.0251],[146.3288,-43.0305],[146.3138,-43.0183],[146.298,-43.0154],[146.3031,-43.0282],[146.2755,-43.0297],[146.2674,-43.0395],[146.2451,-43.0366],[146.2451,-43.0284],[146.2353,-43.0349],[146.2151,-43.0347],[146.2153,-43.0246],[146.2209,-43.0172],[146.2199,-43.0022],[146.2237,-42.9985],[146.2106,-42.9938],[146.2106,-42.9752],[146.2008,-42.9687],[146.1883,-42.9669],[146.1564,-42.9717],[146.1265,-42.9702],[146.1287,-42.96],[146.1164,-42.9494],[146.1138,-42.9424],[146.0961,-42.93],[146.0847,-42.9269],[146.0631,-42.9049],[146.0496,-42.9031],[146.0461,-42.8974],[146.0275,-42.8933],[146.0246,-42.8782],[146.0372,-42.868],[146.0358,-42.852],[146.04,-42.8448],[146.0303,-42.8351],[146.0259,-42.8373],[146.0278,-42.8512],[146.0174,-42.8501],[146.0046,-42.8426],[146.0007,-42.8461],[146.012,-42.8646],[146.0104,-42.8697],[145.9945,-42.857],[145.9824,-42.8237],[146.012,-42.829],[146.0205,-42.8248],[146.0253,-42.8081],[146.0159,-42.8104],[146.0124,-42.8039],[145.9963,-42.796],[145.9927,-42.7903],[145.9843,-42.7921],[145.9846,-42.7686],[145.9923,-42.7703],[145.9976,-42.7945],[146.0091,-42.7984],[146.0104,-42.7903],[146.0241,-42.8006],[146.0257,-42.7769],[146.0328,-42.7946],[146.0346,-42.7865],[146.0505,-42.7684],[146.0605,-42.7876],[146.0582,-42.7937],[146.0669,-42.8028],[146.0696,-42.8143],[146.0781,-42.8151],[146.0856,-42.8305],[146.0997,-42.8454],[146.1105,-42.8422],[146.1076,-42.8355],[146.1113,-42.8263],[146.1224,-42.8238],[146.1269,-42.8375],[146.1367,-42.8371],[146.1406,-42.8425],[146.1547,-42.8413],[146.1756,-42.8503],[146.1703,-42.855],[146.1583,-42.8532],[146.1502,-42.8645],[146.1338,-42.8686],[146.1268,-42.8651],[146.1333,-42.8566],[146.1264,-42.8487],[146.1032,-42.8536],[146.0859,-42.8494],[146.082,-42.8522],[146.1149,-42.8828],[146.1254,-42.9087],[146.1364,-42.9111],[146.1464,-42.9065],[146.1563,-42.9168],[146.1391,-42.9244]]]]}},
{"type":"Feature","id":"TAS_FW010","properties":{"aac":"TAS_FW010","name":"North West Coast","state":"tas","type":"fire weather district","source":"IDM00007"},"geometry":{"type":"MultiPolygon","coordinates":[[[[146.7603,-41.7062],[146.7785,-41.7134],[146.7789,-41.7003],[146.7757,-41.6534],[146.7637,-41.589],[146.744,-41.53],[146.7254,-41.4852],[146.7134,-41.4601],[146.6817,-41.4055],[146.6632,-41.3694],[146.649,-41.3334],[146.6359,-41.3094],[146.614,-41.2755],[146.5776,-41.2277],[146.5767,-41.2394],[146.5629,-41.238],[146.5652,-41.2276],[146.574,-41.2197],[146.5632,-41.1973],[146.5732,-41.1885],[146.5557,-41.1615],[146.5429,-41.156],[146.5458,-41.1295],[146.534,-41.1185],[146.5224,-41.1342],[146.4776,-41.1557],[146.4234,-41.1627],[146.3952,-41.1731],[146.3803,-41.1692],[146.365,-41.1716],[146.3565,-41.1588],[146.3407,-41.1626],[146.325,-41.154],[146.2907,-41.1608],[146.2588,-41.1521],[146.2519,-41.1586],[146.2297,-41.1593],[146.2009,-41.1507],[146.1856,-41.1534],[146.1695,-41.1503],[146.1612,-41.1413],[146.1296,-41.1353],[146.1275,-41.1253],[146.1194,-41.1191],[146.1039,-41.1207],[146.0779,-41.1154],[146.0644,-41.1026],[146.0485,-41.1019],[146.0436,-41.0973],[146.0136,-41.0889],[146.0049,-41.0794],[145.9604,-41.0626],[145.9248,-41.0663],[145.9095,-41.0573],[145.9115,-41.0488],[145.8856,-41.044],[145.8778,-41.0366],[145.8523,-41.0397],[145.8083,-41.0295],[145.786,-41.0155],[145.7806,-41.0057],[145.768,-40.997],[145.7386,-40.9877],[145.7249,-40.9691],[145.7331,-40.9559],[145.7294,-40.9452],[145.7141,-40.9461],[145.6821,-40.9387],[145.6527,-40.9398],[145.6363,-40.9333],[145.6236,-40.9333],[145.6197,-40.9259],[145.5973,-40.9247],[145.5797,-40.9131],[145.5588,-40.9149],[145.5459,-40.9086],[145.5481,-40.9038],[145.522,-40.8872],[145.523,-40.877],[145.5099,-40.8633],[145.516,-40.8576],[145.5059,-40.8515],[145.4881,-40.8664],[145.447,-40.8714],[145.4302,-40.8681],[145.4081,-40.8561],[145.3932,-40.8558],[145.3892,-40.8504],[145.3417,-40.8505],[145.3122,-40.8379],[145.2858,-40.797],[145.2921,-40.8219],[145.2846,-40.8306],[145.2854,-40.8202],[145.2713,-40.8127],[145.2671,-40.8002],[145.2895,-40.7663],[145.304,-40.7682],[145.3094,-40.7638],[145.2955,-40.7546],[145.3003,-40.7433],[145.2968,-40.7388],[145.2773,-40.7356],[145.2612,-40.7124],[145.2533,-40.7158],[145.2517,-40.7298],[145.2584,-40.7327],[145.2618,-40.7455],[145.2691,-40.747],[145.2698,-40.7592],[145.2644,-40.7803],[145.2677,-40.789],[145.2593,-40.8054],[145.2416,-40.8132],[145.2179,-40.8098],[145.2431,-40.801],[145.2508,-40.79],[145.2168,-40.801],[145.191,-40.804],[145.1469,-40.802],[145.1148,-40.7939],[145.1134,-40.801],[145.1367,-40.8037],[145.1403,-40.8087],[145.1546,-40.811],[145.1647,-40.8207],[145.1341,-40.8192],[145.1227,-40.8356],[145.1167,-40.8225],[145.1041,-40.8108],[145.0904,-40.8132],[145.0765,-40.8081],[145.0714,-40.8135],[145.0588,-40.7921],[145.0419,-40.7825],[145.0323,-40.7849],[145.0234,-40.7815],[145.0247,-40.7703],[144.999,-40.7602],[144.9803,-40.743],[144.9702,-40.7511],[144.9388,-40.7551],[144.9239,-40.7662],[144.9184,-40.7554],[144.9071,-40.7504],[144.8812,-40.7487],[144.8519,-40.7385],[144.8407,-40.7425],[144.8398,-40.7218],[144.827,-40.7179],[144.8113,-40.7266],[144.8047,-40.713],[144.7861,-40.7083],[144.7797,-40.7131],[144.7806,-40.7292],[144.7684,-40.7386],[144.7718,-40.7273],[144.7676,-40.7207],[144.7727,-40.708],[144.7652,-40.6978],[144.744,-40.6962],[144.7331,-40.6816],[144.7374,-40.6794],[144.75,-40.6889],[144.7424,-40.6705],[144.7298,-40.6564],[144.7267,-40.6414],[144.7141,-40.6567],[144.6936,-40.6629],[144.6849,-40.6737],[144.6858,-40.679],[144.6981,-40.6896],[144.6862,-40.7038],[144.6796,-40.716],[144.6869,-40.7255],[144.6858,-40.7414],[144.6923,-40.7547],[144.7059,-40.7518],[144.711,-40.7616],[144.7099,-40.7723],[144.699,-40.7827],[144.7069,-40.7938],[144.6977,-40.8113],[144.7037,-40.8156],[144.7016,-40.8239],[144.7127,-40.8343],[144.7142,-40.8501],[144.7093,-40.8609],[144.7001,-40.8618],[144.7073,-40.8685],[144.6879,-40.9043],[144.6782,-40.9093],[144.6499,-40.9002],[144.6568,-40.913],[144.6492,-40.9198],[144.6335,-40.9219],[144.6295,-40.931],[144.6142,-40.9358],[144.6132,-40.9442],[144.6232,-40.9451],[144.6333,-40.9612],[144.6297,-40.9784],[144.633,-40.991],[144.6263,-41.0042],[144.6081,-41.0088],[144.6299,-41.0286],[144.6328,-41.038],[144.6404,-41.0447],[144.6533,-41.0467],[144.6607,-41.0527],[144.661,-41.0598],[144.6725,-41.0781],[144.6778,-41.103],[144.6738,-41.1162],[144.6663,-41.1201],[144.6719,-41.1269],[144.6713,-41.1378],[144.68,-41.1439],[144.6739,-41.1611],[144.6822,-41.1726],[144.6828,-41.1819],[144.6885,-41.1833],[144.6912,-41.1966],[144.6955,-41.1992],[144.6913,-41.2176],[144.6871,-41.22],[144.6893,-41.2317],[144.6855,-41.2353],[144.7183,-41.2523],[144.7259,-41.2676],[144.8196,-41.2694],[144.8819,-41.2636],[145.0443,-41.2971],[145.0959,-41.3055],[145.1264,-41.3229],[145.2328,-41.3317],[145.3794,-41.3773],[145.4206,-41.4013],[145.5051,-41.4008],[145.6076,-41.4327],[145.6197,-41.4204],[145.633,-41.4139],[145.6582,-41.396],[145.6767,-41.3777],[145.6792,-41.3578],[145.7308,-41.3311],[145.7698,-41.3239],[145.8243,-41.3437],[145.8541,-41.3931],[145.9301,-41.4135],[146.0025,-41.4353],[146.0563,-41.4533],[146.0839,-41.476],[146.1151,-41.5099],[146.1391,-41.5326],[146.1782,-41.5399],[146.2759,-41.5868],[146.2987,-41.5917],[146.3489,-41.6053],[146.3665,-41.6163],[146.3775,-41.6173],[146.3816,-41.6249],[146.402,-41.6311],[146.4068,-41.6383],[146.4266,-41.6518],[146.4415,-41.6477],[146.453,-41.6505],[146.4634,-41.6654],[146.4599,-41.6712],[146.4699,-41.6782],[146.4953,-41.6743],[146.5142,-41.6586],[146.5409,-41.6527],[146.5499,-41.6553],[146.5643,-41.6715],[146.5729,-41.687],[146.5647,-41.6962],[146.5405,-41.6939],[146.5352,-41.6975],[146.5444,-41.7092],[146.5407,-41.7148],[146.5405,-41.7302],[146.5682,-41.7273],[146.5786,-41.7343],[146.5981,-41.7296],[146.6145,-41.7382],[146.6197,-41.731],[146.6293,-41.7284],[146.6382,-41.7316],[146.6486,-41.7219],[146.6613,-41.7251],[146.6802,-41.7209],[146.6797,-41.7084],[146.6881,-41.7035],[146.6899,-41.6952],[146.7049,-41.699],[146.7262,-41.6917],[146.7395,-41.6969],[146.7441,-41.7048],[146.7603,-41.7062]]],[[[145.0443,-40.6884],[145.05,-40.6799],[145.0255,-40.6843],[144.9914,-40.669],[144.9795,-40.6604],[144.9555,-40.6307],[144.9525,-40.6327],[144.9683,-40.6583],[144.9385,-40.65],[144.9366,-40.6384],[144.9297,-40.6316],[144.9299,-40.6226],[144.92,-40.6251],[144.9095,-40.6502],[144.8716,-40.6805],[144.8767,-40.7092],[144.8681,-40.7216],[144.8832,-40.7353],[144.8942,-40.7397],[144.9063,-40.7389],[144.9121,-40.7307],[144.9201,-40.7281],[144.9435,-40.7306],[144.9632,-40.7118],[144.9775,-40.7073],[145.0033,-40.7125],[145.0196,-40.7052],[145.0321,-40.7062],[145.0446,-40.7174],[145.0601,-40.717],[145.0683,-40.7123],[145.0563,-40.704],[145.0443,-40.6884]]],[[[144.7212,-40.5243],[144.7337,-40.5495],[144.7264,-40.5662],[144.7372,-40.5932],[144.7483,-40.5966],[144.7584,-40.6054],[144.7684,-40.5973],[144.7768,-40.5811],[144.7708,-40.557],[144.7747,-40.5499],[144.7731,-40.5316],[144.7798,-40.5289],[144.7918,-40.5074],[144.7875,-40.4975],[144.793,-40.4785],[144.7858,-40.4701],[144.7916,-40.4644],[144.7894,-40.4255],[144.7933,-40.4168],[144.7909,-40.4039],[144.7858,-40.3986],[144.7852,-40.4176],[144.7762,-40.4248],[144.7662,-40.4512],[144.7729,-40.4652],[144.7567,-40.4853],[144.7472,-40.4892],[144.7321,-40.4884],[144.7254,-40.4791],[144.7118,-40.4828],[144.7122,-40.4914],[144.7191,-40.5003],[144.7099,-40.5089],[144.7227,-40.5168],[144.7212,-40.5243]]],[[[144.8758,-40.4008],[144.8854,-40.4074],[144.8793,-40.4208],[144.8575,-40.4335],[144.8421,-40.4305],[144.8364,-40.4444],[144.851,-40.4524],[144.8565,-40.4652],[144.8939,-40.4828],[144.913,-40.4806],[144.9375,-40.4669],[144.9427,-40.4594],[144.9519,-40.4598],[144.9474,-40.4524],[144.9491,-40.4378],[144.9701,-40.4254],[144.9578,-40.4141],[144.9622,-40.4021],[144.9552,-40.3913],[144.9422,-40.3974],[144.9258,-40.3912],[144.9139,-40.3967],[144.8878,-40.3884],[144.8807,-40.3937],[144.8845,-40.3988],[144.8758,-40.4008]]]]}},
{"type":"Feature","id":"TAS_FW011","properties":{"aac":"TAS_FW011","name":"King Island","state":"tas","type":"fire weather district","source":"IDM00007"},"geometry":{"type":"Polygon","coordinates":[[[143.9837,-39.6008],[143.9774,-39.5936],[143.95,-39.5798],[143.9403,-39.5857],[143.9358,-39.5953],[143.9249,-39.5951],[143.9255,-39.6116],[143.9322,-39.6205],[143.9345,-39.6403],[143.9301,-39.6572],[143.9204,-39.6716],[143.8931,-39.6974],[143.8758,-39.7005],[143.8645,-39.7102],[143.8501,-39.7109],[143.8452,-39.7146],[143.8467,-39.7282],[143.8531,-39.7389],[143.8505,-39.7705],[143.8557,-39.773],[143.8657,-39.8009],[143.8601,-39.8161],[143.8675,-39.8329],[143.8638,-39.8454],[143.8546,-39.851],[143.859,-39.857],[143.8476,-39.8706],[143.8426,-39.8854],[143.8471,-39.8948],[143.8366,-39.9022],[143.8398,-39.9111],[143.8353,-39.9218],[143.8455,-39.9247],[143.8402,-39.9366],[143.8631,-39.9512],[143.8691,-39.9635],[143.8793,-39.9671],[143.8889,-39.9851],[143.8858,-39.9984],[143.8925,-40.0102],[143.8846,-40.0283],[143.8906,-40.0547],[143.8814,-40.0623],[143.8718,-40.0641],[143.8632,-40.0598],[143.8581,-40.0643],[143.8656,-40.0686],[143.8705,-40.0791],[143.8687,-40.0887],[143.8753,-40.0988],[143.8763,-40.1166],[143.8846,-40.1208],[143.9053,-40.1217],[143.9091,-40.128],[143.9011,-40.1382],[143.9137,-40.1438],[143.9254,-40.1571],[143.9306,-40.1471],[143.9221,-40.1335],[143.9414,-40.1235],[143.9472,-40.1148],[143.9623,-40.1093],[143.972,-40.1171],[143.9797,-40.1135],[143.9783,-40.1061],[143.9874,-40.0996],[144.0048,-40.0994],[144.0167,-40.0928],[144.0281,-40.0942],[144.0397,-40.0786],[144.0508,-40.0741],[144.0484,-40.069],[144.0632,-40.063],[144.07,-40.0518],[144.086,-40.0476],[144.0944,-40.0518],[144.1059,-40.0434],[144.1016,-40.0282],[144.116,-40.0178],[144.1132,-40.0076],[144.128,-39.9928],[144.1259,-39.9882],[144.1323,-39.9777],[144.1382,-39.9327],[144.1358,-39.9251],[144.1113,-39.9131],[144.1052,-39.8897],[144.1074,-39.8646],[144.1183,-39.8501],[144.128,-39.8237],[144.1116,-39.7976],[144.1025,-39.7662],[144.1007,-39.7437],[144.11,-39.6695],[144.0683,-39.643],[144.0562,-39.6329],[144.0526,-39.6249],[144.0137,-39.6093],[144.0043,-39.5981],[143.9955,-39.6025],[143.9837,-39.6008]]]}},
{"type":"Feature","id":"TAS_MW001","properties":{"aac":"TAS_MW001","name":"Far North West Coast","state":"tas","type":"coastal waters","source":"IDM00003"},"geometry":{"type":"Polygon","coordinates":[[[145.2973,-40.7558],[146.3753,-39.6647],[143.9494,-39.579],[142.8128,-39.4674],[142.9797,-40.559],[143.2171,-40.8683],[143.6211,-41.1085],[143.8233,-41.802],[144.7483,-41.4196],[144.7574,-41.4093],[144.7713,-41.4114],[144.7813,-41.4005],[144.7828,-41.3861],[144.776,-41.3609],[144.7629,-41.3419],[144.7393,-41.3254],[144.7366,-41.3173],[144.7421,-41.3111],[144.7204,-41.2998],[144.7206,-41.2874],[144.7124,-41.2817],[144.71,-41.2609],[144.6888,-41.244],[144.6846,-41.2362],[144.6893,-41.2317],[144.6871,-41.22],[144.6913,-41.2176],[144.6955,-41.1992],[144.6912,-41.1967],[144.6885,-41.1833],[144.6828,-41.1819],[144.6822,-41.1726],[144.6739,-41.1611],[144.68,-41.1439],[144.6713,-41.1378],[144.6719,-41.1269],[144.6663,-41.1201],[144.6738,-41.1162],[144.6778,-41.103],[144.6725,-41.0781],[144.661,-41.0598],[144.6607,-41.0527],[144.6533,-41.0467],[144.6404,-41.0447],[144.6328,-41.038],[144.6299,-41.0286],[144.6081,-41.0088],[144.6264,-41.0042],[144.633,-40.991],[144.6297,-40.9784],[144.6333,-40.9612],[144.6232,-40.9451],[144.6132,-40.9442],[144.6142,-40.9358],[144.6295,-40.931],[144.6335,-40.9219],[144.6493,-40.9198],[144.657,-40.9069],[144.6499,-40.9002],[144.6783,-40.9093],[144.6879,-40.9043],[144.7073,-40.8685],[144.7001,-40.8618],[144.7093,-40.8609],[144.7142,-40.8501],[144.7127,-40.8343],[144.7016,-40.8239],[144.7037,-40.8156],[144.6977,-40.8113],[144.7069,-40.7938],[144.699,-40.7827],[144.7099,-40.7723],[144.711,-40.7616],[144.7059,-40.7518],[144.6923,-40.7547],[144.6858,-40.7414],[144.6869,-40.7255],[144.6796,-40.716],[144.6862,-40.7038],[144.6981,-40.6896],[144.6858,-40.679],[144.6849,-40.6737],[144.6936,-40.6629],[144.7141,-40.6567],[144.7267,-40.6414],[144.7298,-40.6564],[144.7424,-40.6705],[144.75,-40.6889],[144.7374,-40.6794],[144.7331,-40.6816],[144.744,-40.6962],[144.7652,-40.6978],[144.7727,-40.708],[144.7676,-40.7207],[144.7718,-40.7273],[144.7684,-40.7386],[144.7806,-40.7292],[144.7797,-40.7131],[144.7861,-40.7083],[144.8047,-40.713],[144.8113,-40.7266],[144.827,-40.7179],[144.8398,-40.7218],[144.8407,-40.7425],[144.8519,-40.7385],[144.8812,-40.7487],[144.9071,-40.7504],[144.9184,-40.7554],[144.9239,-40.7662],[144.9388,-40.7551],[144.9702,-40.7511],[144.9803,-40.743],[144.999,-40.7602],[145.0247,-40.7703],[145.0234,-40.7815],[145.0323,-40.7849],[145.0419,-40.7825],[145.0588,-40.7921],[145.0714,-40.8135],[145.0765,-40.8081],[145.0904,-40.8132],[145.1041,-40.8108],[145.1167,-40.8225],[145.1227,-40.8356],[145.1341,-40.8191],[145.1647,-40.8207],[145.1546,-40.811],[145.1403,-40.8087],[145.1367,-40.8037],[145.1134,-40.801],[145.1148,-40.7939],[145.1469,-40.802],[145.191,-40.804],[145.2168,-40.801],[145.2508,-40.79],[145.2431,-40.801],[145.2179,-40.8098],[145.2416,-40.8132],[145.2593,-40.8054],[145.2677,-40.7889],[145.2644,-40.7803],[145.2698,-40.7592],[145.2691,-40.747],[145.2618,-40.7455],[145.2584,-40.7327],[145.2517,-40.7298],[145.2533,-40.7158],[145.2612,-40.7124],[145.2773,-40.7356],[145.2968,-40.7388],[145.3003,-40.7433],[145.2973,-40.7558]],[[143.9358,-39.5953],[143.9403,-39.5857],[143.95,-39.5798],[143.9774,-39.5936],[143.9837,-39.6008],[143.9955,-39.6025],[144.0043,-39.5981],[144.0137,-39.6093],[144.0526,-39.6249],[144.0562,-39.6329],[144.0683,-39.643],[144.11,-39.6694],[144.1007,-39.7437],[144.1025,-39.7662],[144.1116,-39.7976],[144.128,-39.8237],[144.1183,-39.8501],[144.1074,-39.8646],[144.1052,-39.8897],[144.1113,-39.9131],[144.1358,-39.9251],[144.1382,-39.9327],[144.1323,-39.9777],[144.1259,-39.9881],[144.1281,-39.9927],[144.1132,-40.0076],[144.116,-40.0178],[144.1016,-40.0282],[144.1059,-40.0434],[144.0944,-40.0518],[144.086,-40.0476],[144.07,-40.0518],[144.0632,-40.063],[144.0484,-40.069],[144.0508,-40.0741],[144.0397,-40.0786],[144.0281,-40.0942],[144.0167,-40.0928],[144.0048,-40.0994],[143.9874,-40.0996],[143.9783,-40.1061],[143.9797,-40.1135],[143.972,-40.1171],[143.9623,-40.1093],[143.9472,-40.1148],[143.9414,-40.1235],[143.9221,-40.1335],[143.9306,-40.1471],[143.9255,-40.1572],[143.9137,-40.1438],[143.9011,-40.1382],[143.9091,-40.128],[143.9053,-40.1217],[143.8846,-40.1208],[143.8763,-40.1166],[143.8753,-40.0988],[143.8687,-40.0887],[143.8705,-40.0791],[143.8656,-40.0686],[143.8581,-40.0643],[143.8632,-40.0598],[143.8718,-40.0641],[143.8814,-40.0623],[143.8906,-40.0547],[143.8846,-40.0283],[143.8925,-40.0101],[143.8858,-39.9984],[143.8889,-39.9851],[143.8793,-39.9671],[143.8691,-39.9635],[143.8631,-39.9512],[143.8402,-39.9366],[143.8455,-39.9247],[143.8353,-39.9218],[143.8398,-39.9111],[143.8366,-39.9022],[143.8471,-39.8949],[143.8426,-39.8854],[143.8476,-39.8706],[143.859,-39.857],[143.8546,-39.851],[143.8639,-39.8453],[143.8675,-39.8329],[143.8601,-39.8161],[143.8657,-39.8009],[143.8557,-39.773],[143.8505,-39.7705],[143.8531,-39.7389],[143.8467,-39.7282],[143.8451,-39.7147],[143.8501,-39.7109],[143.8645,-39.7102],[143.8758,-39.7005],[143.8931,-39.6974],[143.9204,-39.6716],[143.9301,-39.6572],[143.9345,-39.6403],[143.9322,-39.6205],[143.9255,-39.6116],[143.9249,-39.5951],[143.9358,-39.5953]],[[144.8846,-40.3988],[144.8807,-40.3937],[144.8878,-40.3884],[144.9139,-40.3967],[144.9258,-40.3912],[144.9422,-40.3974],[144.9552,-40.3913],[144.9622,-40.4021],[144.9578,-40.4141],[144.9701,-40.4254],[144.9491,-40.4378],[144.9474,-40.4524],[144.9519,-40.4598],[144.9427,-40.4594],[144.9375,-40.4669],[144.913,-40.4806],[144.8939,-40.4828],[144.8565,-40.4652],[144.851,-40.4524],[144.8364,-40.4444],[144.842,-40.4305],[144.8575,-40.4335],[144.8794,-40.4208],[144.8854,-40.4074],[144.8757,-40.4007],[144.8846,-40.3988]],[[144.7894,-40.4256],[144.7916,-40.4644],[144.7858,-40.4701],[144.793,-40.4785],[144.7875,-40.4975],[144.7918,-40.5074],[144.7798,-40.5289],[144.7731,-40.5316],[144.7747,-40.5499],[144.7708,-40.557],[144.7768,-40.5811],[144.7684,-40.5973],[144.7584,-40.6054],[144.7483,-40.5966],[144.7372,-40.5932],[144.7264,-40.5662],[144.7337,-40.5495],[144.7212,-40.5243],[144.7227,-40.5168],[144.7099,-40.5089],[144.7191,-40.5003],[144.7122,-40.4914],[144.7118,-40.4828],[144.7254,-40.4791],[144.7321,-40.4884],[144.7472,-40.4892],[144.7567,-40.4853],[144.7729,-40.4652],[144.7662,-40.4512],[144.7762,-40.4248],[144.7852,-40.4176],[144.7858,-40.3986],[144.7909,-40.4039],[144.7933,-40.4168],[144.7894,-40.4256]],[[144.9095,-40.6502],[144.92,-40.6251],[144.9299,-40.6226],[144.9297,-40.6316],[144.9366,-40.6384],[144.9385,-40.65],[144.9683,-40.6583],[144.9525,-40.6327],[144.9555,-40.6307],[144.9795,-40.6604],[144.9914,-40.669],[145.0255,-40.6843],[145.05,-40.6799],[145.0443,-40.6884],[145.0563,-40.704],[145.0683,-40.7123],[145.0602,-40.717],[145.0446,-40.7174],[145.0321,-40.7062],[145.0196,-40.7052],[145.0033,-40.7125],[144.9775,-40.7073],[144.9632,-40.7118],[144.9435,-40.7306],[144.9201,-40.7281],[144.9121,-40.7307],[144.9063,-40.7389],[144.8942,-40.7397],[144.8832,-40.7353],[144.8681,-40.7216],[144.8767,-40.7092],[144.8716,-40.6805],[144.9095,-40.6502]]]}},
{"type":"Feature","id":"TAS_MW002","properties":{"aac":"TAS_MW002","name":"Central North Coast","state":"tas","type":"coastal waters","source":"IDM00003"},"geometry":{"type":"Polygon","coordinates":[[[147.9342,-39.7331],[147.9414,-39.7199],[146.3753,-39.6647],[145.2973,-40.7558],[145.3094,-40.7638],[145.304,-40.7682],[145.2895,-40.7663],[145.2671,-40.8002],[145.2713,-40.8127],[145.2854,-40.8202],[145.2846,-40.8306],[145.2921,-40.8219],[145.2858,-40.797],[145.3122,-40.8379],[145.3417,-40.8505],[145.3892,-40.8504],[145.3932,-40.8558],[145.4081,-40.8561],[145.4302,-40.8681],[145.447,-40.8714],[145.4881,-40.8664],[145.506,-40.8515],[145.516,-40.8576],[145.5099,-40.8633],[145.523,-40.877],[145.522,-40.8872],[145.5481,-40.9038],[145.5459,-40.9086],[145.5588,-40.9149],[145.5797,-40.9131],[145.5973,-40.9247],[145.62,-40.9259],[145.6237,-40.9334],[145.6364,-40.9333],[145.6527,-40.9398],[145.6821,-40.9387],[145.7141,-40.9461],[145.7294,-40.9452],[145.7331,-40.9559],[145.7249,-40.9691],[145.7386,-40.9877],[145.768,-40.997],[145.7806,-41.0057],[145.786,-41.0155],[145.8083,-41.0295],[145.8523,-41.0397],[145.8778,-41.0366],[145.8856,-41.044],[145.9115,-41.0488],[145.9095,-41.0573],[145.9248,-41.0663],[145.9604,-41.0626],[146.0049,-41.0794],[146.0136,-41.0889],[146.0436,-41.0973],[146.0485,-41.1019],[146.0644,-41.1026],[146.0779,-41.1154],[146.1039,-41.1207],[146.1194,-41.1191],[146.1275,-41.1252],[146.1296,-41.1353],[146.1612,-41.1413],[146.1695,-41.1503],[146.1856,-41.1534],[146.2009,-41.1507],[146.2297,-41.1593],[146.2519,-41.1586],[146.2588,-41.1521],[146.2908,-41.1608],[146.325,-41.154],[146.3407,-41.1626],[146.3565,-41.1588],[146.365,-41.1717],[146.3803,-41.1692],[146.3952,-41.1731],[146.4234,-41.1627],[146.4776,-41.1557],[146.5224,-41.1342],[146.534,-41.1185],[146.5458,-41.1295],[146.5429,-41.156],[146.5557,-41.1615],[146.5732,-41.1885],[146.5632,-41.1973],[146.574,-41.2197],[146.5652,-41.2276],[146.5629,-41.238],[146.5767,-41.2394],[146.5753,-41.2301],[146.5844,-41.2206],[146.5851,-41.1996],[146.5785,-41.1971],[146.5831,-41.1899],[146.5829,-41.1713],[146.5956,-41.1663],[146.6004,-41.1574],[146.5805,-41.1558],[146.567,-41.1631],[146.5618,-41.1573],[146.565,-41.1477],[146.5906,-41.1455],[146.6193,-41.1342],[146.6352,-41.1221],[146.6374,-41.1149],[146.6481,-41.1101],[146.6445,-41.0953],[146.6563,-41.0931],[146.6735,-41.1008],[146.6915,-41.0928],[146.7143,-41.0737],[146.7082,-41.0634],[146.7156,-41.0641],[146.7311,-41.077],[146.7408,-41.0774],[146.745,-41.0842],[146.7612,-41.0781],[146.7764,-41.0824],[146.8107,-41.118],[146.8137,-41.1393],[146.8014,-41.1342],[146.7903,-41.139],[146.7791,-41.1493],[146.768,-41.1501],[146.7719,-41.1646],[146.7912,-41.1459],[146.7989,-41.148],[146.8158,-41.1444],[146.8237,-41.1502],[146.8264,-41.1703],[146.8383,-41.1762],[146.8327,-41.1861],[146.8383,-41.1908],[146.8495,-41.1855],[146.8344,-41.1632],[146.8575,-41.171],[146.8773,-41.1497],[146.9233,-41.1693],[146.9293,-41.1778],[146.9179,-41.1836],[146.9147,-41.1972],[146.9003,-41.2077],[146.9331,-41.2307],[146.9349,-41.2426],[146.9453,-41.2534],[146.9462,-41.2596],[146.955,-41.2599],[146.966,-41.2513],[146.9721,-41.2557],[146.9679,-41.2623],[146.979,-41.2811],[146.9745,-41.293],[146.9693,-41.2954],[146.9711,-41.3088],[146.9872,-41.3206],[147.0069,-41.3218],[147.012,-41.3317],[147.0339,-41.3504],[147.0552,-41.3402],[147.0587,-41.3349],[147.0773,-41.3402],[147.0694,-41.3525],[147.0756,-41.3668],[147.0743,-41.3825],[147.0896,-41.3963],[147.1072,-41.3997],[147.108,-41.3927],[147.0942,-41.3851],[147.0914,-41.3749],[147.0779,-41.3624],[147.0754,-41.3504],[147.0828,-41.3424],[147.0746,-41.3317],[147.0625,-41.3293],[147.0455,-41.3354],[147.0417,-41.3185],[147.0254,-41.3144],[146.9987,-41.3157],[146.9774,-41.3071],[146.9788,-41.2981],[146.9995,-41.2845],[147.0137,-41.2828],[147.0152,-41.2743],[147.0047,-41.2677],[146.9901,-41.2489],[146.9767,-41.243],[146.974,-41.2353],[146.964,-41.2358],[146.9459,-41.2281],[146.9439,-41.2085],[146.922,-41.2194],[146.9144,-41.2155],[146.9162,-41.2066],[146.9288,-41.2028],[146.9228,-41.1947],[146.9251,-41.1872],[146.9509,-41.1791],[146.9155,-41.1549],[146.9092,-41.1425],[146.8845,-41.1316],[146.8746,-41.1309],[146.855,-41.1389],[146.8288,-41.1362],[146.8185,-41.1236],[146.8246,-41.1138],[146.8156,-41.1066],[146.8115,-41.0832],[146.8046,-41.079],[146.8041,-41.0705],[146.7894,-41.0601],[146.7877,-41.0541],[146.806,-41.063],[146.8205,-41.0543],[146.829,-41.0427],[146.865,-41.0288],[146.8744,-41.0189],[146.8815,-41.0187],[146.8932,-41.0292],[146.9063,-41.0268],[146.9205,-41.0302],[146.9519,-41.0234],[146.9907,-40.9937],[146.995,-40.9864],[147.0084,-40.9861],[147.0207,-40.9808],[147.0322,-40.9904],[147.0591,-40.988],[147.07,-40.9982],[147.0823,-40.9982],[147.0893,-40.9938],[147.1004,-40.9979],[147.115,-40.9952],[147.1196,-41.0004],[147.1485,-41.012],[147.1638,-41.0069],[147.1751,-41.0089],[147.1947,-40.9988],[147.204,-40.9998],[147.2173,-40.9933],[147.2419,-40.9696],[147.2497,-40.9534],[147.279,-40.9422],[147.2852,-40.9521],[147.2996,-40.9574],[147.324,-40.9525],[147.3457,-40.9394],[147.3551,-40.9532],[147.3533,-40.9609],[147.359,-40.9772],[147.3852,-40.9802],[147.3917,-40.9849],[147.3911,-40.9954],[147.3964,-41.0027],[147.4076,-41.0055],[147.4444,-41.0014],[147.4606,-40.9949],[147.5112,-40.9646],[147.5413,-40.9334],[147.5847,-40.8782],[147.6006,-40.8481],[147.6267,-40.8446],[147.644,-40.838],[147.6701,-40.8208],[147.6706,-40.8274],[147.6901,-40.8389],[147.6962,-40.8508],[147.7101,-40.8612],[147.7581,-40.8578],[147.7639,-40.8686],[147.7991,-40.8835],[147.8358,-40.8865],[147.8607,-40.8793],[147.8766,-40.87],[147.8832,-40.8724],[147.9207,-40.8321],[147.9468,-40.7932],[147.9441,-40.7761],[147.9545,-40.7751],[147.9603,-40.7571],[147.954,-40.7519],[147.9431,-40.7525],[147.9407,-40.7446],[147.937,-40.7409],[147.9903,-40.4216],[147.9899,-40.406],[147.9841,-40.403],[147.9922,-40.3942],[147.9862,-40.3894],[147.9972,-40.3801],[148.0238,-40.2203],[148.026,-40.2182],[148.0379,-40.2144],[148.0424,-40.2023],[148.0179,-40.1706],[148.0169,-40.1302],[148.0085,-40.1074],[147.9968,-40.1048],[147.99,-40.0919],[147.97,-40.0864],[147.9612,-40.0752],[147.9562,-40.0851],[147.9645,-40.0891],[147.9535,-40.0986],[147.9512,-40.0611],[147.939,-40.0382],[147.9162,-40.0301],[147.9004,-40.0376],[147.8767,-40.0222],[147.8569,-40.0211],[147.8693,-40.0098],[147.8814,-40.0118],[147.886,-40.0011],[147.8958,-40],[147.903,-39.9912],[147.9018,-39.9805],[147.9053,-39.9659],[147.8922,-39.93],[147.8847,-39.9185],[147.8609,-39.8979],[147.8353,-39.9013],[147.8042,-39.9166],[147.8003,-39.9076],[147.79,-39.8998],[147.7577,-39.8907],[147.7528,-39.8773],[147.7477,-39.8736],[147.769,-39.8664],[147.7743,-39.8519],[147.7886,-39.8516],[147.8028,-39.8425],[147.8026,-39.8359],[147.8238,-39.8381],[147.826,-39.8333],[147.8404,-39.8362],[147.8501,-39.8229],[147.8407,-39.8087],[147.8517,-39.8005],[147.8625,-39.798],[147.8688,-39.7829],[147.8678,-39.7743],[147.8504,-39.761],[147.8479,-39.751],[147.863,-39.7475],[147.8719,-39.7586],[147.8843,-39.7614],[147.9051,-39.7467],[147.9192,-39.7444],[147.9342,-39.7331]]]}},
{"type":"Feature","id":"TAS_MW003","properties":{"aac":"TAS_MW003","name":"East of Flinders Island","state":"tas","type":"coastal waters","source":"IDM00003"},"geometry":{"type":"Polygon","coordinates":[[[148.3566,-41.2763],[149.2954,-41.2763],[149.2954,-39.1595],[147.9422,-39.72],[147.9414,-39.7199],[147.959,-39.729],[147.9557,-39.746],[147.9608,-39.7505],[147.9618,-39.763],[147.9726,-39.7638],[147.9899,-39.7792],[147.9808,-39.7622],[147.9732,-39.7596],[147.9667,-39.7457],[147.9692,-39.7431],[148.0392,-39.816],[148.0897,-39.86],[148.1232,-39.8997],[148.1737,-39.9407],[148.1945,-39.9501],[148.2052,-39.9459],[148.2593,-39.9665],[148.291,-39.9653],[148.2789,-40.0092],[148.2867,-40.0545],[148.2827,-40.0764],[148.2693,-40.0911],[148.2463,-40.1039],[148.238,-40.1022],[148.2235,-40.1213],[148.2341,-40.1279],[148.2418,-40.1229],[148.2515,-40.1258],[148.2587,-40.1205],[148.279,-40.1166],[148.2841,-40.1121],[148.2821,-40.0825],[148.2878,-40.0812],[148.2931,-40.111],[148.3197,-40.1843],[148.3313,-40.1996],[148.3343,-40.2115],[148.4464,-40.3791],[148.4491,-40.4074],[148.4581,-40.4099],[148.4577,-40.4198],[148.4658,-40.4288],[148.4795,-40.4317],[148.4813,-40.4358],[148.3496,-40.9962],[148.3339,-40.9962],[148.3085,-41.0208],[148.2968,-41.0365],[148.2951,-41.0609],[148.2864,-41.0475],[148.2912,-41.0319],[148.2755,-41.0344],[148.2596,-41.0447],[148.2621,-41.0507],[148.2826,-41.0519],[148.2973,-41.0634],[148.2718,-41.1149],[148.2706,-41.1453],[148.284,-41.168],[148.2722,-41.18],[148.2702,-41.1933],[148.2743,-41.2079],[148.2808,-41.2126],[148.2835,-41.2252],[148.2927,-41.2432],[148.3012,-41.2521],[148.3121,-41.2473],[148.319,-41.2545],[148.3298,-41.2486],[148.3386,-41.257],[148.3309,-41.2743],[148.31,-41.2881],[148.3115,-41.2993],[148.2913,-41.3036],[148.297,-41.2888],[148.2919,-41.2824],[148.2817,-41.2815],[148.2748,-41.2907],[148.2709,-41.3083],[148.2777,-41.3124],[148.2682,-41.3215],[148.2508,-41.3236],[148.2639,-41.3397],[148.2733,-41.3382],[148.2916,-41.324],[148.3098,-41.3158],[148.3117,-41.3056],[148.3245,-41.2973],[148.3318,-41.2827],[148.3553,-41.2742],[148.3566,-41.2763]]]}},
{"type":"Feature","id":"TAS_MW004","properties":{"aac":"TAS_MW004","name":"Upper East Coast","state":"tas","type":"coastal waters","source":"IDM00003"},"geometry":{"type":"Polygon","coordinates":[[[149.3526,-42.1695],[149.2954,-41.2763],[148.3566,-41.2763],[148.3591,-41.2803],[148.3428,-41.2902],[148.3262,-41.3075],[148.3124,-41.3485],[148.2928,-41.3769],[148.2903,-41.3983],[148.2796,-41.4142],[148.2778,-41.4351],[148.2708,-41.4438],[148.2669,-41.4602],[148.266,-41.4854],[148.2796,-41.5153],[148.286,-41.5421],[148.283,-41.5468],[148.2896,-41.5575],[148.2996,-41.5575],[148.3064,-41.5696],[148.3168,-41.5754],[148.3197,-41.6193],[148.3157,-41.6336],[148.2986,-41.6476],[148.2905,-41.6663],[148.289,-41.6861],[148.2954,-41.6935],[148.2881,-41.7005],[148.2844,-41.7178],[148.2883,-41.7339],[148.3025,-41.7393],[148.303,-41.7485],[148.2921,-41.7497],[148.2823,-41.7608],[148.2663,-41.7939],[148.2643,-41.8068],[148.2672,-41.8364],[148.2727,-41.8504],[148.2883,-41.8667],[148.3001,-41.8731],[148.3111,-41.8743],[148.3046,-41.8835],[148.3044,-41.8922],[148.3233,-41.9172],[148.32,-41.9252],[148.3026,-41.9366],[148.3022,-41.951],[148.3101,-41.9619],[148.2987,-41.9654],[148.2922,-41.9741],[148.2842,-41.9987],[148.2838,-42.0364],[148.2875,-42.0463],[148.2983,-42.0577],[148.31,-42.0573],[148.317,-42.0768],[148.3245,-42.083],[148.3262,-42.0965],[148.3331,-42.1056],[148.3406,-42.1032],[148.3455,-42.1215],[148.3351,-42.1267],[148.3379,-42.1327],[148.3201,-42.1333],[148.3245,-42.1493],[148.3133,-42.1608],[148.3065,-42.1613],[148.3065,-42.1695],[149.3526,-42.1695]]]}},
{"type":"Feature","id":"TAS_MW005","properties":{"aac":"TAS_MW005","name":"Lower East Coast","state":"tas","type":"coastal waters","source":"IDM00003"},"geometry":{"type":"Polygon","coordinates":[[[148.3065,-42.1695],[148.3065,-42.1613],[148.2978,-42.1667],[148.3047,-42.1752],[148.3156,-42.1698],[148.3399,-42.1816],[148.3554,-42.1805],[148.3514,-42.1869],[148.3559,-42.1935],[148.3436,-42.2123],[148.347,-42.223],[148.3283,-42.2304],[148.3235,-42.24],[148.3249,-42.2535],[148.3183,-42.2593],[148.3208,-42.2648],[148.3079,-42.2709],[148.3147,-42.277],[148.2988,-42.283],[148.2926,-42.2813],[148.2904,-42.2615],[148.2797,-42.2549],[148.2731,-42.2571],[148.2586,-42.2524],[148.2523,-42.2435],[148.2515,-42.2323],[148.2707,-42.2259],[148.277,-42.208],[148.2904,-42.1993],[148.292,-42.1927],[148.2757,-42.1713],[148.2611,-42.168],[148.2617,-42.1616],[148.2739,-42.1485],[148.2978,-42.1404],[148.3023,-42.1328],[148.2966,-42.1255],[148.2842,-42.1284],[148.2845,-42.1218],[148.2677,-42.1123],[148.2483,-42.1167],[148.244,-42.1052],[148.2363,-42.0985],[148.2419,-42.0917],[148.211,-42.0782],[148.2086,-42.0681],[148.196,-42.0684],[148.1892,-42.0777],[148.1729,-42.0792],[148.158,-42.0758],[148.1567,-42.0663],[148.1707,-42.0562],[148.1735,-42.0432],[148.1927,-42.0367],[148.2056,-42.0394],[148.2151,-42.0359],[148.2433,-42.0007],[148.2424,-41.9885],[148.2315,-41.9841],[148.2225,-41.9903],[148.2161,-41.989],[148.2174,-42.0035],[148.1987,-42.021],[148.1735,-42.0094],[148.1704,-41.9973],[148.1541,-42.0053],[148.144,-42.0176],[148.1438,-42.0318],[148.1621,-42.0394],[148.1624,-42.0546],[148.152,-42.0626],[148.129,-42.0622],[148.1167,-42.0721],[148.1157,-42.0771],[148.1296,-42.0807],[148.1542,-42.0759],[148.169,-42.0855],[148.1835,-42.0823],[148.206,-42.0848],[148.2341,-42.095],[148.2272,-42.0986],[148.1422,-42.0913],[148.1041,-42.0957],[148.0816,-42.1054],[148.0727,-42.1143],[148.0821,-42.1273],[148.0769,-42.1335],[148.0819,-42.1438],[148.0767,-42.1532],[148.0824,-42.1676],[148.0727,-42.1756],[148.067,-42.1924],[148.0463,-42.2022],[148.0467,-42.2096],[148.0327,-42.2177],[148.0306,-42.225],[148.0147,-42.2392],[148.0135,-42.249],[148.0285,-42.2614],[148.0159,-42.2685],[148.0109,-42.2881],[148.0006,-42.3036],[148.0016,-42.3091],[147.9816,-42.3103],[147.9702,-42.3251],[147.9718,-42.3327],[147.9336,-42.3396],[147.9375,-42.3481],[147.9556,-42.3439],[147.9593,-42.3531],[147.9638,-42.3393],[147.9701,-42.3414],[147.984,-42.3367],[147.9777,-42.3319],[147.9805,-42.3259],[147.9931,-42.3183],[147.992,-42.3142],[148.019,-42.3155],[148.016,-42.3259],[148.0271,-42.3503],[148.0108,-42.363],[148.0099,-42.3737],[147.9924,-42.3854],[147.9814,-42.4053],[147.9962,-42.421],[148.0004,-42.4385],[148.0107,-42.4404],[148.0131,-42.4511],[147.9965,-42.4795],[147.9974,-42.502],[148.0118,-42.5091],[147.9945,-42.527],[147.9836,-42.5164],[147.9695,-42.5206],[147.9686,-42.5293],[147.9592,-42.5323],[147.9552,-42.552],[147.942,-42.5475],[147.9327,-42.5502],[147.9295,-42.5311],[147.9135,-42.5108],[147.8991,-42.5229],[147.9136,-42.5313],[147.9162,-42.5463],[147.9111,-42.5489],[147.8887,-42.5458],[147.8791,-42.5555],[147.8813,-42.5669],[147.8944,-42.569],[147.9034,-42.5662],[147.9169,-42.5894],[147.9468,-42.6077],[147.9325,-42.6332],[147.9571,-42.6471],[147.9544,-42.6612],[147.9629,-42.6705],[147.9576,-42.6852],[147.9462,-42.6897],[147.9396,-42.7005],[147.9479,-42.709],[147.943,-42.7137],[147.9468,-42.7279],[147.9296,-42.7382],[147.9017,-42.743],[147.8793,-42.767],[147.8693,-42.8037],[147.8732,-42.8314],[147.8813,-42.845],[147.8708,-42.8368],[147.8682,-42.8246],[147.8626,-42.8199],[147.8533,-42.8437],[147.8449,-42.8451],[147.8418,-42.8579],[147.8292,-42.8681],[147.828,-42.8794],[147.8125,-42.8895],[147.8196,-42.8949],[147.8543,-42.8894],[147.8709,-42.8936],[147.8759,-42.8879],[147.902,-42.899],[147.9053,-42.8824],[147.8697,-42.8732],[147.8923,-42.8426],[147.9063,-42.8424],[147.9224,-42.8513],[147.9225,-42.8638],[147.9384,-42.8763],[147.9443,-42.8772],[147.9715,-42.8642],[147.9727,-42.8732],[147.9581,-42.8817],[147.9736,-42.8829],[147.9843,-42.89],[147.9863,-42.9002],[147.9991,-42.9134],[147.9961,-42.9288],[147.985,-42.9407],[147.988,-42.9504],[148.0002,-42.9638],[147.9772,-42.9826],[147.9621,-42.9836],[147.952,-43.0009],[147.9348,-43.007],[147.9259,-43.0186],[147.9284,-43.0296],[147.9521,-43.0391],[147.9538,-43.0519],[147.9457,-43.0586],[147.9554,-43.0647],[147.9546,-43.07],[147.9649,-43.0842],[147.9683,-43.0991],[147.9803,-43.107],[147.9797,-43.1232],[147.9551,-43.1255],[147.9546,-43.1366],[147.9638,-43.1424],[147.9714,-43.1349],[147.9831,-43.1355],[147.9917,-43.1407],[148.0054,-43.1386],[147.9908,-43.1539],[147.9834,-43.1561],[147.9794,-43.1682],[147.9642,-43.1835],[147.9635,-43.191],[147.9742,-43.2034],[148.0109,-43.2212],[148.0014,-43.2274],[147.9943,-43.2217],[147.9849,-43.2234],[147.9971,-43.2357],[148.0034,-43.2309],[148.008,-43.242],[148.8952,-43.6095],[148.998,-43.0058],[149.2653,-42.6104],[149.3543,-42.196],[149.3526,-42.1695],[148.3065,-42.1695]],[[148.2377,-42.3166],[148.2371,-42.307],[148.2553,-42.2926],[148.2804,-42.3002],[148.2926,-42.2931],[148.3038,-42.2949],[148.318,-42.305],[148.3181,-42.3215],[148.3327,-42.3226],[148.3263,-42.3264],[148.3278,-42.3344],[148.3467,-42.3414],[148.3146,-42.3449],[148.2869,-42.3329],[148.2778,-42.3251],[148.2639,-42.3297],[148.2489,-42.3274],[148.2377,-42.3166]],[[148.0261,-42.6682],[148.0131,-42.6612],[148.0282,-42.658],[148.0394,-42.6472],[148.0355,-42.6345],[148.0274,-42.63],[148.0499,-42.6054],[148.0497,-42.5978],[148.0733,-42.5693],[148.0904,-42.5844],[148.1214,-42.5849],[148.1303,-42.6026],[148.1386,-42.6079],[148.1372,-42.6241],[148.1519,-42.641],[148.1691,-42.649],[148.1542,-42.6529],[148.1437,-42.6673],[148.135,-42.6604],[148.1206,-42.6683],[148.1129,-42.66],[148.0818,-42.6621],[148.0704,-42.6735],[148.07,-42.683],[148.0881,-42.6894],[148.0882,-42.6982],[148.0966,-42.7112],[148.0939,-42.7203],[148.0688,-42.7261],[148.0486,-42.7231],[148.0256,-42.7403],[148.0155,-42.7422],[148.0136,-42.7201],[148.0271,-42.7126],[148.0397,-42.6849],[148.0471,-42.6822],[148.0583,-42.6854],[148.0668,-42.6789],[148.0628,-42.6632],[148.0508,-42.6557],[148.0424,-42.6565],[148.0379,-42.6656],[148.0261,-42.6682]]]}},
{"type":"Feature","id":"TAS_MW006","properties":{"aac":"TAS_MW006","name":"South East Coast","state":"tas","type":"coastal waters","source":"IDM00003"},"geometry":{"type":"Polygon","coordinates":[[[147.9971,-43.2357],[147.9849,-43.2234],[147.9777,-43.2183],[147.9493,-43.2151],[147.9497,-43.2041],[147.9444,-43.1943],[147.9309,-43.1981],[147.9163,-43.1893],[147.8959,-43.1904],[147.8919,-43.1595],[147.8948,-43.1549],[147.8882,-43.1415],[147.8868,-43.124],[147.8813,-43.123],[147.8691,-43.1307],[147.8634,-43.1221],[147.8634,-43.108],[147.8503,-43.1237],[147.8577,-43.1295],[147.8567,-43.1439],[147.8458,-43.1548],[147.8604,-43.1643],[147.8706,-43.1536],[147.8707,-43.1635],[147.8564,-43.1721],[147.8528,-43.1806],[147.8581,-43.1858],[147.8657,-43.1827],[147.8756,-43.191],[147.8665,-43.1975],[147.8739,-43.2069],[147.8652,-43.206],[147.8431,-43.188],[147.8383,-43.1951],[147.8234,-43.1966],[147.8182,-43.2057],[147.8073,-43.2082],[147.7974,-43.2174],[147.8003,-43.2306],[147.7979,-43.2391],[147.7812,-43.2325],[147.7825,-43.2206],[147.7768,-43.2132],[147.7633,-43.2064],[147.7523,-43.2088],[147.7442,-43.205],[147.746,-43.1975],[147.7339,-43.2002],[147.7215,-43.1928],[147.7172,-43.1983],[147.711,-43.1911],[147.7156,-43.1784],[147.7055,-43.1785],[147.6953,-43.169],[147.7013,-43.1601],[147.6962,-43.1536],[147.6981,-43.1455],[147.69,-43.1414],[147.6929,-43.1324],[147.7055,-43.1218],[147.6725,-43.1377],[147.4312,-43.2511],[147.4227,-43.2524],[147.4169,-43.2404],[147.3942,-43.2442],[147.3531,-43.2678],[147.3279,-43.294],[147.3211,-43.3094],[147.3252,-43.3227],[147.3228,-43.3441],[147.3287,-43.3588],[147.3405,-43.3668],[147.3506,-43.3676],[147.3674,-43.3497],[147.3821,-43.3642],[147.3799,-43.3893],[147.3656,-43.3908],[147.3602,-43.4013],[147.3495,-43.4049],[147.3484,-43.4155],[147.3388,-43.4229],[147.3448,-43.4363],[147.3328,-43.4406],[147.3215,-43.4694],[147.3287,-43.4936],[147.3236,-43.502],[147.3167,-43.501],[147.2953,-43.5153],[147.2906,-43.5048],[147.2835,-43.5052],[147.2703,-43.4965],[147.2636,-43.4875],[147.2506,-43.4927],[147.2457,-43.4878],[147.2425,-43.4659],[147.2509,-43.4651],[147.2561,-43.4582],[147.2494,-43.4436],[147.2178,-43.4363],[147.2023,-43.4379],[147.2036,-43.4538],[147.1936,-43.4662],[147.1807,-43.4706],[147.1859,-43.4804],[147.1797,-43.4901],[147.1583,-43.4829],[147.1514,-43.4858],[147.1477,-43.4947],[147.0032,-43.4788],[146.9816,-43.4873],[146.9817,-43.4738],[146.9716,-43.4689],[146.96,-43.476],[146.9425,-43.478],[146.9363,-43.4902],[146.9293,-43.4944],[146.9438,-43.5023],[146.9447,-43.5117],[146.9537,-43.5096],[146.9716,-43.491],[146.978,-43.4935],[146.9564,-43.5102],[146.957,-43.5269],[146.9534,-43.5331],[146.9338,-43.534],[146.9174,-43.5465],[146.9044,-43.5397],[146.9112,-43.5324],[146.9074,-43.522],[146.897,-43.5266],[146.8909,-43.5353],[146.8937,-43.5421],[146.8885,-43.5519],[146.8936,-43.5592],[146.9037,-43.5624],[146.8873,-43.5664],[146.888,-43.5786],[146.8932,-43.5828],[146.9157,-43.569],[146.9242,-43.5813],[146.9185,-43.5859],[146.9216,-43.5992],[146.8945,-43.616],[146.8866,-43.6154],[146.8745,-43.6227],[146.8714,-43.6365],[146.8635,-43.6322],[146.8502,-43.6367],[146.8452,-43.6332],[146.8272,-43.6429],[146.8265,-43.6387],[146.839,-43.6309],[146.8336,-43.6165],[146.8185,-43.6065],[146.8096,-43.6046],[146.8253,-43.6437],[147.1997,-44.5442],[147.7013,-44.2238],[148.445,-44.1233],[148.8764,-43.7197],[148.8952,-43.6095],[148.008,-43.242],[148,-43.2455],[147.9971,-43.2357]]]}},
{"type":"Feature","id":"TAS_MW007","properties":{"aac":"TAS_MW007","name":"South West Coast","state":"tas","type":"coastal waters","source":"IDM00003"},"geometry":{"type":"Polygon","coordinates":[[[146.8253,-43.6437],[146.8096,-43.6046],[146.7873,-43.5999],[146.7816,-43.6094],[146.7713,-43.608],[146.7648,-43.6136],[146.7548,-43.6086],[146.7461,-43.6101],[146.7248,-43.6305],[146.712,-43.626],[146.7056,-43.6323],[146.698,-43.6249],[146.6861,-43.5967],[146.6702,-43.5947],[146.66,-43.6065],[146.6534,-43.5967],[146.6563,-43.5834],[146.6438,-43.5797],[146.6288,-43.5657],[146.6185,-43.5627],[146.6068,-43.5682],[146.6103,-43.56],[146.5972,-43.559],[146.6027,-43.5522],[146.5949,-43.5448],[146.5428,-43.5243],[146.5296,-43.5307],[146.5074,-43.5246],[146.4981,-43.53],[146.4903,-43.5426],[146.4748,-43.5351],[146.4701,-43.5422],[146.4614,-43.5424],[146.4538,-43.5346],[146.4425,-43.5378],[146.4107,-43.5356],[146.4072,-43.5397],[146.3923,-43.5302],[146.3742,-43.5348],[146.3674,-43.5307],[146.3646,-43.5178],[146.3442,-43.5149],[146.3233,-43.5236],[146.3164,-43.5365],[146.2886,-43.5438],[146.287,-43.5356],[146.2695,-43.5259],[146.27,-43.5126],[146.2768,-43.5041],[146.2737,-43.4984],[146.252,-43.4897],[146.2248,-43.4916],[146.2154,-43.4966],[146.2107,-43.5076],[146.2123,-43.5335],[146.1995,-43.5395],[146.1846,-43.5323],[146.1773,-43.5106],[146.1624,-43.5164],[146.1589,-43.5032],[146.1433,-43.5044],[146.1483,-43.5284],[146.137,-43.518],[146.1088,-43.5275],[146.1076,-43.5442],[146.1102,-43.557],[146.095,-43.5561],[146.0913,-43.5432],[146.0813,-43.5408],[146.0701,-43.5558],[146.0466,-43.5527],[146.0343,-43.5703],[146.0303,-43.5697],[146.0371,-43.5514],[146.0349,-43.5398],[146.0416,-43.5314],[146.0365,-43.5213],[146.043,-43.5084],[146.0286,-43.4888],[146.0322,-43.4689],[146.0289,-43.4635],[146.0159,-43.4595],[146.0182,-43.4542],[146.0004,-43.4326],[145.9982,-43.4067],[145.9725,-43.4032],[145.9775,-43.3963],[145.9652,-43.3817],[145.9495,-43.381],[145.9351,-43.39],[145.9237,-43.3817],[145.9331,-43.3773],[145.935,-43.3701],[145.9486,-43.3706],[145.9543,-43.36],[145.9723,-43.3695],[145.9788,-43.3559],[145.9886,-43.3613],[145.994,-43.374],[145.9852,-43.3861],[145.9894,-43.3948],[145.9986,-43.385],[145.9954,-43.3777],[146,-43.368],[145.9931,-43.364],[145.9912,-43.3488],[145.9797,-43.3527],[145.9764,-43.3487],[145.9829,-43.3331],[145.9887,-43.3296],[146.0043,-43.3452],[146.0435,-43.3463],[146.0679,-43.3535],[146.0765,-43.3593],[146.0731,-43.3666],[146.0908,-43.3705],[146.0925,-43.3648],[146.0608,-43.3465],[146.0607,-43.3426],[146.0756,-43.3493],[146.0894,-43.3507],[146.108,-43.3489],[146.1095,-43.3522],[146.1315,-43.3556],[146.1305,-43.3658],[146.1407,-43.3757],[146.1488,-43.3778],[146.1513,-43.3873],[146.1597,-43.3921],[146.1691,-43.3795],[146.1625,-43.3655],[146.1674,-43.3615],[146.1837,-43.3606],[146.2094,-43.3646],[146.2098,-43.3736],[146.2175,-43.386],[146.2282,-43.3849],[146.2271,-43.376],[146.2159,-43.3658],[146.2282,-43.3613],[146.2242,-43.3332],[146.2304,-43.3255],[146.2178,-43.3223],[146.2113,-43.3305],[146.198,-43.3175],[146.1862,-43.3157],[146.1826,-43.3267],[146.178,-43.3265],[146.1734,-43.3153],[146.1772,-43.2985],[146.1707,-43.2922],[146.1527,-43.304],[146.1587,-43.312],[146.1422,-43.3226],[146.1374,-43.3451],[146.1318,-43.3489],[146.1135,-43.3483],[146.097,-43.3408],[146.0842,-43.3397],[146.0718,-43.3224],[146.0713,-43.31],[146.0633,-43.3039],[146.0537,-43.3104],[146.0497,-43.3214],[146.0604,-43.3292],[146.0521,-43.3369],[146.0406,-43.3335],[146.03,-43.3427],[146.0271,-43.3383],[146.0057,-43.3314],[146.0054,-43.32],[145.985,-43.3223],[145.9815,-43.3156],[145.9834,-43.3047],[145.9699,-43.3023],[145.9641,-43.2913],[145.9661,-43.2859],[145.9573,-43.2789],[145.9707,-43.2784],[145.9756,-43.2692],[145.9689,-43.2664],[145.9737,-43.2512],[145.97,-43.2478],[145.9772,-43.2329],[145.9675,-43.2279],[145.948,-43.2295],[145.9477,-43.2253],[145.9323,-43.2114],[145.919,-43.2158],[145.9254,-43.2247],[145.9283,-43.247],[145.9098,-43.2474],[145.8987,-43.2636],[145.874,-43.2583],[145.871,-43.2648],[145.8767,-43.2718],[145.8655,-43.2765],[145.8738,-43.2859],[145.8825,-43.2893],[145.8988,-43.2823],[145.9062,-43.2666],[145.9255,-43.2672],[145.9277,-43.2723],[145.9214,-43.2918],[145.9283,-43.3004],[145.9003,-43.3004],[145.8964,-43.3134],[145.8796,-43.3109],[145.8717,-43.322],[145.8593,-43.3162],[145.8524,-43.3064],[145.8525,-43.2929],[145.842,-43.2929],[145.8304,-43.2873],[145.8308,-43.2814],[145.8202,-43.2797],[145.8159,-43.2667],[145.8184,-43.2493],[145.8082,-43.2492],[145.8056,-43.2352],[145.8096,-43.2281],[145.8012,-43.2237],[145.8062,-43.209],[145.7904,-43.1982],[145.7958,-43.1911],[145.77,-43.1856],[145.7628,-43.1927],[145.7568,-43.1717],[145.7592,-43.1648],[145.7464,-43.155],[145.7419,-43.1428],[145.7346,-43.1369],[145.7258,-43.1368],[145.7262,-43.1222],[145.7323,-43.1135],[145.7195,-43.1095],[145.7024,-43.1193],[145.6953,-43.1174],[145.6857,-43.1016],[145.6758,-43.1031],[145.6697,-43.0972],[145.6783,-43.0904],[145.6713,-43.0812],[145.6759,-43.0709],[145.6869,-43.0658],[145.6867,-43.0539],[145.6621,-43.0439],[145.6494,-43.0482],[145.6395,-43.0244],[145.6127,-43.0099],[145.6127,-43.0036],[145.6028,-42.9968],[145.5912,-42.9725],[145.5619,-42.9706],[145.5321,-42.9826],[145.5161,-42.9805],[145.5006,-42.9866],[145.495,-42.9919],[144.803,-43.6839],[145.4287,-44.3508],[145.9066,-44.5488],[147.1087,-44.6023],[147.1997,-44.5442],[146.8253,-43.6437]],[[146.3567,-43.6074],[146.3424,-43.604],[146.339,-43.5901],[146.3769,-43.5863],[146.377,-43.5988],[146.3567,-43.6074]],[[146.2734,-43.6585],[146.268,-43.6578],[146.2765,-43.6366],[146.2872,-43.6521],[146.2734,-43.6585]]]}},
{"type":"Feature","id":"TAS_MW008","properties":{"aac":"TAS_MW008","name":"Central West Coast","state":"tas","type":"coastal waters","source":"IDM00003"},"geometry":{"type":"Polygon","coordinates":[[[145.495,-42.9919],[145.5006,-42.9866],[145.5046,-42.9765],[145.4955,-42.9731],[145.4985,-42.9627],[145.4926,-42.9555],[145.4992,-42.9502],[145.4918,-42.9337],[145.4836,-42.9284],[145.4842,-42.9154],[145.4712,-42.9053],[145.46,-42.9048],[145.4544,-42.8918],[145.4365,-42.8736],[145.4394,-42.8667],[145.4372,-42.8543],[145.4306,-42.8502],[145.4256,-42.8374],[145.4227,-42.8141],[145.4081,-42.7773],[145.3957,-42.7757],[145.3837,-42.7689],[145.3804,-42.7516],[145.3905,-42.7407],[145.3939,-42.7236],[145.3839,-42.727],[145.3738,-42.6937],[145.366,-42.6872],[145.3666,-42.657],[145.3486,-42.6508],[145.3358,-42.655],[145.3306,-42.6456],[145.337,-42.6366],[145.3308,-42.6282],[145.3255,-42.6298],[145.3122,-42.6203],[145.2896,-42.6225],[145.2852,-42.6306],[145.271,-42.6288],[145.2631,-42.6202],[145.2642,-42.6125],[145.2817,-42.6145],[145.3006,-42.6006],[145.2982,-42.5939],[145.3034,-42.5707],[145.2885,-42.5689],[145.2782,-42.5627],[145.2813,-42.5525],[145.2762,-42.5507],[145.2669,-42.5349],[145.2672,-42.5284],[145.2536,-42.5215],[145.2611,-42.5154],[145.262,-42.5032],[145.2551,-42.4878],[145.2458,-42.4838],[145.2369,-42.4719],[145.2457,-42.4649],[145.2548,-42.4476],[145.254,-42.4376],[145.2451,-42.4345],[145.2354,-42.4006],[145.2376,-42.3921],[145.2253,-42.3864],[145.2295,-42.3714],[145.2168,-42.3659],[145.2249,-42.3563],[145.1972,-42.3276],[145.1955,-42.3122],[145.2133,-42.2993],[145.2113,-42.2861],[145.2149,-42.2792],[145.2068,-42.2543],[145.191,-42.2424],[145.1941,-42.2275],[145.1872,-42.2209],[145.1903,-42.2077],[145.1761,-42.2063],[145.1678,-42.1969],[145.1788,-42.1938],[145.1975,-42.1976],[145.1984,-42.2063],[145.2144,-42.2116],[145.2148,-42.2192],[145.225,-42.2287],[145.2205,-42.2418],[145.236,-42.2447],[145.2331,-42.2484],[145.2368,-42.263],[145.2559,-42.2674],[145.2505,-42.2816],[145.2548,-42.2889],[145.2671,-42.2911],[145.2728,-42.2842],[145.2896,-42.2829],[145.2933,-42.2956],[145.3073,-42.2959],[145.317,-42.2881],[145.3124,-42.2989],[145.3111,-42.3207],[145.3319,-42.3307],[145.3324,-42.3389],[145.3526,-42.3441],[145.366,-42.3556],[145.3705,-42.3542],[145.3937,-42.3748],[145.4113,-42.3705],[145.4356,-42.3863],[145.4435,-42.4018],[145.4528,-42.4049],[145.4467,-42.4297],[145.447,-42.4379],[145.4597,-42.4582],[145.4663,-42.4871],[145.4623,-42.4996],[145.4663,-42.5192],[145.4805,-42.5299],[145.4784,-42.5059],[145.4732,-42.5005],[145.4788,-42.4799],[145.4668,-42.4398],[145.4577,-42.4366],[145.4911,-42.4221],[145.4948,-42.4289],[145.506,-42.4356],[145.5162,-42.4327],[145.5267,-42.4234],[145.5205,-42.4193],[145.5342,-42.4091],[145.5388,-42.3872],[145.5508,-42.3877],[145.5448,-42.3825],[145.544,-42.3705],[145.5561,-42.3643],[145.5585,-42.3568],[145.5446,-42.3524],[145.5339,-42.363],[145.5305,-42.3731],[145.5133,-42.3738],[145.5037,-42.3632],[145.5204,-42.3678],[145.5277,-42.3604],[145.5186,-42.3483],[145.518,-42.3391],[145.4999,-42.3326],[145.4934,-42.3226],[145.4906,-42.3359],[145.4975,-42.3429],[145.488,-42.3415],[145.4802,-42.3478],[145.4928,-42.3558],[145.4806,-42.364],[145.4781,-42.349],[145.4676,-42.3463],[145.4635,-42.3241],[145.4329,-42.3144],[145.4228,-42.2901],[145.4038,-42.281],[145.3774,-42.2516],[145.3655,-42.2516],[145.367,-42.2413],[145.3611,-42.2341],[145.372,-42.2258],[145.3643,-42.2097],[145.3726,-42.2028],[145.3571,-42.2025],[145.3619,-42.1878],[145.358,-42.175],[145.3386,-42.1672],[145.3309,-42.1742],[145.3262,-42.1587],[145.3147,-42.1543],[145.3119,-42.1609],[145.3186,-42.1759],[145.294,-42.1797],[145.283,-42.186],[145.2688,-42.2021],[145.277,-42.2093],[145.2882,-42.2086],[145.2877,-42.2294],[145.2698,-42.2326],[145.2484,-42.221],[145.2259,-42.2199],[145.2266,-42.2126],[145.2561,-42.1812],[145.2639,-42.1467],[145.2629,-42.0995],[145.2472,-42.0395],[145.1904,-41.9453],[145.1807,-41.9391],[145.1736,-41.9282],[145.1577,-41.9237],[145.1526,-41.914],[145.1279,-41.9029],[145.1215,-41.8903],[145.0732,-41.8547],[145.0683,-41.8369],[145.0345,-41.8069],[145.0252,-41.8042],[145.0086,-41.7841],[145.0089,-41.7712],[144.9973,-41.7623],[144.9932,-41.7517],[144.967,-41.7252],[144.9481,-41.7172],[144.9337,-41.7245],[144.9206,-41.714],[144.9111,-41.6862],[144.9282,-41.6751],[144.9265,-41.6687],[144.9091,-41.6553],[144.9067,-41.6415],[144.8982,-41.639],[144.9057,-41.6272],[144.889,-41.5893],[144.8331,-41.5071],[144.8162,-41.4918],[144.8122,-41.4775],[144.7947,-41.462],[144.79,-41.4473],[144.7794,-41.4366],[144.7672,-41.4337],[144.7595,-41.4249],[144.7483,-41.4196],[143.8233,-41.802],[143.8237,-41.8034],[144.1916,-42.3963],[144.3667,-42.9994],[144.6701,-43.5422],[144.803,-43.6839],[145.495,-42.9919]]]}},
{"type":"Feature","id":"TAS_MW009","properties":{"aac":"TAS_MW009","name":"Banks Strait and Franklin Sound","state":"tas","type":"coastal waters","source":"IDM00003"},"geometry":{"type":"MultiPolygon","coordinates":[[[[148.3496,-40.9962],[148.4813,-40.4358],[148.4735,-40.443],[148.4504,-40.4365],[148.437,-40.4407],[148.4294,-40.4494],[148.4353,-40.4536],[148.4298,-40.4655],[148.4134,-40.4629],[148.4008,-40.4737],[148.3974,-40.4901],[148.3882,-40.4872],[148.3873,-40.4792],[148.3776,-40.477],[148.3641,-40.4818],[148.3515,-40.493],[148.3374,-40.4847],[148.3362,-40.4648],[148.3094,-40.4262],[148.2947,-40.4342],[148.284,-40.428],[148.2738,-40.4308],[148.2737,-40.4363],[148.2525,-40.4521],[148.2254,-40.466],[148.2059,-40.4415],[148.1957,-40.4372],[148.182,-40.4453],[148.1515,-40.4496],[148.143,-40.4594],[148.141,-40.4492],[148.1256,-40.4395],[148.1144,-40.4475],[148.0914,-40.4501],[148.0869,-40.4571],[148.0623,-40.4536],[148.0594,-40.4494],[148.0468,-40.4488],[148.0429,-40.4322],[148.025,-40.4298],[148.0301,-40.4222],[148.0137,-40.4134],[147.9983,-40.423],[147.9903,-40.4216],[147.937,-40.7409],[147.9407,-40.7446],[147.9502,-40.7464],[147.9775,-40.7411],[148.0113,-40.7456],[148.0188,-40.753],[148.0324,-40.7509],[148.0327,-40.7569],[148.0448,-40.7672],[148.0856,-40.7734],[148.1009,-40.7878],[148.1174,-40.8124],[148.1393,-40.8297],[148.1662,-40.8341],[148.1744,-40.8296],[148.1773,-40.8212],[148.198,-40.8398],[148.2238,-40.8464],[148.2194,-40.8626],[148.2252,-40.8751],[148.2375,-40.886],[148.2612,-40.8918],[148.2737,-40.9202],[148.2947,-40.9392],[148.3019,-40.9405],[148.3037,-40.9612],[148.317,-40.9715],[148.3155,-40.9781],[148.3294,-40.9907],[148.3442,-40.9873],[148.3487,-40.9925],[148.3339,-40.9962],[148.3496,-40.9962]],[[148.22,-40.498],[148.2275,-40.4856],[148.247,-40.4795],[148.2464,-40.4972],[148.2311,-40.5088],[148.2278,-40.5257],[148.2345,-40.5326],[148.207,-40.555],[148.1918,-40.5739],[148.1979,-40.5888],[148.188,-40.5872],[148.1796,-40.5937],[148.1491,-40.5659],[148.1317,-40.5656],[148.1274,-40.571],[148.1134,-40.5654],[148.1202,-40.5386],[148.1106,-40.5349],[148.0981,-40.5369],[148.0954,-40.5298],[148.115,-40.5093],[148.1263,-40.5104],[148.1296,-40.5024],[148.1729,-40.4976],[148.193,-40.4895],[148.2094,-40.5035],[148.22,-40.498]],[[148.0936,-40.7439],[148.0936,-40.7349],[148.1085,-40.7338],[148.1188,-40.727],[148.1237,-40.7348],[148.1072,-40.7428],[148.0998,-40.7388],[148.0936,-40.7439]]],[[[148.4464,-40.3791],[148.3343,-40.2115],[148.3137,-40.2234],[148.2849,-40.2313],[148.2714,-40.2303],[148.2721,-40.2174],[148.2589,-40.21],[148.2431,-40.2132],[148.2346,-40.2093],[148.2101,-40.2108],[148.1892,-40.2259],[148.1929,-40.2333],[148.1846,-40.2408],[148.1868,-40.2486],[148.169,-40.2521],[148.1634,-40.2589],[148.1496,-40.2649],[148.1302,-40.2671],[148.122,-40.274],[148.0987,-40.2633],[148.0889,-40.2687],[148.0833,-40.2604],[148.0663,-40.2585],[148.0606,-40.249],[148.0466,-40.2496],[148.0413,-40.2307],[148.0281,-40.2298],[148.026,-40.2182],[148.0238,-40.2203],[147.9972,-40.3801],[148.0072,-40.3782],[148.0242,-40.3673],[148.028,-40.3695],[148.0392,-40.3584],[148.0615,-40.3587],[148.0818,-40.3395],[148.0866,-40.3454],[148.1036,-40.341],[148.1127,-40.3434],[148.1427,-40.337],[148.1453,-40.343],[148.1587,-40.3421],[148.1642,-40.3478],[148.1839,-40.3447],[148.1959,-40.3536],[148.2085,-40.3395],[148.2132,-40.3176],[148.2258,-40.3221],[148.2276,-40.3301],[148.2413,-40.3275],[148.2658,-40.3383],[148.2823,-40.3199],[148.3016,-40.3213],[148.3082,-40.3118],[148.3181,-40.3115],[148.3327,-40.2954],[148.3464,-40.3042],[148.3536,-40.3189],[148.3632,-40.3233],[148.3699,-40.3411],[148.3865,-40.3484],[148.4099,-40.3734],[148.4247,-40.372],[148.4464,-40.3791]]]]}},
{"type":"Feature","id":"TAS_MW010","properties":{"aac":"TAS_MW010","name":"Central Plateau Lakes","state":"tas","type":"inland waters","source":"IDM00003"},"geometry":{"type":"MultiPolygon","coordinates":[[[[147.169,-42.2063],[147.1904,-42.2042],[147.1949,-42.1986],[147.1872,-42.1835],[147.199,-42.1712],[147.1926,-42.1599],[147.1718,-42.1526],[147.1685,-42.1425],[147.1536,-42.1391],[147.1467,-42.1537],[147.1493,-42.1632],[147.1555,-42.1662],[147.1447,-42.1756],[147.1447,-42.1816],[147.1579,-42.1987],[147.169,-42.2063]]],[[[147.1567,-42.0766],[147.1482,-42.0653],[147.1332,-42.0636],[147.1254,-42.0695],[147.1056,-42.1055],[147.1129,-42.1142],[147.1354,-42.1159],[147.1494,-42.1009],[147.1541,-42.1053],[147.1419,-42.1289],[147.1361,-42.1222],[147.1147,-42.1215],[147.1159,-42.1333],[147.1312,-42.1311],[147.146,-42.1377],[147.1637,-42.1299],[147.1696,-42.1322],[147.1723,-42.1439],[147.1883,-42.1449],[147.1899,-42.127],[147.1993,-42.1285],[147.2006,-42.1142],[147.2206,-42.1103],[147.2327,-42.0997],[147.234,-42.0943],[147.2041,-42.0757],[147.1816,-42.0729],[147.1567,-42.0766]]],[[[146.9145,-41.9352],[146.908,-41.929],[146.9134,-41.9175],[146.9055,-41.9129],[146.8979,-41.9317],[146.9063,-41.9674],[146.902,-41.9736],[146.8763,-41.9681],[146.86,-41.9946],[146.8712,-41.9997],[146.8888,-42.0006],[146.8838,-42.0093],[146.8901,-42.013],[146.8907,-42.0266],[146.8953,-42.0311],[146.9147,-42.0225],[146.9199,-42.0318],[146.9266,-42.0271],[146.9432,-42.0231],[146.9519,-42.0151],[146.9569,-42.0036],[146.9748,-41.9884],[146.9725,-41.9697],[146.9813,-41.95],[146.9678,-41.9501],[146.9639,-41.9409],[146.9483,-41.9335],[146.9408,-41.9368],[146.9314,-41.9326],[146.9145,-41.9352]]],[[[146.7308,-41.8021],[146.7355,-41.7794],[146.7083,-41.7816],[146.7052,-41.791],[146.6945,-41.7871],[146.6955,-41.7924],[146.6823,-41.7951],[146.6848,-41.8089],[146.6759,-41.8144],[146.6808,-41.8337],[146.7092,-41.867],[146.7193,-41.8863],[146.7096,-41.8881],[146.6985,-41.8845],[146.6975,-41.9094],[146.7077,-41.9167],[146.7001,-41.9223],[146.691,-41.9211],[146.6894,-41.9304],[146.695,-41.9398],[146.6878,-41.9406],[146.69,-41.9533],[146.6826,-41.9557],[146.7153,-41.9697],[146.7057,-41.9718],[146.6873,-41.9675],[146.6806,-41.9817],[146.689,-41.9893],[146.6976,-41.9834],[146.7076,-41.9888],[146.7227,-41.9795],[146.7472,-41.9784],[146.7596,-41.9718],[146.7706,-41.9587],[146.7819,-41.961],[146.7923,-41.9734],[146.7995,-41.967],[146.796,-41.9577],[146.7989,-41.9507],[146.7806,-41.9484],[146.7773,-41.9361],[146.7814,-41.9187],[146.7902,-41.906],[146.7874,-41.8847],[146.7828,-41.8804],[146.7627,-41.8826],[146.7558,-41.876],[146.7714,-41.8772],[146.8016,-41.8719],[146.8155,-41.8822],[146.825,-41.8748],[146.8183,-41.8648],[146.8259,-41.852],[146.8334,-41.8523],[146.827,-41.8224],[146.8094,-41.8228],[146.8034,-41.8309],[146.7848,-41.827],[146.7712,-41.832],[146.7653,-41.8122],[146.7427,-41.8137],[146.7308,-41.8021]]]]}},
{"type":"Feature","id":"TAS_MW011","properties":{"aac":"TAS_MW011","name":"Channel","state":"tas","type":"local waters","source":"IDM00003"},"geometry":{"type":"Polygon","coordinates":[[[147.3512,-43.0634],[147.3425,-43.0527],[147.3336,-43.058],[147.3157,-43.0594],[147.2907,-43.0264],[147.2847,-43.0099],[147.2777,-43.0107],[147.27,-43.0207],[147.2796,-43.0259],[147.2733,-43.0418],[147.2677,-43.0438],[147.2645,-43.0655],[147.2576,-43.0713],[147.2915,-43.0791],[147.3011,-43.088],[147.2857,-43.1035],[147.2851,-43.1105],[147.2742,-43.1043],[147.2595,-43.1061],[147.2718,-43.1144],[147.2693,-43.1214],[147.2479,-43.1229],[147.25,-43.1276],[147.2627,-43.1308],[147.2517,-43.1328],[147.2391,-43.1539],[147.2391,-43.1619],[147.2484,-43.1655],[147.2397,-43.1746],[147.2429,-43.182],[147.2556,-43.1874],[147.2612,-43.2231],[147.2564,-43.2368],[147.2418,-43.2534],[147.2423,-43.2672],[147.217,-43.2809],[147.1891,-43.2761],[147.1688,-43.2828],[147.1466,-43.2718],[147.1422,-43.2543],[147.1444,-43.2497],[147.1307,-43.2472],[147.1261,-43.2424],[147.1037,-43.2517],[147.0905,-43.2433],[147.0996,-43.2382],[147.0926,-43.2189],[147.1,-43.2144],[147.1144,-43.2136],[147.116,-43.2091],[147.1028,-43.2064],[147.1065,-43.203],[147.1012,-43.1899],[147.1043,-43.1849],[147.0939,-43.1811],[147.0936,-43.1705],[147.085,-43.1649],[147.081,-43.1716],[147.0874,-43.1917],[147.0732,-43.2023],[147.084,-43.2068],[147.065,-43.2164],[147.0638,-43.224],[147.0248,-43.2067],[147.0245,-43.2012],[147.0112,-43.1914],[146.9841,-43.1895],[146.984,-43.1782],[146.9933,-43.1746],[146.9999,-43.155],[146.9974,-43.1466],[147.0038,-43.1363],[147.007,-43.1194],[146.9948,-43.1162],[146.9928,-43.1292],[146.9723,-43.1389],[146.9794,-43.1458],[146.9804,-43.1587],[146.9658,-43.1566],[146.9605,-43.1595],[146.9738,-43.1695],[146.9682,-43.1774],[146.9716,-43.1838],[146.9648,-43.1905],[146.9702,-43.1932],[146.973,-43.2048],[146.9942,-43.2057],[146.9927,-43.2152],[147.0029,-43.2142],[147.0083,-43.2203],[147.0209,-43.2234],[147.0386,-43.2397],[147.0652,-43.2487],[147.0651,-43.2557],[147.0731,-43.2674],[147.0981,-43.2796],[147.1001,-43.2917],[147.0818,-43.2922],[147.0764,-43.3111],[147.0683,-43.3183],[147.0714,-43.3251],[147.0664,-43.3321],[147.0597,-43.3289],[147.0554,-43.3167],[147.0474,-43.3126],[147.0133,-43.3159],[147.0049,-43.3235],[147.0078,-43.3426],[147.0209,-43.3336],[147.0337,-43.3447],[147.0471,-43.3466],[147.061,-43.3553],[147.0541,-43.3574],[147.0479,-43.3792],[147.0334,-43.3864],[147.0318,-43.3961],[147.0187,-43.4025],[147.0248,-43.4108],[147.014,-43.422],[147.0239,-43.4274],[147.0274,-43.4349],[147.0188,-43.4427],[147.0086,-43.4354],[146.9952,-43.4337],[146.987,-43.4409],[146.974,-43.4322],[146.9649,-43.4359],[146.96,-43.4467],[146.9507,-43.447],[146.9351,-43.4255],[146.9228,-43.4178],[146.9287,-43.4349],[146.9191,-43.4387],[146.9166,-43.4467],[146.9421,-43.4402],[146.9377,-43.4472],[146.9493,-43.4529],[146.9604,-43.4479],[146.9699,-43.4555],[146.9848,-43.4552],[146.9966,-43.4616],[147.0032,-43.4788],[147.1477,-43.4947],[147.139,-43.4921],[147.1422,-43.4873],[147.134,-43.4817],[147.1376,-43.4646],[147.1337,-43.4538],[147.1262,-43.4523],[147.1144,-43.4362],[147.0998,-43.4328],[147.0933,-43.4198],[147.1013,-43.411],[147.1168,-43.4115],[147.1271,-43.4193],[147.133,-43.4323],[147.1539,-43.4579],[147.1608,-43.4633],[147.1809,-43.4576],[147.1723,-43.4506],[147.1812,-43.4415],[147.175,-43.4373],[147.1925,-43.4282],[147.1857,-43.4174],[147.1767,-43.4213],[147.1716,-43.4052],[147.1757,-43.3938],[147.1863,-43.3865],[147.1794,-43.3516],[147.1896,-43.349],[147.1862,-43.3572],[147.1966,-43.3608],[147.2007,-43.3691],[147.1993,-43.379],[147.2079,-43.3825],[147.2191,-43.376],[147.2183,-43.3619],[147.2344,-43.3634],[147.232,-43.3556],[147.2237,-43.3508],[147.2229,-43.3391],[147.2418,-43.3265],[147.2439,-43.3066],[147.2532,-43.299],[147.271,-43.2951],[147.2729,-43.2744],[147.2858,-43.2671],[147.2923,-43.2404],[147.2956,-43.2547],[147.3022,-43.2628],[147.2991,-43.2729],[147.3074,-43.2965],[147.3299,-43.2871],[147.3568,-43.2589],[147.3595,-43.2499],[147.3538,-43.2409],[147.3565,-43.2284],[147.3478,-43.2196],[147.3644,-43.2083],[147.3762,-43.2141],[147.3834,-43.2069],[147.3868,-43.1958],[147.3845,-43.182],[147.379,-43.1766],[147.3627,-43.1755],[147.3545,-43.1858],[147.3301,-43.182],[147.3437,-43.1736],[147.3377,-43.1692],[147.2994,-43.1801],[147.2991,-43.169],[147.2853,-43.1707],[147.2764,-43.1656],[147.2835,-43.158],[147.296,-43.157],[147.2917,-43.1454],[147.2844,-43.1437],[147.3079,-43.1362],[147.3298,-43.1516],[147.3306,-43.1412],[147.3516,-43.1304],[147.346,-43.1212],[147.338,-43.1194],[147.3331,-43.1287],[147.3231,-43.1257],[147.3304,-43.1149],[147.3149,-43.1186],[147.3068,-43.1122],[147.3168,-43.1087],[147.3229,-43.0917],[147.345,-43.0753],[147.3512,-43.0634]]]}},
{"type":"Feature","id":"TAS_MW012","properties":{"aac":"TAS_MW012","name":"Derwent Estuary","state":"tas","type":"local waters","source":"IDM00003"},"geometry":{"type":"Polygon","coordinates":[[[147.3425,-43.0527],[147.4193,-43.0498],[147.4046,-43.0365],[147.4151,-43.0262],[147.4112,-43.0117],[147.3974,-43.0057],[147.405,-42.9838],[147.3929,-42.9754],[147.402,-42.9735],[147.4055,-42.9624],[147.4098,-42.9731],[147.4052,-42.9777],[147.4193,-42.9842],[147.4183,-43.0033],[147.428,-43.0122],[147.4295,-43.0255],[147.4489,-43.0316],[147.4668,-43.0276],[147.4737,-43.0185],[147.4692,-42.9989],[147.4798,-42.9844],[147.4758,-42.9754],[147.4664,-42.9695],[147.4498,-42.9727],[147.4472,-42.9639],[147.4542,-42.956],[147.4555,-42.9404],[147.4645,-42.9312],[147.466,-42.923],[147.478,-42.9181],[147.486,-42.9286],[147.4858,-42.9126],[147.4795,-42.9065],[147.459,-42.9111],[147.4368,-42.9082],[147.4351,-42.9224],[147.4223,-42.9394],[147.4103,-42.9382],[147.4108,-42.9185],[147.4186,-42.9112],[147.4152,-42.9007],[147.4051,-42.8894],[147.4054,-42.8837],[147.3698,-42.8783],[147.3692,-42.8701],[147.3534,-42.8753],[147.3564,-42.8655],[147.3514,-42.864],[147.3596,-42.8488],[147.3465,-42.8509],[147.3188,-42.8248],[147.321,-42.8168],[147.2849,-42.8026],[147.282,-42.798],[147.2936,-42.7894],[147.286,-42.7796],[147.267,-42.7797],[147.2616,-42.7544],[147.2551,-42.7568],[147.2423,-42.7437],[147.2151,-42.7369],[147.2029,-42.7263],[147.1861,-42.7287],[147.1788,-42.7402],[147.1847,-42.7443],[147.2096,-42.7415],[147.2329,-42.7514],[147.2397,-42.7602],[147.2544,-42.7682],[147.2592,-42.7852],[147.2749,-42.7916],[147.2564,-42.8046],[147.2593,-42.8152],[147.2826,-42.8257],[147.2863,-42.8197],[147.2987,-42.8185],[147.3231,-42.8338],[147.3157,-42.8468],[147.327,-42.8454],[147.3214,-42.8553],[147.3367,-42.8636],[147.3372,-42.8743],[147.3428,-42.8773],[147.333,-42.884],[147.3404,-42.8903],[147.3328,-42.899],[147.3471,-42.9075],[147.3583,-42.9087],[147.3631,-42.9238],[147.3569,-42.951],[147.3473,-42.9532],[147.3399,-42.9731],[147.3256,-42.983],[147.3315,-42.989],[147.3244,-43.0055],[147.3449,-43.0477],[147.3425,-43.0527]]]}},
{"type":"Feature","id":"TAS_MW013","properties":{"aac":"TAS_MW013","name":"Frederick Henry Bay and Norfolk Bay","state":"tas","type":"local waters","source":"IDM00003"},"geometry":{"type":"Polygon","coordinates":[[[147.5544,-42.9857],[147.627,-42.9985],[147.6421,-42.993],[147.6686,-42.9996],[147.6845,-42.9853],[147.6856,-42.9741],[147.6706,-42.9632],[147.6771,-42.9574],[147.6664,-42.9444],[147.6675,-42.9384],[147.681,-42.9342],[147.7009,-42.9444],[147.7018,-42.9531],[147.7149,-42.9556],[147.7217,-42.9496],[147.7325,-42.9571],[147.7281,-42.9643],[147.7372,-42.9691],[147.7269,-42.9761],[147.7252,-42.985],[147.7159,-42.9905],[147.7082,-43.007],[147.7229,-43.0133],[147.7287,-43.0256],[147.741,-43.014],[147.7495,-43.0435],[147.7597,-43.0442],[147.7669,-43.0331],[147.7736,-43.0547],[147.7849,-43.048],[147.8055,-43.047],[147.8139,-43.06],[147.8266,-43.0555],[147.8376,-43.0603],[147.8447,-43.0552],[147.8356,-43.0413],[147.8493,-43.0357],[147.8559,-43.0416],[147.8604,-43.0553],[147.8642,-43.0506],[147.8628,-43.0357],[147.872,-43.0231],[147.8885,-43.0203],[147.869,-43.0108],[147.8608,-43.0145],[147.8463,-43.0131],[147.8502,-43.0082],[147.8385,-43.0032],[147.8428,-42.9977],[147.8384,-42.9908],[147.8551,-42.9839],[147.8374,-42.9798],[147.8327,-42.9703],[147.8234,-42.9757],[147.8118,-42.962],[147.8314,-42.9648],[147.8421,-42.957],[147.8533,-42.9575],[147.8499,-42.9481],[147.8655,-42.9466],[147.8579,-42.9355],[147.8366,-42.947],[147.8333,-42.9351],[147.813,-42.9306],[147.8236,-42.9181],[147.8218,-42.9075],[147.8154,-42.8988],[147.8033,-42.8925],[147.7926,-42.8923],[147.7915,-42.9021],[147.7711,-42.8994],[147.7669,-42.905],[147.745,-42.895],[147.7293,-42.8984],[147.7239,-42.8865],[147.7061,-42.894],[147.6933,-42.8913],[147.6813,-42.9005],[147.6714,-42.8994],[147.6701,-42.8917],[147.6557,-42.8864],[147.6511,-42.8928],[147.6438,-42.8905],[147.6413,-42.8744],[147.6142,-42.8677],[147.6123,-42.8642],[147.6219,-42.8419],[147.61,-42.834],[147.6088,-42.8238],[147.6028,-42.8223],[147.5956,-42.8069],[147.6028,-42.8039],[147.5966,-42.7855],[147.592,-42.797],[147.5837,-42.7988],[147.5535,-42.7939],[147.5507,-42.7852],[147.5394,-42.7845],[147.5358,-42.7747],[147.5292,-42.7834],[147.539,-42.797],[147.5344,-42.8053],[147.526,-42.8027],[147.5217,-42.7856],[147.5154,-42.7833],[147.4873,-42.8028],[147.4542,-42.7817],[147.4686,-42.7715],[147.4525,-42.7651],[147.4541,-42.7736],[147.4371,-42.7835],[147.4613,-42.8093],[147.4735,-42.8125],[147.4716,-42.8177],[147.4823,-42.8265],[147.4922,-42.8274],[147.5032,-42.8192],[147.5044,-42.8124],[147.514,-42.8117],[147.5194,-42.8266],[147.5804,-42.8254],[147.5963,-42.8297],[147.6137,-42.8456],[147.5883,-42.8381],[147.5584,-42.8389],[147.5304,-42.8472],[147.5066,-42.8621],[147.5042,-42.8671],[147.5118,-42.8762],[147.5017,-42.8908],[147.4958,-42.9113],[147.5027,-42.9168],[147.5128,-42.9161],[147.5158,-42.9245],[147.5259,-42.9257],[147.5369,-42.9411],[147.535,-42.9568],[147.5506,-42.9674],[147.5544,-42.9857]]]}},
{"type":"Feature","id":"TAS_MW014","properties":{"aac":"TAS_MW014","name":"Storm Bay","state":"tas","type":"local waters","source":"IDM00003"},"geometry":{"type":"Polygon","coordinates":[[[147.6187,-43.0083],[147.627,-42.9985],[147.5544,-42.9857],[147.5243,-42.9933],[147.5287,-43.0064],[147.5204,-43.0149],[147.5216,-43.0204],[147.4942,-43.0232],[147.4764,-43.0322],[147.4364,-43.038],[147.4245,-43.0427],[147.4193,-43.0498],[147.3425,-43.0527],[147.3512,-43.0634],[147.3585,-43.0633],[147.3668,-43.0705],[147.3637,-43.0871],[147.3746,-43.0887],[147.3773,-43.1007],[147.3856,-43.1048],[147.3901,-43.121],[147.4007,-43.1266],[147.3948,-43.1371],[147.3932,-43.1636],[147.4091,-43.1679],[147.4136,-43.1803],[147.4091,-43.1889],[147.4124,-43.2011],[147.4278,-43.2076],[147.4335,-43.2269],[147.4312,-43.2511],[147.6725,-43.1377],[147.7055,-43.1218],[147.7321,-43.1245],[147.7358,-43.1133],[147.7253,-43.1065],[147.7309,-43.1003],[147.7464,-43.1114],[147.7411,-43.0962],[147.7324,-43.0915],[147.7125,-43.1014],[147.7012,-43.0975],[147.6856,-43.1024],[147.6779,-43.0978],[147.672,-43.0866],[147.6513,-43.0893],[147.6426,-43.0768],[147.6278,-43.0738],[147.6232,-43.0654],[147.628,-43.0405],[147.623,-43.0358],[147.6187,-43.0083]]]}},
{"type":"Feature","id":"TAS_MW015","properties":{"aac":"TAS_MW015","name":"South West Lakes","state":"tas","type":"inland waters","source":"IDM00003"},"geometry":{"type":"MultiPolygon","coordinates":[[[[145.9976,-42.7945],[145.9923,-42.7702],[145.9846,-42.7686],[145.9843,-42.7921],[145.9927,-42.7903],[145.9963,-42.796],[146.0124,-42.8039],[146.0159,-42.8104],[146.0253,-42.8081],[146.0205,-42.8248],[146.012,-42.829],[145.9824,-42.8237],[145.9945,-42.857],[146.0105,-42.8698],[146.012,-42.8646],[146.0006,-42.8462],[146.0046,-42.8426],[146.0174,-42.8501],[146.0278,-42.8512],[146.0259,-42.8373],[146.0303,-42.8351],[146.04,-42.8448],[146.0358,-42.852],[146.0372,-42.8681],[146.0246,-42.8782],[146.0274,-42.8933],[146.0461,-42.8974],[146.0496,-42.9032],[146.0631,-42.9049],[146.0847,-42.9269],[146.0961,-42.93],[146.1138,-42.9424],[146.1164,-42.9494],[146.1287,-42.96],[146.1265,-42.9702],[146.1564,-42.9717],[146.1883,-42.9669],[146.2008,-42.9687],[146.2106,-42.9752],[146.2106,-42.9938],[146.2238,-42.9985],[146.2199,-43.0022],[146.2209,-43.0172],[146.2153,-43.0246],[146.2151,-43.0347],[146.2353,-43.0349],[146.2451,-43.0284],[146.2451,-43.0366],[146.2674,-43.0396],[146.2756,-43.0297],[146.3031,-43.0282],[146.298,-43.0154],[146.3138,-43.0183],[146.3288,-43.0305],[146.3417,-43.0251],[146.3521,-43.0274],[146.3629,-43.0189],[146.3562,-43.0024],[146.3694,-42.9916],[146.3586,-42.9884],[146.3562,-42.979],[146.3367,-42.9888],[146.3243,-42.9822],[146.3099,-42.9819],[146.3222,-42.9691],[146.3359,-42.9678],[146.3417,-42.9532],[146.3506,-42.9477],[146.3444,-42.9394],[146.3321,-42.9517],[146.3253,-42.9504],[146.301,-42.9297],[146.2905,-42.9265],[146.2907,-42.9174],[146.3013,-42.915],[146.3143,-42.9047],[146.2885,-42.8927],[146.2619,-42.889],[146.2549,-42.8911],[146.2391,-42.9126],[146.2068,-42.9338],[146.1679,-42.94],[146.1373,-42.9288],[146.1391,-42.9244],[146.1563,-42.9168],[146.1464,-42.9065],[146.1363,-42.9111],[146.1254,-42.9087],[146.1149,-42.8828],[146.082,-42.8522],[146.0859,-42.8494],[146.1032,-42.8536],[146.1264,-42.8486],[146.1333,-42.8566],[146.1268,-42.8651],[146.1338,-42.8686],[146.1502,-42.8645],[146.1583,-42.8532],[146.1703,-42.855],[146.1756,-42.8503],[146.1547,-42.8413],[146.1405,-42.8425],[146.1367,-42.8371],[146.1269,-42.8375],[146.1224,-42.8238],[146.1113,-42.8263],[146.1076,-42.8355],[146.1105,-42.8422],[146.0997,-42.8454],[146.0856,-42.8306],[146.0782,-42.8151],[146.0696,-42.8143],[146.0669,-42.8028],[146.0582,-42.7937],[146.0605,-42.7876],[146.0505,-42.7684],[146.0346,-42.7865],[146.0328,-42.7946],[146.0257,-42.7769],[146.0241,-42.8006],[146.0104,-42.7903],[146.0091,-42.7984],[145.9976,-42.7945]],[[146.2117,-42.9674],[146.2349,-42.9499],[146.248,-42.9467],[146.2813,-42.949],[146.2961,-42.9587],[146.2881,-42.9685],[146.2632,-42.9687],[146.2478,-42.9736],[146.2117,-42.9674]],[[146.2692,-43.0168],[146.2618,-43.0116],[146.2658,-42.9993],[146.2768,-42.9937],[146.2904,-42.9993],[146.2912,-43.0117],[146.2868,-43.0154],[146.2692,-43.0168]]],[[[146.0977,-42.6805],[146.0975,-42.6256],[146.1043,-42.6119],[146.1051,-42.5938],[146.115,-42.587],[146.1074,-42.577],[146.0994,-42.586],[146.0864,-42.591],[146.086,-42.6147],[146.0939,-42.6177],[146.0941,-42.6274],[146.0802,-42.6246],[146.0751,-42.6393],[146.0734,-42.6648],[146.0804,-42.6667],[146.0779,-42.6737],[146.0697,-42.6764],[146.0654,-42.7057],[146.0597,-42.7152],[146.0511,-42.7179],[146.0465,-42.7124],[146.0462,-42.6647],[146.0354,-42.6489],[146.0525,-42.6226],[146.0511,-42.6177],[146.0417,-42.6248],[146.0221,-42.6277],[146.0169,-42.6324],[146.0216,-42.6605],[146.0327,-42.688],[146.0267,-42.6892],[146.0148,-42.6798],[146.0211,-42.7075],[145.9965,-42.7076],[145.9927,-42.7152],[145.983,-42.7189],[145.9753,-42.7293],[145.9817,-42.7325],[145.9865,-42.7523],[145.9924,-42.7373],[146.0055,-42.7332],[146.0093,-42.7392],[146.0032,-42.7455],[146.0058,-42.7552],[146.0214,-42.7487],[146.0243,-42.7405],[146.0314,-42.7485],[146.0414,-42.7469],[146.0482,-42.755],[146.0534,-42.7517],[146.0511,-42.7221],[146.0628,-42.7181],[146.0687,-42.7087],[146.0719,-42.7423],[146.0753,-42.7519],[146.0848,-42.7609],[146.0858,-42.7504],[146.0778,-42.742],[146.081,-42.7346],[146.0763,-42.7265],[146.088,-42.7226],[146.0917,-42.7086],[146.0989,-42.7175],[146.1062,-42.7169],[146.1001,-42.7026],[146.105,-42.6908],[146.1141,-42.7052],[146.1177,-42.6951],[146.1222,-42.71],[146.1326,-42.7229],[146.1448,-42.6968],[146.1525,-42.6982],[146.1465,-42.7319],[146.1379,-42.7287],[146.1415,-42.7384],[146.1386,-42.7464],[146.1409,-42.7674],[146.1524,-42.762],[146.1737,-42.7916],[146.1778,-42.8103],[146.1901,-42.8173],[146.1975,-42.8276],[146.2166,-42.8279],[146.209,-42.8367],[146.2011,-42.8374],[146.2024,-42.852],[146.213,-42.8456],[146.2179,-42.8578],[146.2246,-42.849],[146.2213,-42.8438],[146.2322,-42.8382],[146.2343,-42.8238],[146.2465,-42.8238],[146.2588,-42.817],[146.2568,-42.7996],[146.2459,-42.8039],[146.2395,-42.7942],[146.2492,-42.7845],[146.2549,-42.7841],[146.2555,-42.7961],[146.2733,-42.7809],[146.286,-42.7835],[146.2786,-42.7936],[146.2802,-42.8055],[146.2908,-42.8151],[146.3017,-42.8057],[146.3116,-42.8164],[146.321,-42.815],[146.3213,-42.8077],[146.335,-42.8099],[146.3258,-42.7905],[146.2985,-42.7765],[146.2933,-42.7591],[146.286,-42.7583],[146.2823,-42.7461],[146.2691,-42.7476],[146.2699,-42.7565],[146.2594,-42.7533],[146.2648,-42.7396],[146.2893,-42.7371],[146.2946,-42.7243],[146.2844,-42.7159],[146.2741,-42.7162],[146.2749,-42.7094],[146.2665,-42.6971],[146.258,-42.6949],[146.2358,-42.7033],[146.2158,-42.6865],[146.2023,-42.6838],[146.2046,-42.6775],[146.2174,-42.6808],[146.216,-42.6758],[146.2257,-42.6683],[146.2191,-42.6577],[146.2271,-42.6488],[146.2299,-42.6584],[146.2405,-42.6644],[146.2463,-42.6556],[146.2668,-42.6543],[146.2743,-42.6502],[146.2576,-42.6356],[146.2567,-42.6139],[146.2369,-42.6234],[146.2265,-42.6445],[146.2242,-42.629],[146.2144,-42.6363],[146.2067,-42.6325],[146.2101,-42.6231],[146.2184,-42.6202],[146.2191,-42.6077],[146.2118,-42.6097],[146.2088,-42.6024],[146.2109,-42.5889],[146.194,-42.604],[146.1782,-42.5974],[146.1678,-42.6288],[146.1689,-42.6503],[146.1608,-42.6733],[146.1639,-42.682],[146.1475,-42.6917],[146.1387,-42.6735],[146.1317,-42.6889],[146.1257,-42.6908],[146.1243,-42.6796],[146.1302,-42.6758],[146.1271,-42.6647],[146.1229,-42.6686],[146.119,-42.6858],[146.1133,-42.6842],[146.1075,-42.6645],[146.1056,-42.6866],[146.0977,-42.6805]],[[146.2423,-42.7772],[146.2408,-42.7572],[146.2498,-42.752],[146.2617,-42.761],[146.263,-42.7726],[146.2491,-42.7805],[146.2423,-42.7772]]]]}},
{"type":"Feature","id":"TAS_PW001","properties":{"aac":"TAS_PW001","name":"Furneaux Islands","state":"tas","type":"forecast district","source":"IDM00001"},"geometry":{"type":"MultiPolygon","coordinates":[[[[148.2278,-40.5257],[148.2311,-40.5088],[148.2464,-40.4972],[148.247,-40.4795],[148.2275,-40.4856],[148.22,-40.498],[148.2094,-40.5035],[148.193,-40.4895],[148.1729,-40.4976],[148.1296,-40.5024],[148.1263,-40.5104],[148.115,-40.5093],[148.0954,-40.5298],[148.0981,-40.5369],[148.1106,-40.5349],[148.1202,-40.5386],[148.1134,-40.5654],[148.1274,-40.571],[148.1317,-40.5656],[148.1491,-40.5659],[148.1796,-40.5937],[148.188,-40.5872],[148.1979,-40.5888],[148.1918,-40.5739],[148.207,-40.555],[148.2345,-40.5326],[148.2278,-40.5257]]],[[[148.3632,-40.3233],[148.3536,-40.3189],[148.3464,-40.3042],[148.3327,-40.2954],[148.3181,-40.3115],[148.3082,-40.3118],[148.3016,-40.3213],[148.2823,-40.3199],[148.2658,-40.3383],[148.2413,-40.3275],[148.2276,-40.3301],[148.2258,-40.3221],[148.2132,-40.3176],[148.2085,-40.3395],[148.1959,-40.3536],[148.1839,-40.3447],[148.1642,-40.3478],[148.1587,-40.3421],[148.1453,-40.343],[148.1427,-40.337],[148.1127,-40.3434],[148.1036,-40.341],[148.0866,-40.3454],[148.0818,-40.3395],[148.0615,-40.3587],[148.0392,-40.3584],[148.028,-40.3695],[148.0242,-40.3673],[148.0072,-40.3782],[148.002,-40.376],[147.9862,-40.3894],[147.9922,-40.3942],[147.9841,-40.403],[147.9899,-40.406],[147.9895,-40.4215],[147.9983,-40.423],[148.0137,-40.4134],[148.0301,-40.4222],[148.025,-40.4298],[148.0429,-40.4322],[148.0468,-40.4488],[148.0594,-40.4494],[148.0623,-40.4536],[148.0869,-40.4571],[148.0914,-40.4501],[148.1144,-40.4475],[148.1256,-40.4395],[148.141,-40.4492],[148.143,-40.4594],[148.1515,-40.4496],[148.182,-40.4453],[148.1957,-40.4372],[148.2059,-40.4415],[148.2254,-40.466],[148.2525,-40.4521],[148.2737,-40.4363],[148.2738,-40.4308],[148.284,-40.428],[148.2947,-40.4342],[148.3094,-40.4262],[148.3362,-40.4648],[148.3374,-40.4847],[148.3515,-40.493],[148.3641,-40.4818],[148.3776,-40.477],[148.3873,-40.4792],[148.3882,-40.4872],[148.3974,-40.4901],[148.4008,-40.4737],[148.4134,-40.4629],[148.4298,-40.4655],[148.4353,-40.4536],[148.4294,-40.4494],[148.437,-40.4407],[148.4504,-40.4365],[148.4735,-40.443],[148.4795,-40.4317],[148.4658,-40.4288],[148.4577,-40.4198],[148.4581,-40.4099],[148.4491,-40.4074],[148.4481,-40.387],[148.4515,-40.3773],[148.444,-40.3799],[148.4247,-40.372],[148.4099,-40.3734],[148.3865,-40.3484],[148.3699,-40.3411],[148.3632,-40.3233]]],[[[147.9726,-39.7638],[147.9618,-39.763],[147.9608,-39.7505],[147.9557,-39.746],[147.959,-39.729],[147.9414,-39.7199],[147.9342,-39.7331],[147.9192,-39.7444],[147.9051,-39.7467],[147.8843,-39.7614],[147.8719,-39.7586],[147.863,-39.7475],[147.8479,-39.751],[147.8504,-39.761],[147.8678,-39.7743],[147.8688,-39.7829],[147.8625,-39.798],[147.8517,-39.8005],[147.8407,-39.8087],[147.8501,-39.8229],[147.8404,-39.8362],[147.826,-39.8333],[147.8238,-39.8381],[147.8026,-39.8359],[147.8028,-39.8425],[147.7886,-39.8516],[147.7743,-39.8519],[147.769,-39.8664],[147.7477,-39.8736],[147.7528,-39.8773],[147.7577,-39.8907],[147.79,-39.8998],[147.8003,-39.9076],[147.8042,-39.9166],[147.8353,-39.9013],[147.8609,-39.8979],[147.8847,-39.9185],[147.8922,-39.93],[147.9053,-39.9659],[147.9018,-39.9805],[147.903,-39.9912],[147.8958,-40],[147.886,-40.0011],[147.8814,-40.0118],[147.8693,-40.0098],[147.8569,-40.0211],[147.8767,-40.0222],[147.9004,-40.0376],[147.9162,-40.0301],[147.939,-40.0382],[147.9512,-40.0611],[147.9535,-40.0986],[147.9645,-40.0891],[147.9562,-40.0851],[147.9612,-40.0752],[147.97,-40.0864],[147.99,-40.0919],[147.9968,-40.1048],[148.0085,-40.1074],[148.0169,-40.1302],[148.0179,-40.1706],[148.0424,-40.2023],[148.0379,-40.2144],[148.0249,-40.2123],[148.0281,-40.2298],[148.0413,-40.2307],[148.0466,-40.2496],[148.0606,-40.249],[148.0663,-40.2585],[148.0833,-40.2604],[148.0889,-40.2687],[148.0987,-40.2633],[148.122,-40.274],[148.1302,-40.2671],[148.1496,-40.2649],[148.1634,-40.2589],[148.169,-40.2521],[148.1868,-40.2486],[148.1846,-40.2408],[148.1929,-40.2333],[148.1892,-40.2259],[148.2101,-40.2108],[148.2346,-40.2093],[148.2431,-40.2132],[148.2589,-40.21],[148.2721,-40.2174],[148.2714,-40.2303],[148.2849,-40.2313],[148.3137,-40.2234],[148.3349,-40.2111],[148.3313,-40.1996],[148.3197,-40.1843],[148.2931,-40.111],[148.2878,-40.0812],[148.2821,-40.0825],[148.2841,-40.1121],[148.279,-40.1166],[148.2587,-40.1205],[148.2515,-40.1258],[148.2418,-40.1229],[148.2341,-40.1279],[148.2235,-40.1213],[148.238,-40.1022],[148.2463,-40.1039],[148.2693,-40.0911],[148.2827,-40.0764],[148.2867,-40.0545],[148.2789,-40.0092],[148.291,-39.9653],[148.2593,-39.9665],[148.2052,-39.9459],[148.1945,-39.9501],[148.1737,-39.9407],[148.1232,-39.8997],[148.0897,-39.86],[148.0392,-39.816],[147.9692,-39.7431],[147.9667,-39.7457],[147.9732,-39.7596],[147.9808,-39.7622],[147.9899,-39.7792],[147.9726,-39.7638]]]]}},
{"type":"Feature","id":"TAS_PW002","properties":{"aac":"TAS_PW002","name":"North East","state":"tas","type":"forecast district","source":"IDM00001"},"geometry":{"type":"MultiPolygon","coordinates":[[[[148.2054,-41.3056],[148.2927,-41.2432],[148.2835,-41.2252],[148.2808,-41.2126],[148.2743,-41.2079],[148.2702,-41.1933],[148.2722,-41.18],[148.284,-41.168],[148.2706,-41.1453],[148.2718,-41.1149],[148.2973,-41.0634],[148.2826,-41.0519],[148.2621,-41.0507],[148.2596,-41.0447],[148.2755,-41.0344],[148.2912,-41.0319],[148.2864,-41.0475],[148.2951,-41.0609],[148.2968,-41.0365],[148.3085,-41.0208],[148.335,-40.9952],[148.3487,-40.9925],[148.3442,-40.9873],[148.3294,-40.9907],[148.3155,-40.9781],[148.317,-40.9715],[148.3037,-40.9612],[148.3019,-40.9405],[148.2947,-40.9392],[148.2737,-40.9202],[148.2612,-40.8918],[148.2375,-40.886],[148.2252,-40.8751],[148.2194,-40.8626],[148.2238,-40.8464],[148.198,-40.8398],[148.1773,-40.8212],[148.1744,-40.8296],[148.1662,-40.8341],[148.1393,-40.8297],[148.1174,-40.8124],[148.1009,-40.7878],[148.0856,-40.7734],[148.0448,-40.7672],[148.0327,-40.7569],[148.0324,-40.7509],[148.0188,-40.753],[148.0113,-40.7456],[147.9775,-40.7411],[147.9502,-40.7464],[147.9393,-40.74],[147.9431,-40.7525],[147.954,-40.7519],[147.9603,-40.7571],[147.9545,-40.7751],[147.9441,-40.7761],[147.9468,-40.7932],[147.9207,-40.8321],[147.8832,-40.8724],[147.8766,-40.87],[147.8607,-40.8793],[147.8358,-40.8865],[147.7991,-40.8835],[147.7639,-40.8686],[147.7581,-40.8578],[147.7101,-40.8612],[147.6962,-40.8508],[147.6901,-40.8389],[147.6706,-40.8274],[147.6701,-40.8208],[147.644,-40.838],[147.6267,-40.8446],[147.6006,-40.8481],[147.5847,-40.8782],[147.5413,-40.9334],[147.5112,-40.9646],[147.4606,-40.9949],[147.4444,-41.0014],[147.4076,-41.0055],[147.3964,-41.0027],[147.3911,-40.9954],[147.3917,-40.9849],[147.3852,-40.9802],[147.359,-40.9772],[147.3533,-40.9609],[147.3551,-40.9532],[147.3457,-40.9394],[147.324,-40.9525],[147.2996,-40.9574],[147.2852,-40.9521],[147.279,-40.9422],[147.2497,-40.9534],[147.2419,-40.9696],[147.2173,-40.9933],[147.204,-40.9998],[147.1947,-40.9988],[147.1751,-41.0089],[147.1643,-41.007],[147.1688,-41.0164],[147.1782,-41.0234],[147.1828,-41.0641],[147.1892,-41.0743],[147.2048,-41.1188],[147.2262,-41.1366],[147.2454,-41.1618],[147.2622,-41.191],[147.2808,-41.2189],[147.2859,-41.2494],[147.2995,-41.2622],[147.3147,-41.2814],[147.3049,-41.3017],[147.2922,-41.3185],[147.2894,-41.3296],[147.3043,-41.3525],[147.3189,-41.3699],[147.3396,-41.3853],[147.3582,-41.3928],[147.3704,-41.4173],[147.4033,-41.4764],[147.4252,-41.4871],[147.4221,-41.4962],[147.4498,-41.5239],[147.4919,-41.5536],[147.5214,-41.5686],[147.5515,-41.5964],[147.5915,-41.6151],[147.6056,-41.629],[147.6318,-41.6498],[147.6601,-41.6591],[147.6775,-41.6454],[147.7329,-41.6341],[147.7743,-41.6237],[147.85,-41.6022],[147.9105,-41.5772],[147.9712,-41.5692],[148.0635,-41.5491],[148.1221,-41.541],[148.1699,-41.5325],[148.1966,-41.4443],[148.1834,-41.3287],[148.2054,-41.3056]]],[[[148.0998,-40.7388],[148.1072,-40.7428],[148.1237,-40.7348],[148.1188,-40.727],[148.1085,-40.7338],[148.0936,-40.7349],[148.0936,-40.7439],[148.0998,-40.7388]]]]}},
{"type":"Feature","id":"TAS_PW003","properties":{"aac":"TAS_PW003","name":"East Coast","state":"tas","type":"forecast district","source":"IDM00001"},"geometry":{"type":"MultiPolygon","coordinates":[[[[148.135,-42.6604],[148.1437,-42.6673],[148.1542,-42.6529],[148.1691,-42.649],[148.1519,-42.641],[148.1372,-42.6241],[148.1386,-42.6079],[148.1303,-42.6026],[148.1214,-42.5849],[148.0904,-42.5844],[148.0733,-42.5693],[148.0497,-42.5978],[148.0499,-42.6054],[148.0274,-42.63],[148.0355,-42.6345],[148.0394,-42.6472],[148.0282,-42.658],[148.0131,-42.6612],[148.0261,-42.6682],[148.0379,-42.6656],[148.0424,-42.6565],[148.0508,-42.6557],[148.0628,-42.6632],[148.0668,-42.6789],[148.0583,-42.6854],[148.0471,-42.6822],[148.0397,-42.6849],[148.0271,-42.7126],[148.0136,-42.7201],[148.0155,-42.7422],[148.0256,-42.7403],[148.0486,-42.7231],[148.0688,-42.7261],[148.0939,-42.7203],[148.0966,-42.7112],[148.0882,-42.6982],[148.0881,-42.6894],[148.07,-42.683],[148.0704,-42.6735],[148.0818,-42.6621],[148.1129,-42.66],[148.1206,-42.6683],[148.135,-42.6604]]],[[[148.2926,-42.2931],[148.2804,-42.3002],[148.2553,-42.2926],[148.2371,-42.307],[148.2377,-42.3166],[148.2489,-42.3274],[148.2639,-42.3297],[148.2778,-42.3251],[148.2869,-42.3329],[148.3146,-42.3449],[148.3467,-42.3414],[148.3278,-42.3344],[148.3263,-42.3264],[148.3327,-42.3226],[148.3181,-42.3215],[148.318,-42.305],[148.3038,-42.2949],[148.2926,-42.2931]]],[[[147.8069,-42.8823],[147.8128,-42.8893],[147.828,-42.8794],[147.8292,-42.8681],[147.8418,-42.8579],[147.8449,-42.8451],[147.8533,-42.8437],[147.8626,-42.8199],[147.8682,-42.8246],[147.8708,-42.8368],[147.8813,-42.845],[147.8732,-42.8314],[147.8693,-42.8037],[147.8793,-42.767],[147.9017,-42.743],[147.9296,-42.7382],[147.9468,-42.7279],[147.943,-42.7137],[147.9479,-42.709],[147.9396,-42.7005],[147.9462,-42.6897],[147.9576,-42.6852],[147.9629,-42.6705],[147.9544,-42.6612],[147.9571,-42.6471],[147.9325,-42.6332],[147.9468,-42.6077],[147.9169,-42.5894],[147.9034,-42.5662],[147.8944,-42.569],[147.8813,-42.5669],[147.8791,-42.5555],[147.8887,-42.5458],[147.9111,-42.5489],[147.9162,-42.5463],[147.9136,-42.5313],[147.8991,-42.5229],[147.9135,-42.5108],[147.9295,-42.5311],[147.9327,-42.5502],[147.942,-42.5475],[147.9552,-42.552],[147.9592,-42.5323],[147.9686,-42.5293],[147.9695,-42.5206],[147.9836,-42.5164],[147.9945,-42.527],[148.0118,-42.5091],[147.9974,-42.502],[147.9965,-42.4795],[148.0131,-42.4511],[148.0107,-42.4404],[148.0004,-42.4385],[147.9962,-42.421],[147.9814,-42.4053],[147.9924,-42.3854],[148.0099,-42.3737],[148.0108,-42.363],[148.0271,-42.3503],[148.016,-42.3259],[148.019,-42.3155],[147.992,-42.3142],[147.9931,-42.3183],[147.9805,-42.3259],[147.9777,-42.3319],[147.984,-42.3367],[147.9701,-42.3414],[147.9638,-42.3393],[147.9593,-42.3531],[147.9556,-42.3439],[147.9375,-42.3481],[147.9336,-42.3396],[147.9718,-42.3327],[147.9702,-42.3251],[147.9816,-42.3103],[148.0016,-42.3091],[148.0006,-42.3036],[148.0109,-42.2881],[148.0159,-42.2685],[148.0285,-42.2614],[148.0135,-42.249],[148.0147,-42.2392],[148.0306,-42.225],[148.0327,-42.2177],[148.0467,-42.2096],[148.0463,-42.2022],[148.067,-42.1924],[148.0727,-42.1756],[148.0824,-42.1676],[148.0767,-42.1532],[148.0819,-42.1438],[148.0769,-42.1335],[148.0821,-42.1273],[148.0727,-42.1143],[148.0816,-42.1054],[148.1041,-42.0957],[148.1422,-42.0913],[148.2272,-42.0986],[148.2341,-42.095],[148.206,-42.0848],[148.1835,-42.0823],[148.169,-42.0855],[148.1542,-42.0759],[148.1296,-42.0807],[148.1157,-42.0771],[148.1167,-42.0721],[148.129,-42.0622],[148.152,-42.0626],[148.1624,-42.0546],[148.1621,-42.0394],[148.1438,-42.0318],[148.144,-42.0176],[148.1541,-42.0053],[148.1704,-41.9973],[148.1735,-42.0094],[148.1987,-42.021],[148.2174,-42.0035],[148.2161,-41.989],[148.2225,-41.9903],[148.2315,-41.9841],[148.2424,-41.9885],[148.2433,-42.0007],[148.2151,-42.0359],[148.2056,-42.0394],[148.1927,-42.0367],[148.1735,-42.0432],[148.1707,-42.0562],[148.1567,-42.0663],[148.158,-42.0758],[148.1729,-42.0792],[148.1892,-42.0777],[148.196,-42.0684],[148.2086,-42.0681],[148.211,-42.0782],[148.2419,-42.0917],[148.2363,-42.0985],[148.244,-42.1052],[148.2483,-42.1167],[148.2677,-42.1123],[148.2845,-42.1218],[148.2842,-42.1284],[148.2966,-42.1255],[148.3023,-42.1328],[148.2978,-42.1404],[148.2739,-42.1485],[148.2617,-42.1616],[148.2611,-42.168],[148.2757,-42.1713],[148.292,-42.1927],[148.2904,-42.1993],[148.277,-42.208],[148.2707,-42.2259],[148.2515,-42.2323],[148.2523,-42.2435],[148.2586,-42.2524],[148.2731,-42.2571],[148.2797,-42.2549],[148.2904,-42.2615],[148.2926,-42.2813],[148.2988,-42.283],[148.3147,-42.277],[148.3079,-42.2709],[148.3208,-42.2648],[148.3183,-42.2593],[148.3249,-42.2535],[148.3235,-42.24],[148.3283,-42.2304],[148.347,-42.223],[148.3436,-42.2123],[148.3559,-42.1935],[148.3514,-42.1869],[148.3554,-42.1805],[148.3399,-42.1816],[148.3156,-42.1698],[148.3047,-42.1752],[148.2978,-42.1667],[148.3007,-42.1618],[148.3133,-42.1608],[148.3245,-42.1493],[148.3201,-42.1333],[148.3379,-42.1327],[148.3351,-42.1267],[148.3455,-42.1215],[148.3406,-42.1032],[148.3331,-42.1056],[148.3262,-42.0965],[148.3245,-42.083],[148.317,-42.0768],[148.31,-42.0573],[148.2983,-42.0577],[148.2875,-42.0463],[148.2838,-42.0364],[148.2842,-41.9987],[148.2922,-41.9741],[148.2987,-41.9654],[148.3101,-41.9619],[148.3022,-41.951],[148.3026,-41.9366],[148.32,-41.9252],[148.3233,-41.9172],[148.3044,-41.8922],[148.3046,-41.8835],[148.3111,-41.8743],[148.3001,-41.8731],[148.2883,-41.8667],[148.2727,-41.8504],[148.2672,-41.8364],[148.2643,-41.8068],[148.2663,-41.7939],[148.2823,-41.7608],[148.2921,-41.7497],[148.303,-41.7485],[148.3025,-41.7393],[148.2883,-41.7339],[148.2844,-41.7178],[148.2881,-41.7005],[148.2954,-41.6935],[148.289,-41.6861],[148.2905,-41.6663],[148.2986,-41.6476],[148.3157,-41.6336],[148.3197,-41.6193],[148.3168,-41.5754],[148.3064,-41.5696],[148.2996,-41.5575],[148.2896,-41.5575],[148.283,-41.5468],[148.286,-41.5421],[148.2796,-41.5153],[148.266,-41.4854],[148.2669,-41.4602],[148.2708,-41.4438],[148.2778,-41.4351],[148.2796,-41.4142],[148.2903,-41.3983],[148.2928,-41.3769],[148.3124,-41.3485],[148.3262,-41.3075],[148.3428,-41.2902],[148.3591,-41.2803],[148.3553,-41.2742],[148.3318,-41.2827],[148.3245,-41.2973],[148.3117,-41.3056],[148.3098,-41.3158],[148.2916,-41.324],[148.2733,-41.3382],[148.2639,-41.3397],[148.2508,-41.3236],[148.2682,-41.3215],[148.2777,-41.3124],[148.2709,-41.3083],[148.2748,-41.2907],[148.2817,-41.2815],[148.2919,-41.2824],[148.297,-41.2888],[148.2913,-41.3036],[148.3115,-41.2993],[148.31,-41.2881],[148.3309,-41.2743],[148.3386,-41.257],[148.3298,-41.2486],[148.319,-41.2545],[148.3121,-41.2473],[148.3012,-41.2521],[148.2927,-41.2432],[148.2054,-41.3056],[148.1834,-41.3287],[148.1966,-41.4443],[148.1699,-41.5325],[148.1221,-41.541],[148.0635,-41.5491],[147.9712,-41.5692],[147.9105,-41.5772],[147.85,-41.6022],[147.7743,-41.6237],[147.7329,-41.6341],[147.6775,-41.6454],[147.6601,-41.6591],[147.6318,-41.6498],[147.6315,-41.6505],[147.5544,-41.8034],[147.603,-41.8823],[147.6745,-41.9683],[147.6965,-42.0823],[147.747,-42.2216],[147.6829,-42.3353],[147.682,-42.4087],[147.6705,-42.5002],[147.6453,-42.611],[147.6409,-42.63],[147.6278,-42.7317],[147.653,-42.7579],[147.6928,-42.8031],[147.7223,-42.8421],[147.7655,-42.873],[147.8069,-42.8823]]]]}},
{"type":"Feature","id":"TAS_PW004","properties":{"aac":"TAS_PW004","name":"Central North","state":"tas","type":"forecast district","source":"IDM00001"},"geometry":{"type":"Polygon","coordinates":[[[147.1688,-41.0164],[147.1643,-41.007],[147.1485,-41.012],[147.1196,-41.0004],[147.115,-40.9952],[147.1004,-40.9979],[147.0893,-40.9938],[147.0823,-40.9982],[147.07,-40.9982],[147.0591,-40.988],[147.0322,-40.9904],[147.0207,-40.9808],[147.0084,-40.9861],[146.995,-40.9864],[146.9907,-40.9937],[146.9519,-41.0234],[146.9205,-41.0302],[146.9063,-41.0268],[146.8932,-41.0292],[146.8815,-41.0187],[146.8744,-41.0189],[146.865,-41.0288],[146.829,-41.0427],[146.8205,-41.0543],[146.806,-41.063],[146.7877,-41.0541],[146.7894,-41.0601],[146.8041,-41.0705],[146.8046,-41.079],[146.8115,-41.0832],[146.8156,-41.1066],[146.8246,-41.1138],[146.8185,-41.1236],[146.8288,-41.1362],[146.855,-41.1389],[146.8746,-41.1309],[146.8845,-41.1316],[146.9092,-41.1425],[146.9155,-41.1549],[146.9509,-41.1791],[146.9251,-41.1872],[146.9228,-41.1947],[146.9288,-41.2028],[146.9162,-41.2066],[146.9144,-41.2155],[146.922,-41.2194],[146.9439,-41.2085],[146.9459,-41.2281],[146.964,-41.2358],[146.974,-41.2353],[146.9767,-41.243],[146.9901,-41.2489],[147.0047,-41.2677],[147.0152,-41.2743],[147.0137,-41.2828],[146.9995,-41.2845],[146.9788,-41.2981],[146.9774,-41.3071],[146.9987,-41.3157],[147.0254,-41.3144],[147.0417,-41.3185],[147.0455,-41.3354],[147.0625,-41.3293],[147.0746,-41.3317],[147.0828,-41.3424],[147.0754,-41.3504],[147.0779,-41.3624],[147.0914,-41.3749],[147.0942,-41.3851],[147.108,-41.3927],[147.1072,-41.3997],[147.0896,-41.3963],[147.0743,-41.3825],[147.0756,-41.3668],[147.0694,-41.3525],[147.0773,-41.3402],[147.0587,-41.3349],[147.0552,-41.3402],[147.0339,-41.3504],[147.012,-41.3317],[147.0069,-41.3218],[146.9872,-41.3206],[146.9711,-41.3088],[146.9693,-41.2954],[146.9745,-41.293],[146.979,-41.2811],[146.9679,-41.2623],[146.9721,-41.2557],[146.966,-41.2513],[146.955,-41.2599],[146.9462,-41.2596],[146.9453,-41.2534],[146.9349,-41.2426],[146.9331,-41.2307],[146.9003,-41.2077],[146.9147,-41.1972],[146.9179,-41.1836],[146.9293,-41.1778],[146.9233,-41.1693],[146.8773,-41.1497],[146.8575,-41.171],[146.8344,-41.1632],[146.8495,-41.1855],[146.8383,-41.1908],[146.8327,-41.1861],[146.8383,-41.1762],[146.8264,-41.1703],[146.8237,-41.1502],[146.8158,-41.1444],[146.7989,-41.148],[146.7912,-41.1459],[146.7719,-41.1646],[146.768,-41.1501],[146.7791,-41.1493],[146.7903,-41.139],[146.8014,-41.1342],[146.8137,-41.1393],[146.8107,-41.118],[146.7764,-41.0824],[146.7612,-41.0781],[146.745,-41.0842],[146.7408,-41.0774],[146.7311,-41.077],[146.7156,-41.0641],[146.7082,-41.0634],[146.7143,-41.0737],[146.6915,-41.0928],[146.6735,-41.1008],[146.6563,-41.0931],[146.6445,-41.0953],[146.6481,-41.1101],[146.6374,-41.1149],[146.6352,-41.1221],[146.6193,-41.1342],[146.5906,-41.1455],[146.565,-41.1477],[146.5618,-41.1573],[146.567,-41.1631],[146.5805,-41.1558],[146.6004,-41.1574],[146.5956,-41.1663],[146.5829,-41.1713],[146.5831,-41.1899],[146.5785,-41.1971],[146.5851,-41.1996],[146.5844,-41.2206],[146.5776,-41.2277],[146.614,-41.2755],[146.6359,-41.3094],[146.649,-41.3334],[146.6632,-41.3694],[146.6817,-41.4055],[146.7134,-41.4601],[146.7254,-41.4852],[146.744,-41.53],[146.7637,-41.589],[146.7757,-41.6534],[146.7789,-41.7003],[146.7785,-41.7134],[146.7807,-41.7043],[146.7987,-41.699],[146.7996,-41.6926],[146.8284,-41.6924],[146.8404,-41.6972],[146.8475,-41.7074],[146.8603,-41.7168],[146.8629,-41.7254],[146.8568,-41.7428],[146.8742,-41.7496],[146.8654,-41.7587],[146.8401,-41.7675],[146.8567,-41.7744],[146.8664,-41.775],[146.8749,-41.7813],[146.8775,-41.7894],[146.8688,-41.8],[146.8905,-41.804],[146.9004,-41.8133],[146.9216,-41.816],[147.3389,-41.7472],[147.6315,-41.6505],[147.6318,-41.6498],[147.6056,-41.629],[147.5915,-41.6151],[147.5515,-41.5964],[147.5214,-41.5686],[147.4919,-41.5536],[147.4498,-41.5239],[147.4221,-41.4962],[147.4252,-41.4871],[147.4033,-41.4764],[147.3704,-41.4173],[147.3582,-41.3928],[147.3396,-41.3853],[147.3189,-41.3699],[147.3043,-41.3525],[147.2894,-41.3296],[147.2922,-41.3185],[147.3049,-41.3017],[147.3147,-41.2814],[147.2995,-41.2622],[147.2859,-41.2494],[147.2808,-41.2189],[147.2622,-41.191],[147.2454,-41.1618],[147.2262,-41.1366],[147.2048,-41.1188],[147.1892,-41.0743],[147.1828,-41.0641],[147.1782,-41.0234],[147.1688,-41.0164]]]}},
{"type":"Feature","id":"TAS_PW005","properties":{"aac":"TAS_PW005","name":"Midlands","state":"tas","type":"forecast district","source":"IDM00001"},"geometry":{"type":"Polygon","coordinates":[[[147.6297,-42.6089],[147.6453,-42.611],[147.6705,-42.5002],[147.682,-42.4087],[147.6829,-42.3353],[147.747,-42.2216],[147.6965,-42.0823],[147.6745,-41.9683],[147.603,-41.8823],[147.5544,-41.8034],[147.6315,-41.6505],[147.3389,-41.7472],[146.9216,-41.816],[146.9004,-41.8133],[146.9205,-41.8279],[146.9368,-41.8271],[146.9727,-41.833],[146.9891,-41.8411],[146.9923,-41.8501],[146.9926,-41.868],[147.0044,-41.8848],[147.024,-41.883],[147.0258,-41.8893],[147.0562,-41.899],[147.0624,-41.908],[147.0943,-41.9245],[147.1142,-41.9279],[147.1248,-41.9233],[147.141,-41.909],[147.1596,-41.9023],[147.1721,-41.9094],[147.1948,-41.9441],[147.1952,-41.9622],[147.2209,-41.9981],[147.2268,-42.0274],[147.2476,-42.0473],[147.2488,-42.0584],[147.2418,-42.0648],[147.2541,-42.0812],[147.2564,-42.0903],[147.2507,-42.0964],[147.257,-42.1084],[147.2634,-42.1079],[147.2798,-42.1273],[147.2813,-42.1433],[147.2868,-42.1529],[147.2746,-42.1633],[147.2922,-42.1623],[147.2993,-42.172],[147.3494,-42.1855],[147.3513,-42.1924],[147.3632,-42.2085],[147.3744,-42.215],[147.3646,-42.233],[147.3478,-42.2409],[147.3342,-42.2356],[147.3168,-42.2458],[147.2957,-42.2477],[147.2771,-42.2617],[147.2361,-42.2831],[147.199,-42.3535],[147.1554,-42.3915],[147.1518,-42.4212],[147.1581,-42.4582],[147.1457,-42.5568],[147.1543,-42.6436],[147.1669,-42.6808],[147.1991,-42.6936],[147.2144,-42.6849],[147.235,-42.6801],[147.2627,-42.6796],[147.2957,-42.6843],[147.3211,-42.6842],[147.338,-42.6637],[147.3774,-42.6492],[147.4033,-42.6456],[147.4257,-42.6477],[147.4692,-42.6401],[147.4874,-42.6292],[147.5121,-42.6216],[147.5496,-42.6075],[147.6297,-42.6089]]]}},
{"type":"Feature","id":"TAS_PW006","properties":{"aac":"TAS_PW006","name":"South East","state":"tas","type":"forecast district","source":"IDM00001"},"geometry":{"type":"MultiPolygon","coordinates":[[[[147.9971,-43.2356],[148,-43.2455],[148.0095,-43.2373],[148.0034,-43.2309],[147.9971,-43.2356]]],[[[147.4007,-43.1266],[147.3901,-43.121],[147.3856,-43.1048],[147.3773,-43.1007],[147.3746,-43.0887],[147.3637,-43.0871],[147.3668,-43.0705],[147.3585,-43.0633],[147.3512,-43.0634],[147.345,-43.0753],[147.3229,-43.0917],[147.3168,-43.1087],[147.3068,-43.1122],[147.3149,-43.1186],[147.3304,-43.1149],[147.3231,-43.1257],[147.3331,-43.1287],[147.338,-43.1194],[147.346,-43.1212],[147.3516,-43.1304],[147.3306,-43.1412],[147.3298,-43.1516],[147.3079,-43.1362],[147.2844,-43.1437],[147.2917,-43.1454],[147.296,-43.157],[147.2835,-43.158],[147.2764,-43.1656],[147.2853,-43.1707],[147.2991,-43.169],[147.2994,-43.1801],[147.3377,-43.1692],[147.3437,-43.1736],[147.3301,-43.182],[147.3545,-43.1858],[147.3627,-43.1755],[147.379,-43.1766],[147.3845,-43.182],[147.3868,-43.1958],[147.3834,-43.2069],[147.3762,-43.2141],[147.3644,-43.2083],[147.3478,-43.2196],[147.3565,-43.2284],[147.3538,-43.2409],[147.3595,-43.2499],[147.3568,-43.2589],[147.3299,-43.2871],[147.3074,-43.2965],[147.2991,-43.2729],[147.3022,-43.2628],[147.2956,-43.2547],[147.2923,-43.2404],[147.2858,-43.2671],[147.2729,-43.2744],[147.271,-43.2951],[147.2532,-43.299],[147.2439,-43.3066],[147.2418,-43.3265],[147.2229,-43.3391],[147.2237,-43.3508],[147.232,-43.3556],[147.2344,-43.3634],[147.2183,-43.3619],[147.2191,-43.376],[147.2079,-43.3825],[147.1993,-43.379],[147.2007,-43.3691],[147.1966,-43.3608],[147.1862,-43.3572],[147.1896,-43.349],[147.1794,-43.3516],[147.1863,-43.3865],[147.1757,-43.3938],[147.1716,-43.4052],[147.1767,-43.4213],[147.1857,-43.4174],[147.1925,-43.4282],[147.175,-43.4373],[147.1812,-43.4415],[147.1723,-43.4506],[147.1809,-43.4576],[147.1608,-43.4633],[147.1539,-43.4579],[147.133,-43.4323],[147.1271,-43.4193],[147.1168,-43.4115],[147.1013,-43.411],[147.0933,-43.4198],[147.0998,-43.4328],[147.1144,-43.4362],[147.1262,-43.4523],[147.1337,-43.4538],[147.1376,-43.4646],[147.134,-43.4817],[147.1422,-43.4873],[147.139,-43.4921],[147.1477,-43.4947],[147.1514,-43.4858],[147.1583,-43.4829],[147.1797,-43.4901],[147.1859,-43.4804],[147.1807,-43.4706],[147.1936,-43.4662],[147.2036,-43.4538],[147.2023,-43.4379],[147.2178,-43.4363],[147.2494,-43.4436],[147.2561,-43.4582],[147.2509,-43.4651],[147.2425,-43.4659],[147.2457,-43.4878],[147.2506,-43.4927],[147.2636,-43.4875],[147.2703,-43.4965],[147.2835,-43.5052],[147.2906,-43.5048],[147.2953,-43.5153],[147.3167,-43.501],[147.3236,-43.502],[147.3287,-43.4936],[147.3215,-43.4694],[147.3328,-43.4406],[147.3448,-43.4363],[147.3388,-43.4229],[147.3484,-43.4155],[147.3495,-43.4049],[147.3602,-43.4013],[147.3656,-43.3908],[147.3799,-43.3893],[147.3821,-43.3642],[147.3674,-43.3497],[147.3506,-43.3676],[147.3405,-43.3668],[147.3287,-43.3588],[147.3228,-43.3441],[147.3252,-43.3227],[147.3211,-43.3094],[147.3279,-43.294],[147.3531,-43.2678],[147.3942,-43.2442],[147.4169,-43.2404],[147.4227,-43.2524],[147.4312,-43.2511],[147.4335,-43.2269],[147.4278,-43.2076],[147.4124,-43.2011],[147.4091,-43.1889],[147.4136,-43.1803],[147.4091,-43.1679],[147.3932,-43.1636],[147.3948,-43.1371],[147.4007,-43.1266]]],[[[147.8196,-42.8949],[147.8128,-42.8893],[147.8069,-42.8823],[147.7655,-42.873],[147.7223,-42.8421],[147.6928,-42.8031],[147.653,-42.7579],[147.6278,-42.7317],[147.6409,-42.63],[147.6453,-42.611],[147.6297,-42.6089],[147.5496,-42.6075],[147.5121,-42.6216],[147.4874,-42.6292],[147.4692,-42.6401],[147.4257,-42.6477],[147.4033,-42.6456],[147.3774,-42.6492],[147.338,-42.6637],[147.3211,-42.6842],[147.2957,-42.6843],[147.2627,-42.6796],[147.235,-42.6801],[147.2144,-42.6849],[147.1991,-42.6936],[147.1669,-42.6808],[147.1568,-42.8057],[147.1369,-42.8437],[147.0948,-42.8492],[147.0612,-42.8601],[147.0464,-42.874],[147.037,-42.8926],[147.0286,-42.9004],[146.978,-42.8957],[146.9707,-42.9027],[146.9654,-42.926],[146.9527,-42.9578],[146.9168,-42.9826],[146.7223,-43.0025],[146.7143,-43.1394],[146.686,-43.2336],[146.7171,-43.278],[146.715,-43.4207],[146.6958,-43.4874],[146.6698,-43.5169],[146.6877,-43.5668],[146.7117,-43.6263],[146.7248,-43.6305],[146.7461,-43.6101],[146.7548,-43.6086],[146.7648,-43.6136],[146.7713,-43.608],[146.7816,-43.6094],[146.7873,-43.5999],[146.8185,-43.6065],[146.8336,-43.6165],[146.839,-43.6309],[146.8265,-43.6387],[146.8272,-43.6429],[146.8452,-43.6332],[146.8502,-43.6367],[146.8635,-43.6322],[146.8714,-43.6365],[146.8745,-43.6227],[146.8866,-43.6154],[146.8945,-43.616],[146.9216,-43.5992],[146.9185,-43.5859],[146.9242,-43.5813],[146.9157,-43.569],[146.8932,-43.5828],[146.888,-43.5786],[146.8873,-43.5664],[146.9037,-43.5624],[146.8936,-43.5592],[146.8885,-43.5519],[146.8937,-43.5421],[146.8909,-43.5353],[146.897,-43.5266],[146.9074,-43.522],[146.9112,-43.5324],[146.9044,-43.5397],[146.9174,-43.5465],[146.9338,-43.534],[146.9534,-43.5331],[146.957,-43.5269],[146.9564,-43.5102],[146.978,-43.4935],[146.9716,-43.491],[146.9537,-43.5096],[146.9447,-43.5117],[146.9438,-43.5023],[146.9293,-43.4944],[146.9363,-43.4902],[146.9425,-43.478],[146.96,-43.476],[146.9716,-43.4689],[146.9817,-43.4738],[146.9816,-43.4873],[147.0032,-43.4788],[146.9966,-43.4616],[146.9848,-43.4552],[146.9699,-43.4555],[146.9604,-43.4479],[146.9493,-43.4529],[146.9377,-43.4472],[146.9421,-43.4402],[146.9166,-43.4467],[146.9191,-43.4387],[146.9287,-43.4349],[146.9228,-43.4178],[146.9351,-43.4255],[146.9507,-43.447],[146.96,-43.4467],[146.9649,-43.4359],[146.974,-43.4322],[146.987,-43.4409],[146.9952,-43.4337],[147.0086,-43.4354],[147.0188,-43.4427],[147.0274,-43.4349],[147.0239,-43.4274],[147.014,-43.422],[147.0248,-43.4108],[147.0187,-43.4025],[147.0318,-43.3961],[147.0334,-43.3864],[147.0479,-43.3792],[147.0541,-43.3574],[147.061,-43.3553],[147.0471,-43.3466],[147.0337,-43.3447],[147.0209,-43.3336],[147.0078,-43.3426],[147.0049,-43.3235],[147.0133,-43.3159],[147.0474,-43.3126],[147.0554,-43.3167],[147.0597,-43.3289],[147.0664,-43.3321],[147.0714,-43.3251],[147.0683,-43.3183],[147.0764,-43.3111],[147.0818,-43.2922],[147.1001,-43.2917],[147.0981,-43.2796],[147.0731,-43.2674],[147.0651,-43.2557],[147.0652,-43.2487],[147.0386,-43.2397],[147.0209,-43.2234],[147.0083,-43.2203],[147.0029,-43.2142],[146.9927,-43.2152],[146.9942,-43.2057],[146.973,-43.2048],[146.9702,-43.1932],[146.9648,-43.1905],[146.9716,-43.1838],[146.9682,-43.1774],[146.9738,-43.1695],[146.9605,-43.1595],[146.9658,-43.1566],[146.9804,-43.1587],[146.9794,-43.1458],[146.9723,-43.1389],[146.9928,-43.1292],[146.9948,-43.1162],[147.007,-43.1194],[147.0038,-43.1363],[146.9974,-43.1466],[146.9999,-43.155],[146.9933,-43.1746],[146.984,-43.1782],[146.9841,-43.1895],[147.0112,-43.1914],[147.0245,-43.2012],[147.0248,-43.2067],[147.0638,-43.224],[147.065,-43.2164],[147.084,-43.2068],[147.0732,-43.2023],[147.0874,-43.1917],[147.081,-43.1716],[147.085,-43.1649],[147.0936,-43.1705],[147.0939,-43.1811],[147.1043,-43.1849],[147.1012,-43.1899],[147.1065,-43.203],[147.1028,-43.2064],[147.116,-43.2091],[147.1144,-43.2136],[147.1,-43.2144],[147.0926,-43.2189],[147.0996,-43.2382],[147.0905,-43.2433],[147.1037,-43.2517],[147.1261,-43.2424],[147.1307,-43.2472],[147.1444,-43.2497],[147.1422,-43.2543],[147.1466,-43.2718],[147.1688,-43.2828],[147.1891,-43.2761],[147.217,-43.2809],[147.2423,-43.2672],[147.2418,-43.2534],[147.2564,-43.2368],[147.2612,-43.2231],[147.2556,-43.1874],[147.2429,-43.182],[147.2397,-43.1746],[147.2484,-43.1655],[147.2391,-43.1619],[147.2391,-43.1539],[147.2517,-43.1328],[147.2627,-43.1308],[147.25,-43.1276],[147.2479,-43.1229],[147.2693,-43.1214],[147.2718,-43.1144],[147.2595,-43.1061],[147.2742,-43.1043],[147.2851,-43.1105],[147.2857,-43.1035],[147.3011,-43.088],[147.2915,-43.0791],[147.2576,-43.0713],[147.2645,-43.0655],[147.2677,-43.0438],[147.2733,-43.0418],[147.2796,-43.0259],[147.27,-43.0207],[147.2777,-43.0107],[147.2847,-43.0099],[147.2907,-43.0264],[147.3157,-43.0594],[147.3336,-43.058],[147.3449,-43.0477],[147.3244,-43.0055],[147.3315,-42.989],[147.3256,-42.983],[147.3399,-42.9731],[147.3473,-42.9532],[147.3569,-42.951],[147.3631,-42.9238],[147.3583,-42.9087],[147.3471,-42.9075],[147.3328,-42.899],[147.3404,-42.8903],[147.333,-42.884],[147.3428,-42.8773],[147.3372,-42.8743],[147.3367,-42.8636],[147.3214,-42.8553],[147.327,-42.8454],[147.3157,-42.8468],[147.3231,-42.8338],[147.2987,-42.8185],[147.2863,-42.8197],[147.2826,-42.8257],[147.2593,-42.8152],[147.2564,-42.8046],[147.2749,-42.7916],[147.2592,-42.7852],[147.2544,-42.7682],[147.2397,-42.7602],[147.2329,-42.7514],[147.2096,-42.7415],[147.1847,-42.7443],[147.1788,-42.7402],[147.1861,-42.7287],[147.2029,-42.7263],[147.2151,-42.7369],[147.2423,-42.7437],[147.2551,-42.7568],[147.2616,-42.7544],[147.267,-42.7797],[147.286,-42.7796],[147.2936,-42.7894],[147.282,-42.798],[147.2849,-42.8026],[147.321,-42.8168],[147.3188,-42.8248],[147.3465,-42.8509],[147.3596,-42.8488],[147.3514,-42.864],[147.3564,-42.8655],[147.3534,-42.8753],[147.3692,-42.8701],[147.3698,-42.8783],[147.4054,-42.8837],[147.4051,-42.8894],[147.4152,-42.9007],[147.4186,-42.9112],[147.4108,-42.9185],[147.4103,-42.9382],[147.4223,-42.9394],[147.4351,-42.9224],[147.4368,-42.9082],[147.459,-42.9111],[147.4795,-42.9065],[147.4858,-42.9126],[147.486,-42.9286],[147.478,-42.9181],[147.466,-42.923],[147.4645,-42.9312],[147.4555,-42.9404],[147.4542,-42.956],[147.4472,-42.9639],[147.4498,-42.9727],[147.4664,-42.9695],[147.4758,-42.9754],[147.4798,-42.9844],[147.4692,-42.9989],[147.4737,-43.0185],[147.4668,-43.0276],[147.4489,-43.0316],[147.4295,-43.0255],[147.428,-43.0122],[147.4183,-43.0033],[147.4193,-42.9842],[147.4052,-42.9777],[147.4098,-42.9731],[147.4055,-42.9624],[147.402,-42.9735],[147.3929,-42.9754],[147.405,-42.9838],[147.3974,-43.0057],[147.4112,-43.0117],[147.4151,-43.0262],[147.4046,-43.0365],[147.4193,-43.0498],[147.4245,-43.0427],[147.4364,-43.038],[147.4764,-43.0322],[147.4942,-43.0232],[147.5216,-43.0204],[147.5204,-43.0149],[147.5287,-43.0064],[147.5243,-42.9933],[147.5544,-42.9857],[147.5506,-42.9674],[147.535,-42.9568],[147.5369,-42.9411],[147.5259,-42.9257],[147.5158,-42.9245],[147.5128,-42.9161],[147.5027,-42.9168],[147.4958,-42.9113],[147.5017,-42.8908],[147.5118,-42.8762],[147.5042,-42.8671],[147.5066,-42.8621],[147.5304,-42.8472],[147.5584,-42.8389],[147.5883,-42.8381],[147.6137,-42.8456],[147.5963,-42.8297],[147.5804,-42.8254],[147.5194,-42.8266],[147.514,-42.8117],[147.5044,-42.8124],[147.5032,-42.8192],[147.4922,-42.8274],[147.4823,-42.8265],[147.4716,-42.8177],[147.4735,-42.8125],[147.4613,-42.8093],[147.4371,-42.7835],[147.4541,-42.7736],[147.4525,-42.7651],[147.4686,-42.7715],[147.4542,-42.7817],[147.4873,-42.8028],[147.5154,-42.7833],[147.5217,-42.7856],[147.526,-42.8027],[147.5344,-42.8053],[147.539,-42.797],[147.5292,-42.7834],[147.5358,-42.7747],[147.5394,-42.7845],[147.5507,-42.7852],[147.5535,-42.7939],[147.5837,-42.7988],[147.592,-42.797],[147.5966,-42.7855],[147.6028,-42.8039],[147.5956,-42.8069],[147.6028,-42.8223],[147.6088,-42.8238],[147.61,-42.834],[147.6219,-42.8419],[147.6123,-42.8642],[147.6142,-42.8677],[147.6413,-42.8744],[147.6438,-42.8905],[147.6511,-42.8928],[147.6557,-42.8864],[147.6701,-42.8917],[147.6714,-42.8994],[147.6813,-42.9005],[147.6933,-42.8913],[147.7061,-42.894],[147.7239,-42.8865],[147.7293,-42.8984],[147.745,-42.895],[147.7669,-42.905],[147.7711,-42.8994],[147.7915,-42.9021],[147.7926,-42.8923],[147.8033,-42.8925],[147.8154,-42.8988],[147.8218,-42.9075],[147.8236,-42.9181],[147.813,-42.9306],[147.8333,-42.9351],[147.8366,-42.947],[147.8579,-42.9355],[147.8655,-42.9466],[147.8499,-42.9481],[147.8533,-42.9575],[147.8421,-42.957],[147.8314,-42.9648],[147.8118,-42.962],[147.8234,-42.9757],[147.8327,-42.9703],[147.8374,-42.9798],[147.8551,-42.9839],[147.8384,-42.9908],[147.8428,-42.9977],[147.8385,-43.0032],[147.8502,-43.0082],[147.8463,-43.0131],[147.8608,-43.0145],[147.869,-43.0108],[147.8885,-43.0203],[147.872,-43.0231],[147.8628,-43.0357],[147.8642,-43.0506],[147.8604,-43.0553],[147.8559,-43.0416],[147.8493,-43.0357],[147.8356,-43.0413],[147.8447,-43.0552],[147.8376,-43.0603],[147.8266,-43.0555],[147.8139,-43.06],[147.8055,-43.047],[147.7849,-43.048],[147.7736,-43.0547],[147.7669,-43.0331],[147.7597,-43.0442],[147.7495,-43.0435],[147.741,-43.014],[147.7287,-43.0256],[147.7229,-43.0133],[147.7082,-43.007],[147.7159,-42.9905],[147.7252,-42.985],[147.7269,-42.9761],[147.7372,-42.9691],[147.7281,-42.9643],[147.7325,-42.9571],[147.7217,-42.9496],[147.7149,-42.9556],[147.7018,-42.9531],[147.7009,-42.9444],[147.681,-42.9342],[147.6675,-42.9384],[147.6664,-42.9444],[147.6771,-42.9574],[147.6706,-42.9632],[147.6856,-42.9741],[147.6845,-42.9853],[147.6686,-42.9996],[147.6421,-42.993],[147.627,-42.9985],[147.6187,-43.0083],[147.623,-43.0358],[147.628,-43.0405],[147.6232,-43.0654],[147.6278,-43.0738],[147.6426,-43.0768],[147.6513,-43.0893],[147.672,-43.0866],[147.6779,-43.0978],[147.6856,-43.1024],[147.7012,-43.0975],[147.7125,-43.1014],[147.7324,-43.0915],[147.7411,-43.0962],[147.7464,-43.1114],[147.7309,-43.1003],[147.7253,-43.1065],[147.7358,-43.1133],[147.7321,-43.1245],[147.7055,-43.1218],[147.6929,-43.1324],[147.69,-43.1414],[147.6981,-43.1455],[147.6962,-43.1536],[147.7013,-43.1601],[147.6953,-43.169],[147.7055,-43.1785],[147.7156,-43.1784],[147.711,-43.1911],[147.7172,-43.1983],[147.7215,-43.1928],[147.7339,-43.2002],[147.746,-43.1975],[147.7442,-43.205],[147.7523,-43.2088],[147.7633,-43.2064],[147.7768,-43.2132],[147.7825,-43.2206],[147.7812,-43.2325],[147.7979,-43.2391],[147.8003,-43.2306],[147.7974,-43.2174],[147.8073,-43.2082],[147.8182,-43.2057],[147.8234,-43.1966],[147.8383,-43.1951],[147.8431,-43.188],[147.8652,-43.206],[147.8739,-43.2069],[147.8665,-43.1975],[147.8756,-43.191],[147.8657,-43.1827],[147.8581,-43.1858],[147.8528,-43.1806],[147.8564,-43.1721],[147.8707,-43.1635],[147.8706,-43.1536],[147.8604,-43.1643],[147.8458,-43.1548],[147.8567,-43.1439],[147.8577,-43.1295],[147.8503,-43.1237],[147.8634,-43.108],[147.8634,-43.1221],[147.8691,-43.1307],[147.8813,-43.123],[147.8868,-43.124],[147.8882,-43.1415],[147.8948,-43.1549],[147.8919,-43.1595],[147.8959,-43.1904],[147.9163,-43.1893],[147.9309,-43.1981],[147.9444,-43.1943],[147.9497,-43.2041],[147.9493,-43.2151],[147.9777,-43.2183],[147.9843,-43.2235],[147.9943,-43.2217],[148.0014,-43.2274],[148.0109,-43.2212],[147.9742,-43.2034],[147.9635,-43.191],[147.9642,-43.1835],[147.9794,-43.1682],[147.9834,-43.1561],[147.9908,-43.1539],[148.0054,-43.1386],[147.9917,-43.1407],[147.9831,-43.1355],[147.9714,-43.1349],[147.9638,-43.1424],[147.9546,-43.1366],[147.9551,-43.1255],[147.9797,-43.1232],[147.9803,-43.107],[147.9683,-43.0991],[147.9649,-43.0842],[147.9546,-43.07],[147.9554,-43.0647],[147.9457,-43.0586],[147.9538,-43.0519],[147.9521,-43.0391],[147.9284,-43.0296],[147.9259,-43.0186],[147.9348,-43.007],[147.952,-43.0009],[147.9621,-42.9836],[147.9772,-42.9826],[148.0002,-42.9638],[147.988,-42.9504],[147.985,-42.9407],[147.9961,-42.9288],[147.9991,-42.9134],[147.9863,-42.9002],[147.9843,-42.89],[147.9736,-42.8829],[147.9581,-42.8817],[147.9727,-42.8732],[147.9715,-42.8642],[147.9443,-42.8772],[147.9384,-42.8763],[147.9225,-42.8638],[147.9224,-42.8513],[147.9063,-42.8424],[147.8923,-42.8426],[147.8697,-42.8732],[147.9053,-42.8824],[147.902,-42.899],[147.8759,-42.8879],[147.8709,-42.8936],[147.8543,-42.8894],[147.8196,-42.8949]]]]}},
{"type":"Feature","id":"TAS_PW007","properties":{"aac":"TAS_PW007","name":"Upper Derwent Valley","state":"tas","type":"forecast district","source":"IDM00001"},"geometry":{"type":"Polygon","coordinates":[[[147.1457,-42.5568],[147.1581,-42.4582],[147.1257,-42.4712],[147.082,-42.4712],[147.0383,-42.4648],[146.9373,-42.4074],[146.8999,-42.3638],[146.8389,-42.3369],[146.7543,-42.3266],[146.6011,-42.3206],[146.5426,-42.351],[146.4704,-42.3201],[146.444,-42.3364],[146.4188,-42.3631],[146.4573,-42.3983],[146.4904,-42.4159],[146.4539,-42.4475],[146.4654,-42.4654],[146.5163,-42.5027],[146.5564,-42.4825],[146.6012,-42.5067],[146.6284,-42.5448],[146.662,-42.5764],[146.684,-42.6635],[146.6839,-42.6949],[146.7164,-42.7061],[146.7577,-42.7044],[146.7828,-42.7118],[146.789,-42.7285],[146.7951,-42.7692],[146.7809,-42.7803],[146.7519,-42.7955],[146.6993,-42.8087],[146.6817,-42.8631],[146.7023,-42.8994],[146.7241,-42.9723],[146.7223,-43.0025],[146.9168,-42.9826],[146.9527,-42.9578],[146.9654,-42.926],[146.9707,-42.9027],[146.978,-42.8957],[147.0286,-42.9004],[147.037,-42.8926],[147.0464,-42.874],[147.0612,-42.8601],[147.0948,-42.8492],[147.1369,-42.8437],[147.1568,-42.8057],[147.1669,-42.6808],[147.1543,-42.6436],[147.1457,-42.5568]]]}},
{"type":"Feature","id":"TAS_PW008","properties":{"aac":"TAS_PW008","name":"Central Plateau","state":"tas","type":"forecast district","source":"IDM00001"},"geometry":{"type":"Polygon","coordinates":[[[146.7807,-41.7043],[146.7785,-41.7134],[146.7603,-41.7062],[146.7441,-41.7048],[146.7395,-41.6969],[146.7262,-41.6917],[146.705,-41.6989],[146.6899,-41.6952],[146.6881,-41.7035],[146.6797,-41.7084],[146.6813,-41.7193],[146.6613,-41.7251],[146.6486,-41.7219],[146.6382,-41.7316],[146.6293,-41.7284],[146.6197,-41.731],[146.6145,-41.7382],[146.5981,-41.7296],[146.5786,-41.7343],[146.5682,-41.7273],[146.5405,-41.7302],[146.5407,-41.7148],[146.5444,-41.7092],[146.5352,-41.6975],[146.5406,-41.6939],[146.5647,-41.6962],[146.5729,-41.687],[146.5643,-41.6715],[146.5499,-41.6553],[146.5409,-41.6527],[146.5142,-41.6586],[146.4953,-41.6743],[146.4699,-41.6782],[146.46,-41.6712],[146.4634,-41.6654],[146.453,-41.6505],[146.4415,-41.6477],[146.4266,-41.6518],[146.4068,-41.6383],[146.4021,-41.6311],[146.3816,-41.6249],[146.3775,-41.6173],[146.3665,-41.6163],[146.3489,-41.6053],[146.2987,-41.5917],[146.2759,-41.5868],[146.1782,-41.5399],[146.1391,-41.5326],[146.1151,-41.5099],[146.0839,-41.476],[146.0563,-41.4533],[146.0025,-41.4353],[145.9301,-41.4135],[145.8541,-41.3931],[145.8243,-41.3437],[145.7698,-41.3239],[145.7308,-41.3311],[145.6792,-41.3578],[145.6767,-41.3777],[145.6582,-41.396],[145.633,-41.4139],[145.6197,-41.4204],[145.6076,-41.4327],[145.626,-41.4475],[145.6357,-41.4792],[145.6608,-41.5057],[145.6613,-41.5391],[145.6833,-41.5655],[145.6948,-41.6126],[145.6611,-41.6735],[145.6549,-41.7016],[145.6525,-41.7289],[145.6554,-41.7669],[145.6717,-41.8217],[145.6785,-41.8727],[145.689,-41.9159],[145.6978,-41.9694],[145.7176,-42.0124],[145.7302,-42.0489],[145.7721,-42.0894],[145.8108,-42.1052],[145.8728,-42.1149],[145.9155,-42.1153],[145.9568,-42.1221],[145.9977,-42.1579],[146.024,-42.1936],[146.0222,-42.2327],[146.0386,-42.2783],[146.054,-42.3076],[146.1231,-42.3509],[146.1753,-42.3813],[146.2363,-42.4026],[146.2839,-42.4156],[146.3338,-42.4496],[146.4048,-42.4591],[146.4539,-42.4475],[146.4904,-42.4159],[146.4573,-42.3983],[146.4188,-42.3631],[146.444,-42.3364],[146.4704,-42.3201],[146.5426,-42.351],[146.6011,-42.3206],[146.7543,-42.3266],[146.8389,-42.3369],[146.8999,-42.3638],[146.9373,-42.4074],[147.0383,-42.4648],[147.082,-42.4712],[147.1257,-42.4712],[147.1581,-42.4582],[147.1518,-42.4212],[147.1554,-42.3915],[147.199,-42.3535],[147.2361,-42.2831],[147.2771,-42.2617],[147.2957,-42.2477],[147.3168,-42.2458],[147.3342,-42.2356],[147.3478,-42.2409],[147.3646,-42.233],[147.3744,-42.215],[147.3632,-42.2085],[147.3513,-42.1924],[147.3494,-42.1855],[147.2993,-42.172],[147.2922,-42.1623],[147.2746,-42.1633],[147.2868,-42.1529],[147.2813,-42.1433],[147.2798,-42.1273],[147.2634,-42.1079],[147.257,-42.1084],[147.2507,-42.0964],[147.2564,-42.0903],[147.2541,-42.0812],[147.2418,-42.0648],[147.2488,-42.0584],[147.2476,-42.0473],[147.2268,-42.0274],[147.2209,-41.9981],[147.1952,-41.9622],[147.1948,-41.9441],[147.1721,-41.9094],[147.1596,-41.9023],[147.141,-41.909],[147.1248,-41.9233],[147.1142,-41.9279],[147.0943,-41.9245],[147.0624,-41.908],[147.0562,-41.899],[147.0258,-41.8893],[147.024,-41.883],[147.0044,-41.8848],[146.9926,-41.868],[146.9923,-41.8501],[146.9891,-41.8411],[146.9727,-41.833],[146.9368,-41.8271],[146.9205,-41.8279],[146.9004,-41.8133],[146.8905,-41.804],[146.8688,-41.8],[146.8775,-41.7894],[146.8749,-41.7813],[146.8664,-41.775],[146.8567,-41.7744],[146.8401,-41.7675],[146.8654,-41.7587],[146.8742,-41.7496],[146.8568,-41.7428],[146.8629,-41.7254],[146.8603,-41.7168],[146.8475,-41.7074],[146.8404,-41.6972],[146.8284,-41.6924],[146.7996,-41.6926],[146.7987,-41.699],[146.7807,-41.7043]],[[146.6945,-41.7871],[146.7052,-41.791],[146.7083,-41.7816],[146.7355,-41.7794],[146.7308,-41.8021],[146.7427,-41.8137],[146.7653,-41.8122],[146.7712,-41.832],[146.7848,-41.827],[146.8034,-41.8309],[146.8094,-41.8228],[146.827,-41.8224],[146.8334,-41.8523],[146.8259,-41.852],[146.8183,-41.8648],[146.825,-41.8748],[146.8155,-41.8822],[146.8016,-41.8719],[146.7714,-41.8772],[146.7558,-41.876],[146.7627,-41.8826],[146.7828,-41.8804],[146.7874,-41.8847],[146.7902,-41.906],[146.7814,-41.9187],[146.7773,-41.9361],[146.7806,-41.9484],[146.7989,-41.9507],[146.796,-41.9577],[146.7995,-41.967],[146.7923,-41.9734],[146.7819,-41.961],[146.7706,-41.9587],[146.7596,-41.9718],[146.7472,-41.9784],[146.7227,-41.9795],[146.7076,-41.9888],[146.6976,-41.9834],[146.689,-41.9893],[146.6806,-41.9817],[146.6873,-41.9675],[146.7057,-41.9718],[146.7153,-41.9697],[146.6826,-41.9557],[146.69,-41.9533],[146.6878,-41.9406],[146.695,-41.9398],[146.6894,-41.9304],[146.691,-41.9211],[146.7001,-41.9223],[146.7077,-41.9167],[146.6975,-41.9094],[146.6985,-41.8845],[146.7096,-41.8881],[146.7193,-41.8863],[146.7092,-41.867],[146.6808,-41.8337],[146.6759,-41.8144],[146.6848,-41.8089],[146.6823,-41.7951],[146.6955,-41.7924],[146.6945,-41.7871]],[[146.902,-41.9736],[146.9063,-41.9674],[146.8979,-41.9317],[146.9055,-41.9129],[146.9134,-41.9175],[146.908,-41.929],[146.9145,-41.9352],[146.9314,-41.9326],[146.9408,-41.9368],[146.9483,-41.9335],[146.9639,-41.9409],[146.9678,-41.9501],[146.9813,-41.95],[146.9725,-41.9697],[146.9748,-41.9884],[146.9569,-42.0036],[146.9519,-42.0151],[146.9432,-42.0231],[146.9266,-42.0271],[146.9199,-42.0318],[146.9147,-42.0225],[146.8953,-42.0311],[146.8907,-42.0266],[146.8901,-42.013],[146.8838,-42.0093],[146.8888,-42.0006],[146.8712,-41.9997],[146.86,-41.9946],[146.8763,-41.9681],[146.902,-41.9736]],[[147.1494,-42.1009],[147.1354,-42.1159],[147.1129,-42.1142],[147.1056,-42.1055],[147.1254,-42.0695],[147.1332,-42.0636],[147.1482,-42.0653],[147.1567,-42.0766],[147.1816,-42.0729],[147.2041,-42.0757],[147.234,-42.0943],[147.2327,-42.0997],[147.2206,-42.1103],[147.2006,-42.1142],[147.1993,-42.1285],[147.1899,-42.127],[147.1883,-42.1449],[147.1723,-42.1439],[147.1696,-42.1322],[147.1637,-42.1299],[147.146,-42.1377],[147.1312,-42.1311],[147.1159,-42.1333],[147.1147,-42.1215],[147.1361,-42.1222],[147.1419,-42.1289],[147.1541,-42.1053],[147.1494,-42.1009]],[[147.1467,-42.1537],[147.1536,-42.1391],[147.1685,-42.1425],[147.1718,-42.1526],[147.1926,-42.1599],[147.199,-42.1712],[147.1872,-42.1835],[147.1949,-42.1986],[147.1904,-42.2042],[147.169,-42.2063],[147.1579,-42.1987],[147.1447,-42.1816],[147.1447,-42.1756],[147.1555,-42.1662],[147.1493,-42.1632],[147.1467,-42.1537]]]}},
{"type":"Feature","id":"TAS_PW009","properties":{"aac":"TAS_PW009","name":"Western","state":"tas","type":"forecast district","source":"IDM00001"},"geometry":{"type":"MultiPolygon","coordinates":[[[[146.268,-43.6578],[146.2734,-43.6585],[146.2872,-43.6521],[146.2765,-43.6366],[146.268,-43.6578]]],[[[146.3424,-43.604],[146.3567,-43.6074],[146.377,-43.5988],[146.3769,-43.5863],[146.339,-43.5901],[146.3424,-43.604]]],[[[146.2618,-43.0116],[146.2692,-43.0168],[146.2868,-43.0154],[146.2912,-43.0117],[146.2904,-42.9993],[146.2768,-42.9937],[146.2658,-42.9993],[146.2618,-43.0116]]],[[[146.2117,-42.9674],[146.2478,-42.9736],[146.2632,-42.9687],[146.2881,-42.9685],[146.2961,-42.9587],[146.2813,-42.949],[146.248,-42.9467],[146.2349,-42.9499],[146.2117,-42.9674]]],[[[146.2491,-42.7805],[146.263,-42.7726],[146.2617,-42.761],[146.2498,-42.752],[146.2408,-42.7572],[146.2423,-42.7772],[146.2491,-42.7805]]],[[[145.626,-41.4475],[145.6076,-41.4327],[145.5051,-41.4008],[145.4206,-41.4013],[145.3794,-41.3773],[145.2328,-41.3317],[145.1264,-41.3229],[145.0959,-41.3055],[145.0443,-41.2971],[144.8819,-41.2636],[144.8196,-41.2694],[144.7259,-41.2676],[144.7183,-41.2523],[144.6855,-41.2353],[144.6888,-41.244],[144.71,-41.2609],[144.7124,-41.2817],[144.7206,-41.2874],[144.7204,-41.2998],[144.7421,-41.3111],[144.7366,-41.3173],[144.7393,-41.3254],[144.7629,-41.3419],[144.776,-41.3609],[144.7828,-41.3861],[144.7813,-41.4005],[144.7713,-41.4114],[144.7574,-41.4093],[144.7472,-41.4209],[144.7595,-41.4249],[144.7672,-41.4337],[144.7794,-41.4366],[144.79,-41.4473],[144.7947,-41.462],[144.8122,-41.4775],[144.8162,-41.4918],[144.8331,-41.5071],[144.889,-41.5893],[144.9057,-41.6272],[144.8982,-41.639],[144.9067,-41.6415],[144.9091,-41.6553],[144.9265,-41.6687],[144.9282,-41.6751],[144.9111,-41.6862],[144.9206,-41.714],[144.9337,-41.7245],[144.9481,-41.7172],[144.967,-41.7252],[144.9932,-41.7517],[144.9973,-41.7623],[145.0089,-41.7712],[145.0086,-41.7841],[145.0252,-41.8042],[145.0345,-41.8069],[145.0683,-41.8369],[145.0732,-41.8547],[145.1215,-41.8903],[145.1279,-41.9029],[145.1526,-41.914],[145.1577,-41.9237],[145.1736,-41.9282],[145.1807,-41.9391],[145.1904,-41.9453],[145.2472,-42.0395],[145.2629,-42.0995],[145.2639,-42.1467],[145.2561,-42.1812],[145.2266,-42.2126],[145.2259,-42.2199],[145.2484,-42.221],[145.2698,-42.2326],[145.2877,-42.2294],[145.2882,-42.2086],[145.277,-42.2093],[145.2688,-42.2021],[145.283,-42.186],[145.294,-42.1797],[145.3186,-42.1759],[145.3119,-42.1609],[145.3147,-42.1543],[145.3262,-42.1587],[145.3309,-42.1742],[145.3386,-42.1672],[145.358,-42.175],[145.3619,-42.1878],[145.3571,-42.2025],[145.3726,-42.2028],[145.3643,-42.2097],[145.372,-42.2258],[145.3611,-42.2341],[145.367,-42.2413],[145.3655,-42.2516],[145.3774,-42.2516],[145.4038,-42.281],[145.4228,-42.2901],[145.4329,-42.3144],[145.4635,-42.3241],[145.4676,-42.3463],[145.4781,-42.349],[145.4806,-42.364],[145.4928,-42.3558],[145.4802,-42.3478],[145.488,-42.3415],[145.4975,-42.3429],[145.4906,-42.3359],[145.4934,-42.3226],[145.4999,-42.3326],[145.518,-42.3391],[145.5186,-42.3483],[145.5277,-42.3604],[145.5204,-42.3678],[145.5037,-42.3632],[145.5133,-42.3738],[145.5305,-42.3731],[145.5339,-42.363],[145.5446,-42.3524],[145.5585,-42.3568],[145.5561,-42.3643],[145.544,-42.3705],[145.5448,-42.3825],[145.5508,-42.3877],[145.5388,-42.3872],[145.5342,-42.4091],[145.5205,-42.4193],[145.5267,-42.4234],[145.5162,-42.4327],[145.506,-42.4356],[145.4948,-42.4289],[145.4911,-42.4221],[145.4577,-42.4366],[145.4668,-42.4398],[145.4788,-42.4799],[145.4732,-42.5005],[145.4784,-42.5059],[145.4805,-42.5299],[145.4663,-42.5192],[145.4623,-42.4996],[145.4663,-42.4871],[145.4597,-42.4582],[145.447,-42.4379],[145.4467,-42.4297],[145.4528,-42.4049],[145.4435,-42.4018],[145.4356,-42.3863],[145.4113,-42.3705],[145.3937,-42.3748],[145.3705,-42.3542],[145.366,-42.3556],[145.3526,-42.3441],[145.3324,-42.3389],[145.3319,-42.3307],[145.3111,-42.3207],[145.3124,-42.2989],[145.317,-42.2881],[145.3073,-42.2959],[145.2933,-42.2956],[145.2896,-42.2829],[145.2728,-42.2842],[145.2671,-42.2911],[145.2548,-42.2889],[145.2505,-42.2816],[145.2559,-42.2674],[145.2368,-42.263],[145.2331,-42.2484],[145.236,-42.2447],[145.2205,-42.2418],[145.225,-42.2287],[145.2148,-42.2192],[145.2144,-42.2116],[145.1984,-42.2063],[145.1975,-42.1976],[145.1788,-42.1938],[145.1678,-42.1969],[145.1761,-42.2063],[145.1903,-42.2077],[145.1872,-42.2209],[145.1941,-42.2275],[145.191,-42.2424],[145.2068,-42.2543],[145.2149,-42.2792],[145.2113,-42.2861],[145.2133,-42.2993],[145.1955,-42.3122],[145.1972,-42.3276],[145.2249,-42.3563],[145.2168,-42.3659],[145.2295,-42.3714],[145.2253,-42.3864],[145.2376,-42.3921],[145.2354,-42.4006],[145.2451,-42.4345],[145.254,-42.4376],[145.2548,-42.4476],[145.2457,-42.4649],[145.2369,-42.4719],[145.2458,-42.4838],[145.2551,-42.4878],[145.262,-42.5032],[145.2611,-42.5154],[145.2536,-42.5215],[145.2672,-42.5284],[145.2669,-42.5349],[145.2762,-42.5507],[145.2813,-42.5525],[145.2782,-42.5627],[145.2885,-42.5689],[145.3034,-42.5707],[145.2982,-42.5939],[145.3006,-42.6006],[145.2817,-42.6145],[145.2642,-42.6125],[145.2631,-42.6202],[145.271,-42.6288],[145.2852,-42.6306],[145.2896,-42.6225],[145.3122,-42.6203],[145.3255,-42.6298],[145.3308,-42.6282],[145.337,-42.6366],[145.3306,-42.6456],[145.3358,-42.655],[145.3486,-42.6508],[145.3666,-42.657],[145.366,-42.6872],[145.3738,-42.6937],[145.3839,-42.727],[145.3939,-42.7236],[145.3905,-42.7407],[145.3804,-42.7516],[145.3837,-42.7689],[145.3957,-42.7757],[145.4081,-42.7773],[145.4227,-42.8141],[145.4256,-42.8374],[145.4306,-42.8502],[145.4372,-42.8543],[145.4394,-42.8667],[145.4365,-42.8736],[145.4544,-42.8918],[145.46,-42.9048],[145.4712,-42.9053],[145.4842,-42.9154],[145.4836,-42.9284],[145.4918,-42.9337],[145.4992,-42.9502],[145.4926,-42.9555],[145.4985,-42.9627],[145.4955,-42.9731],[145.5046,-42.9765],[145.5006,-42.9866],[145.5161,-42.9805],[145.5321,-42.9826],[145.5619,-42.9706],[145.5912,-42.9725],[145.6028,-42.9968],[145.6127,-43.0036],[145.6127,-43.0099],[145.6395,-43.0244],[145.6494,-43.0482],[145.6621,-43.0439],[145.6867,-43.0539],[145.6869,-43.0658],[145.6759,-43.0709],[145.6713,-43.0812],[145.6783,-43.0904],[145.6697,-43.0972],[145.6758,-43.1031],[145.6857,-43.1016],[145.6953,-43.1174],[145.7024,-43.1193],[145.7195,-43.1095],[145.7323,-43.1135],[145.7262,-43.1222],[145.7258,-43.1368],[145.7346,-43.1369],[145.7419,-43.1428],[145.7464,-43.155],[145.7592,-43.1648],[145.7568,-43.1717],[145.7628,-43.1927],[145.77,-43.1856],[145.7958,-43.1911],[145.7904,-43.1982],[145.8062,-43.209],[145.8012,-43.2237],[145.8096,-43.2281],[145.8056,-43.2352],[145.8082,-43.2492],[145.8184,-43.2493],[145.8159,-43.2667],[145.8202,-43.2797],[145.8308,-43.2814],[145.8304,-43.2873],[145.842,-43.2929],[145.8525,-43.2929],[145.8524,-43.3064],[145.8593,-43.3162],[145.8717,-43.322],[145.8796,-43.3109],[145.8964,-43.3134],[145.9003,-43.3004],[145.9283,-43.3004],[145.9214,-43.2918],[145.9277,-43.2723],[145.9255,-43.2672],[145.9062,-43.2666],[145.8988,-43.2823],[145.8825,-43.2893],[145.8738,-43.2859],[145.8655,-43.2765],[145.8767,-43.2718],[145.871,-43.2648],[145.874,-43.2583],[145.8987,-43.2636],[145.9098,-43.2474],[145.9283,-43.247],[145.9254,-43.2247],[145.919,-43.2158],[145.9323,-43.2114],[145.9477,-43.2253],[145.948,-43.2295],[145.9675,-43.2279],[145.9772,-43.2329],[145.97,-43.2478],[145.9737,-43.2512],[145.9689,-43.2664],[145.9756,-43.2692],[145.9707,-43.2784],[145.9573,-43.2789],[145.9661,-43.2859],[145.9641,-43.2913],[145.9699,-43.3023],[145.9834,-43.3047],[145.9815,-43.3156],[145.985,-43.3223],[146.0054,-43.32],[146.0057,-43.3314],[146.0271,-43.3383],[146.03,-43.3427],[146.0406,-43.3335],[146.0521,-43.3369],[146.0604,-43.3292],[146.0497,-43.3214],[146.0537,-43.3104],[146.0633,-43.3039],[146.0713,-43.31],[146.0718,-43.3224],[146.0842,-43.3397],[146.097,-43.3408],[146.1135,-43.3483],[146.1318,-43.3489],[146.1374,-43.3451],[146.1422,-43.3226],[146.1587,-43.312],[146.1527,-43.304],[146.1707,-43.2922],[146.1772,-43.2985],[146.1734,-43.3153],[146.178,-43.3265],[146.1826,-43.3267],[146.1862,-43.3157],[146.198,-43.3175],[146.2113,-43.3305],[146.2178,-43.3223],[146.2304,-43.3255],[146.2242,-43.3332],[146.2282,-43.3613],[146.2159,-43.3658],[146.2271,-43.376],[146.2282,-43.3849],[146.2175,-43.386],[146.2098,-43.3736],[146.2094,-43.3646],[146.1837,-43.3606],[146.1674,-43.3615],[146.1625,-43.3655],[146.1691,-43.3795],[146.1597,-43.3921],[146.1513,-43.3873],[146.1488,-43.3778],[146.1407,-43.3757],[146.1305,-43.3658],[146.1315,-43.3556],[146.1095,-43.3522],[146.108,-43.3489],[146.0894,-43.3507],[146.0756,-43.3493],[146.0607,-43.3426],[146.0608,-43.3465],[146.0925,-43.3648],[146.0908,-43.3705],[146.0731,-43.3666],[146.0765,-43.3593],[146.0679,-43.3535],[146.0435,-43.3463],[146.0043,-43.3452],[145.9887,-43.3296],[145.9829,-43.3331],[145.9764,-43.3487],[145.9797,-43.3527],[145.9912,-43.3488],[145.9931,-43.364],[146,-43.368],[145.9954,-43.3777],[145.9986,-43.385],[145.9894,-43.3948],[145.9852,-43.3861],[145.994,-43.374],[145.9886,-43.3613],[145.9788,-43.3559],[145.9723,-43.3695],[145.9543,-43.36],[145.9486,-43.3706],[145.935,-43.3701],[145.9331,-43.3773],[145.9237,-43.3817],[145.9351,-43.39],[145.9495,-43.381],[145.9652,-43.3817],[145.9775,-43.3963],[145.9725,-43.4032],[145.9982,-43.4067],[146.0004,-43.4326],[146.0182,-43.4542],[146.0159,-43.4595],[146.0289,-43.4635],[146.0322,-43.4689],[146.0286,-43.4888],[146.043,-43.5084],[146.0365,-43.5213],[146.0416,-43.5314],[146.0349,-43.5398],[146.0371,-43.5514],[146.0303,-43.5697],[146.0343,-43.5703],[146.0466,-43.5527],[146.0701,-43.5558],[146.0813,-43.5408],[146.0913,-43.5432],[146.095,-43.5561],[146.1102,-43.557],[146.1076,-43.5442],[146.1088,-43.5275],[146.137,-43.518],[146.1483,-43.5284],[146.1433,-43.5044],[146.1589,-43.5032],[146.1624,-43.5164],[146.1773,-43.5106],[146.1846,-43.5323],[146.1995,-43.5395],[146.2123,-43.5335],[146.2107,-43.5076],[146.2154,-43.4966],[146.2248,-43.4916],[146.252,-43.4897],[146.2737,-43.4984],[146.2768,-43.5041],[146.27,-43.5126],[146.2695,-43.5259],[146.287,-43.5356],[146.2886,-43.5438],[146.3164,-43.5365],[146.3233,-43.5236],[146.3442,-43.5149],[146.3646,-43.5178],[146.3674,-43.5307],[146.3742,-43.5348],[146.3923,-43.5302],[146.4072,-43.5397],[146.4107,-43.5356],[146.4425,-43.5378],[146.4538,-43.5346],[146.4614,-43.5424],[146.4701,-43.5422],[146.4748,-43.5351],[146.4903,-43.5426],[146.4981,-43.53],[146.5074,-43.5246],[146.5296,-43.5307],[146.5428,-43.5243],[146.5949,-43.5448],[146.6027,-43.5522],[146.5972,-43.559],[146.6103,-43.56],[146.6068,-43.5682],[146.6185,-43.5627],[146.6288,-43.5657],[146.6438,-43.5797],[146.6563,-43.5834],[146.6534,-43.5967],[146.66,-43.6065],[146.6702,-43.5947],[146.6861,-43.5967],[146.698,-43.6249],[146.7056,-43.6323],[146.7117,-43.6263],[146.6877,-43.5668],[146.6698,-43.5169],[146.6958,-43.4874],[146.715,-43.4207],[146.7171,-43.278],[146.686,-43.2336],[146.7143,-43.1394],[146.7223,-43.0025],[146.7241,-42.9723],[146.7023,-42.8994],[146.6817,-42.8631],[146.6993,-42.8087],[146.7519,-42.7955],[146.7809,-42.7803],[146.7951,-42.7692],[146.789,-42.7285],[146.7828,-42.7118],[146.7577,-42.7044],[146.7164,-42.7061],[146.6839,-42.6949],[146.684,-42.6635],[146.662,-42.5764],[146.6284,-42.5448],[146.6012,-42.5067],[146.5564,-42.4825],[146.5163,-42.5027],[146.4654,-42.4654],[146.4539,-42.4475],[146.4048,-42.4591],[146.3338,-42.4496],[146.2839,-42.4156],[146.2363,-42.4026],[146.1753,-42.3813],[146.1231,-42.3509],[146.054,-42.3076],[146.0386,-42.2783],[146.0222,-42.2327],[146.024,-42.1936],[145.9977,-42.1579],[145.9568,-42.1221],[145.9155,-42.1153],[145.8728,-42.1149],[145.8108,-42.1052],[145.7721,-42.0894],[145.7302,-42.0489],[145.7176,-42.0124],[145.6978,-41.9694],[145.689,-41.9159],[145.6785,-41.8727],[145.6717,-41.8217],[145.6554,-41.7669],[145.6525,-41.7289],[145.6549,-41.7016],[145.6611,-41.6735],[145.6948,-41.6126],[145.6833,-41.5655],[145.6613,-41.5391],[145.6608,-41.5057],[145.6357,-41.4792],[145.626,-41.4475]],[[146.0939,-42.6177],[146.086,-42.6147],[146.0864,-42.591],[146.0994,-42.586],[146.1074,-42.577],[146.115,-42.587],[146.1051,-42.5938],[146.1043,-42.6119],[146.0975,-42.6256],[146.0977,-42.6805],[146.1056,-42.6866],[146.1075,-42.6645],[146.1133,-42.6842],[146.119,-42.6858],[146.1229,-42.6686],[146.1271,-42.6647],[146.1302,-42.6758],[146.1243,-42.6796],[146.1257,-42.6908],[146.1317,-42.6889],[146.1387,-42.6735],[146.1475,-42.6917],[146.1639,-42.682],[146.1608,-42.6733],[146.1689,-42.6503],[146.1678,-42.6288],[146.1782,-42.5974],[146.194,-42.604],[146.2109,-42.5889],[146.2088,-42.6024],[146.2118,-42.6097],[146.2191,-42.6077],[146.2184,-42.6202],[146.2101,-42.6231],[146.2067,-42.6325],[146.2144,-42.6363],[146.2242,-42.629],[146.2265,-42.6445],[146.2369,-42.6234],[146.2567,-42.6139],[146.2576,-42.6356],[146.2743,-42.6502],[146.2668,-42.6543],[146.2463,-42.6556],[146.2405,-42.6644],[146.2299,-42.6584],[146.2271,-42.6488],[146.2191,-42.6577],[146.2257,-42.6683],[146.216,-42.6758],[146.2174,-42.6808],[146.2046,-42.6775],[146.2023,-42.6838],[146.2158,-42.6865],[146.2358,-42.7033],[146.258,-42.6949],[146.2665,-42.6971],[146.2749,-42.7094],[146.2741,-42.7162],[146.2844,-42.7159],[146.2946,-42.7243],[146.2893,-42.7371],[146.2648,-42.7396],[146.2594,-42.7533],[146.2699,-42.7565],[146.2691,-42.7476],[146.2823,-42.7461],[146.286,-42.7583],[146.2933,-42.7591],[146.2985,-42.7765],[146.3258,-42.7905],[146.335,-42.8099],[146.3213,-42.8077],[146.321,-42.815],[146.3116,-42.8164],[146.3017,-42.8057],[146.2908,-42.8151],[146.2802,-42.8055],[146.2786,-42.7936],[146.286,-42.7835],[146.2733,-42.7809],[146.2555,-42.7961],[146.2549,-42.7841],[146.2492,-42.7845],[146.2395,-42.7942],[146.2459,-42.8039],[146.2568,-42.7996],[146.2588,-42.817],[146.2465,-42.8238],[146.2343,-42.8238],[146.2322,-42.8382],[146.2213,-42.8438],[146.2246,-42.849],[146.2179,-42.8578],[146.213,-42.8456],[146.2024,-42.852],[146.2011,-42.8374],[146.209,-42.8367],[146.2166,-42.8279],[146.1975,-42.8276],[146.1901,-42.8173],[146.1778,-42.8103],[146.1737,-42.7916],[146.1524,-42.762],[146.1409,-42.7674],[146.1386,-42.7464],[146.1415,-42.7384],[146.1379,-42.7287],[146.1465,-42.7319],[146.1525,-42.6982],[146.1448,-42.6968],[146.1326,-42.7229],[146.1222,-42.71],[146.1177,-42.6951],[146.1141,-42.7052],[146.105,-42.6908],[146.1001,-42.7026],[146.1062,-42.7169],[146.0989,-42.7175],[146.0917,-42.7086],[146.088,-42.7226],[146.0763,-42.7265],[146.081,-42.7346],[146.0778,-42.742],[146.0858,-42.7504],[146.0848,-42.7609],[146.0753,-42.7519],[146.0719,-42.7423],[146.0687,-42.7087],[146.0628,-42.7181],[146.0511,-42.7221],[146.0534,-42.7517],[146.0482,-42.755],[146.0414,-42.7469],[146.0314,-42.7485],[146.0243,-42.7405],[146.0214,-42.7487],[146.0058,-42.7552],[146.0032,-42.7455],[146.0093,-42.7392],[146.0055,-42.7332],[145.9924,-42.7373],[145.9865,-42.7523],[145.9817,-42.7325],[145.9753,-42.7293],[145.983,-42.7189],[145.9927,-42.7152],[145.9965,-42.7076],[146.0211,-42.7075],[146.0148,-42.6798],[146.0267,-42.6892],[146.0327,-42.688],[146.0216,-42.6605],[146.0169,-42.6324],[146.0221,-42.6277],[146.0417,-42.6248],[146.0511,-42.6177],[146.0525,-42.6226],[146.0354,-42.6489],[146.0462,-42.6647],[146.0465,-42.7124],[146.0511,-42.7179],[146.0597,-42.7152],[146.0654,-42.7057],[146.0697,-42.6764],[146.0779,-42.6737],[146.0804,-42.6667],[146.0734,-42.6648],[146.0751,-42.6393],[146.0802,-42.6246],[146.0941,-42.6274],[146.0939,-42.6177]],[[146.1703,-42.855],[146.1583,-42.8532],[146.1502,-42.8645],[146.1338,-42.8686],[146.1268,-42.8651],[146.1333,-42.8566],[146.1264,-42.8486],[146.1032,-42.8536],[146.0859,-42.8494],[146.082,-42.8522],[146.1149,-42.8828],[146.1254,-42.9087],[146.1363,-42.9111],[146.1464,-42.9065],[146.1563,-42.9168],[146.1391,-42.9244],[146.1373,-42.9288],[146.1679,-42.94],[146.2068,-42.9338],[146.2391,-42.9126],[146.2549,-42.8911],[146.2619,-42.889],[146.2885,-42.8927],[146.3143,-42.9047],[146.3013,-42.915],[146.2907,-42.9174],[146.2905,-42.9265],[146.301,-42.9297],[146.3253,-42.9504],[146.3321,-42.9517],[146.3444,-42.9394],[146.3506,-42.9477],[146.3417,-42.9532],[146.3359,-42.9678],[146.3222,-42.9691],[146.3099,-42.9819],[146.3243,-42.9822],[146.3367,-42.9888],[146.3562,-42.979],[146.3586,-42.9884],[146.3694,-42.9916],[146.3562,-43.0024],[146.3629,-43.0189],[146.3521,-43.0274],[146.3417,-43.0251],[146.3288,-43.0305],[146.3138,-43.0183],[146.298,-43.0154],[146.3031,-43.0282],[146.2756,-43.0297],[146.2674,-43.0396],[146.2451,-43.0366],[146.2451,-43.0284],[146.2353,-43.0349],[146.2151,-43.0347],[146.2153,-43.0246],[146.2209,-43.0172],[146.2199,-43.0022],[146.2238,-42.9985],[146.2106,-42.9938],[146.2106,-42.9752],[146.2008,-42.9687],[146.1883,-42.9669],[146.1564,-42.9717],[146.1265,-42.9702],[146.1287,-42.96],[146.1164,-42.9494],[146.1138,-42.9424],[146.0961,-42.93],[146.0847,-42.9269],[146.0631,-42.9049],[146.0496,-42.9032],[146.0461,-42.8974],[146.0274,-42.8933],[146.0246,-42.8782],[146.0372,-42.8681],[146.0358,-42.852],[146.04,-42.8448],[146.0303,-42.8351],[146.0259,-42.8373],[146.0278,-42.8512],[146.0174,-42.8501],[146.0046,-42.8426],[146.0006,-42.8462],[146.012,-42.8646],[146.0105,-42.8698],[145.9945,-42.857],[145.9824,-42.8237],[146.012,-42.829],[146.0205,-42.8248],[146.0253,-42.8081],[146.0159,-42.8104],[146.0124,-42.8039],[145.9963,-42.796],[145.9927,-42.7903],[145.9843,-42.7921],[145.9846,-42.7686],[145.9923,-42.7702],[145.9976,-42.7945],[146.0091,-42.7984],[146.0104,-42.7903],[146.0241,-42.8006],[146.0257,-42.7769],[146.0328,-42.7946],[146.0346,-42.7865],[146.0505,-42.7684],[146.0605,-42.7876],[146.0582,-42.7937],[146.0669,-42.8028],[146.0696,-42.8143],[146.0782,-42.8151],[146.0856,-42.8306],[146.0997,-42.8454],[146.1105,-42.8422],[146.1076,-42.8355],[146.1113,-42.8263],[146.1224,-42.8238],[146.1269,-42.8375],[146.1367,-42.8371],[146.1405,-42.8425],[146.1547,-42.8413],[146.1756,-42.8503],[146.1703,-42.855]]]]}},
{"type":"Feature","id":"TAS_PW010","properties":{"aac":"TAS_PW010","name":"North West Coast","state":"tas","type":"forecast district","source":"IDM00001"},"geometry":{"type":"MultiPolygon","coordinates":[[[[146.614,-41.2755],[146.5776,-41.2277],[146.5767,-41.2394],[146.5629,-41.238],[146.5652,-41.2276],[146.574,-41.2197],[146.5632,-41.1973],[146.5732,-41.1885],[146.5557,-41.1615],[146.5429,-41.156],[146.5458,-41.1295],[146.534,-41.1185],[146.5224,-41.1342],[146.4776,-41.1557],[146.4234,-41.1627],[146.3952,-41.1731],[146.3803,-41.1692],[146.365,-41.1717],[146.3565,-41.1588],[146.3407,-41.1626],[146.325,-41.154],[146.2908,-41.1608],[146.2588,-41.1521],[146.2519,-41.1586],[146.2297,-41.1593],[146.2009,-41.1507],[146.1856,-41.1534],[146.1695,-41.1503],[146.1612,-41.1413],[146.1296,-41.1353],[146.1275,-41.1252],[146.1194,-41.1191],[146.1039,-41.1207],[146.0779,-41.1154],[146.0644,-41.1026],[146.0485,-41.1019],[146.0436,-41.0973],[146.0136,-41.0889],[146.0049,-41.0794],[145.9604,-41.0626],[145.9248,-41.0663],[145.9095,-41.0573],[145.9115,-41.0488],[145.8856,-41.044],[145.8778,-41.0366],[145.8523,-41.0397],[145.8083,-41.0295],[145.786,-41.0155],[145.7806,-41.0057],[145.768,-40.997],[145.7386,-40.9877],[145.7249,-40.9691],[145.7331,-40.9559],[145.7294,-40.9452],[145.7141,-40.9461],[145.6821,-40.9387],[145.6527,-40.9398],[145.6364,-40.9333],[145.6237,-40.9334],[145.62,-40.9259],[145.5973,-40.9247],[145.5797,-40.9131],[145.5588,-40.9149],[145.5459,-40.9086],[145.5481,-40.9038],[145.522,-40.8872],[145.523,-40.877],[145.5099,-40.8633],[145.516,-40.8576],[145.506,-40.8515],[145.4881,-40.8664],[145.447,-40.8714],[145.4302,-40.8681],[145.4081,-40.8561],[145.3932,-40.8558],[145.3892,-40.8504],[145.3417,-40.8505],[145.3122,-40.8379],[145.2858,-40.797],[145.2921,-40.8219],[145.2846,-40.8306],[145.2854,-40.8202],[145.2713,-40.8127],[145.2671,-40.8002],[145.2895,-40.7663],[145.304,-40.7682],[145.3094,-40.7638],[145.2955,-40.7546],[145.3003,-40.7433],[145.2968,-40.7388],[145.2773,-40.7356],[145.2612,-40.7124],[145.2533,-40.7158],[145.2517,-40.7298],[145.2584,-40.7327],[145.2618,-40.7455],[145.2691,-40.747],[145.2698,-40.7592],[145.2644,-40.7803],[145.2677,-40.7889],[145.2593,-40.8054],[145.2416,-40.8132],[145.2179,-40.8098],[145.2431,-40.801],[145.2508,-40.79],[145.2168,-40.801],[145.191,-40.804],[145.1469,-40.802],[145.1148,-40.7939],[145.1134,-40.801],[145.1367,-40.8037],[145.1403,-40.8087],[145.1546,-40.811],[145.1647,-40.8207],[145.1341,-40.8191],[145.1227,-40.8356],[145.1167,-40.8225],[145.1041,-40.8108],[145.0904,-40.8132],[145.0765,-40.8081],[145.0714,-40.8135],[145.0588,-40.7921],[145.0419,-40.7825],[145.0323,-40.7849],[145.0234,-40.7815],[145.0247,-40.7703],[144.999,-40.7602],[144.9803,-40.743],[144.9702,-40.7511],[144.9388,-40.7551],[144.9239,-40.7662],[144.9184,-40.7554],[144.9071,-40.7504],[144.8812,-40.7487],[144.8519,-40.7385],[144.8407,-40.7425],[144.8398,-40.7218],[144.827,-40.7179],[144.8113,-40.7266],[144.8047,-40.713],[144.7861,-40.7083],[144.7797,-40.7131],[144.7806,-40.7292],[144.7684,-40.7386],[144.7718,-40.7273],[144.7676,-40.7207],[144.7727,-40.708],[144.7652,-40.6978],[144.744,-40.6962],[144.7331,-40.6816],[144.7374,-40.6794],[144.75,-40.6889],[144.7424,-40.6705],[144.7298,-40.6564],[144.7267,-40.6414],[144.7141,-40.6567],[144.6936,-40.6629],[144.6849,-40.6737],[144.6858,-40.679],[144.6981,-40.6896],[144.6862,-40.7038],[144.6796,-40.716],[144.6869,-40.7255],[144.6858,-40.7414],[144.6923,-40.7547],[144.7059,-40.7518],[144.711,-40.7616],[144.7099,-40.7723],[144.699,-40.7827],[144.7069,-40.7938],[144.6977,-40.8113],[144.7037,-40.8156],[144.7016,-40.8239],[144.7127,-40.8343],[144.7142,-40.8501],[144.7093,-40.8609],[144.7001,-40.8618],[144.7073,-40.8685],[144.6879,-40.9043],[144.6783,-40.9093],[144.6499,-40.9002],[144.657,-40.9069],[144.6493,-40.9198],[144.6335,-40.9219],[144.6295,-40.931],[144.6142,-40.9358],[144.6132,-40.9442],[144.6232,-40.9451],[144.6333,-40.9612],[144.6297,-40.9784],[144.633,-40.991],[144.6264,-41.0042],[144.6081,-41.0088],[144.6299,-41.0286],[144.6328,-41.038],[144.6404,-41.0447],[144.6533,-41.0467],[144.6607,-41.0527],[144.661,-41.0598],[144.6725,-41.0781],[144.6778,-41.103],[144.6738,-41.1162],[144.6663,-41.1201],[144.6719,-41.1269],[144.6713,-41.1378],[144.68,-41.1439],[144.6739,-41.1611],[144.6822,-41.1726],[144.6828,-41.1819],[144.6885,-41.1833],[144.6912,-41.1967],[144.6955,-41.1992],[144.6913,-41.2176],[144.6871,-41.22],[144.6893,-41.2317],[144.6855,-41.2353],[144.7183,-41.2523],[144.7259,-41.2676],[144.8196,-41.2694],[144.8819,-41.2636],[145.0443,-41.2971],[145.0959,-41.3055],[145.1264,-41.3229],[145.2328,-41.3317],[145.3794,-41.3773],[145.4206,-41.4013],[145.5051,-41.4008],[145.6076,-41.4327],[145.6197,-41.4204],[145.633,-41.4139],[145.6582,-41.396],[145.6767,-41.3777],[145.6792,-41.3578],[145.7308,-41.3311],[145.7698,-41.3239],[145.8243,-41.3437],[145.8541,-41.3931],[145.9301,-41.4135],[146.0025,-41.4353],[146.0563,-41.4533],[146.0839,-41.476],[146.1151,-41.5099],[146.1391,-41.5326],[146.1782,-41.5399],[146.2759,-41.5868],[146.2987,-41.5917],[146.3489,-41.6053],[146.3665,-41.6163],[146.3775,-41.6173],[146.3816,-41.6249],[146.4021,-41.6311],[146.4068,-41.6383],[146.4266,-41.6518],[146.4415,-41.6477],[146.453,-41.6505],[146.4634,-41.6654],[146.46,-41.6712],[146.4699,-41.6782],[146.4953,-41.6743],[146.5142,-41.6586],[146.5409,-41.6527],[146.5499,-41.6553],[146.5643,-41.6715],[146.5729,-41.687],[146.5647,-41.6962],[146.5406,-41.6939],[146.5352,-41.6975],[146.5444,-41.7092],[146.5407,-41.7148],[146.5405,-41.7302],[146.5682,-41.7273],[146.5786,-41.7343],[146.5981,-41.7296],[146.6145,-41.7382],[146.6197,-41.731],[146.6293,-41.7284],[146.6382,-41.7316],[146.6486,-41.7219],[146.6613,-41.7251],[146.6813,-41.7193],[146.6797,-41.7084],[146.6881,-41.7035],[146.6899,-41.6952],[146.705,-41.6989],[146.7262,-41.6917],[146.7395,-41.6969],[146.7441,-41.7048],[146.7603,-41.7062],[146.7785,-41.7134],[146.7789,-41.7003],[146.7757,-41.6534],[146.7637,-41.589],[146.744,-41.53],[146.7254,-41.4852],[146.7134,-41.4601],[146.6817,-41.4055],[146.6632,-41.3694],[146.649,-41.3334],[146.6359,-41.3094],[146.614,-41.2755]]],[[[144.9525,-40.6327],[144.9683,-40.6583],[144.9385,-40.65],[144.9366,-40.6384],[144.9297,-40.6316],[144.9299,-40.6226],[144.92,-40.6251],[144.9095,-40.6502],[144.8716,-40.6805],[144.8767,-40.7092],[144.8681,-40.7216],[144.8832,-40.7353],[144.8942,-40.7397],[144.9063,-40.7389],[144.9121,-40.7307],[144.9201,-40.7281],[144.9435,-40.7306],[144.9632,-40.7118],[144.9775,-40.7073],[145.0033,-40.7125],[145.0196,-40.7052],[145.0321,-40.7062],[145.0446,-40.7174],[145.0602,-40.717],[145.0683,-40.7123],[145.0563,-40.704],[145.0443,-40.6884],[145.05,-40.6799],[145.0255,-40.6843],[144.9914,-40.669],[144.9795,-40.6604],[144.9555,-40.6307],[144.9525,-40.6327]]],[[[144.7918,-40.5074],[144.7875,-40.4975],[144.793,-40.4785],[144.7858,-40.4701],[144.7916,-40.4644],[144.7894,-40.4256],[144.7933,-40.4168],[144.7909,-40.4039],[144.7858,-40.3986],[144.7852,-40.4176],[144.7762,-40.4248],[144.7662,-40.4512],[144.7729,-40.4652],[144.7567,-40.4853],[144.7472,-40.4892],[144.7321,-40.4884],[144.7254,-40.4791],[144.7118,-40.4828],[144.7122,-40.4914],[144.7191,-40.5003],[144.7099,-40.5089],[144.7227,-40.5168],[144.7212,-40.5243],[144.7337,-40.5495],[144.7264,-40.5662],[144.7372,-40.5932],[144.7483,-40.5966],[144.7584,-40.6054],[144.7684,-40.5973],[144.7768,-40.5811],[144.7708,-40.557],[144.7747,-40.5499],[144.7731,-40.5316],[144.7798,-40.5289],[144.7918,-40.5074]]],[[[144.9258,-40.3912],[144.9139,-40.3967],[144.8878,-40.3884],[144.8807,-40.3937],[144.8846,-40.3988],[144.8757,-40.4007],[144.8854,-40.4074],[144.8794,-40.4208],[144.8575,-40.4335],[144.842,-40.4305],[144.8364,-40.4444],[144.851,-40.4524],[144.8565,-40.4652],[144.8939,-40.4828],[144.913,-40.4806],[144.9375,-40.4669],[144.9427,-40.4594],[144.9519,-40.4598],[144.9474,-40.4524],[144.9491,-40.4378],[144.9701,-40.4254],[144.9578,-40.4141],[144.9622,-40.4021],[144.9552,-40.3913],[144.9422,-40.3974],[144.9258,-40.3912]]]]}},
{"type":"Feature","id":"TAS_PW011","properties":{"aac":"TAS_PW011","name":"King Island","state":"tas","type":"forecast district","source":"IDM00001"},"geometry":{"type":"Polygon","coordinates":[[[143.9837,-39.6008],[143.9774,-39.5936],[143.95,-39.5798],[143.9403,-39.5857],[143.9358,-39.5953],[143.9249,-39.5951],[143.9255,-39.6116],[143.9322,-39.6205],[143.9345,-39.6403],[143.9301,-39.6572],[143.9204,-39.6716],[143.8931,-39.6974],[143.8758,-39.7005],[143.8645,-39.7102],[143.8501,-39.7109],[143.8451,-39.7147],[143.8467,-39.7282],[143.8531,-39.7389],[143.8505,-39.7705],[143.8557,-39.773],[143.8657,-39.8009],[143.8601,-39.8161],[143.8675,-39.8329],[143.8639,-39.8453],[143.8546,-39.851],[143.859,-39.857],[143.8476,-39.8706],[143.8426,-39.8854],[143.8471,-39.8949],[143.8366,-39.9022],[143.8398,-39.9111],[143.8353,-39.9218],[143.8455,-39.9247],[143.8402,-39.9366],[143.8631,-39.9512],[143.8691,-39.9635],[143.8793,-39.9671],[143.8889,-39.9851],[143.8858,-39.9984],[143.8925,-40.0101],[143.8846,-40.0283],[143.8906,-40.0547],[143.8814,-40.0623],[143.8718,-40.0641],[143.8632,-40.0598],[143.8581,-40.0643],[143.8656,-40.0686],[143.8705,-40.0791],[143.8687,-40.0887],[143.8753,-40.0988],[143.8763,-40.1166],[143.8846,-40.1208],[143.9053,-40.1217],[143.9091,-40.128],[143.9011,-40.1382],[143.9137,-40.1438],[143.9255,-40.1572],[143.9306,-40.1471],[143.9221,-40.1335],[143.9414,-40.1235],[143.9472,-40.1148],[143.9623,-40.1093],[143.972,-40.1171],[143.9797,-40.1135],[143.9783,-40.1061],[143.9874,-40.0996],[144.0048,-40.0994],[144.0167,-40.0928],[144.0281,-40.0942],[144.0397,-40.0786],[144.0508,-40.0741],[144.0484,-40.069],[144.0632,-40.063],[144.07,-40.0518],[144.086,-40.0476],[144.0944,-40.0518],[144.1059,-40.0434],[144.1016,-40.0282],[144.116,-40.0178],[144.1132,-40.0076],[144.1281,-39.9927],[144.1259,-39.9881],[144.1323,-39.9777],[144.1382,-39.9327],[144.1358,-39.9251],[144.1113,-39.9131],[144.1052,-39.8897],[144.1074,-39.8646],[144.1183,-39.8501],[144.128,-39.8237],[144.1116,-39.7976],[144.1025,-39.7662],[144.1007,-39.7437],[144.11,-39.6694],[144.0683,-39.643],[144.0562,-39.6329],[144.0526,-39.6249],[144.0137,-39.6093],[144.0043,-39.5981],[143.9955,-39.6025],[143.9837,-39.6008]]]}}
]}
